source_date,symbol,warehouse_receipt,change,unit,status,source,source_url
2026-06-25,A,28611.0,-5.0,交易所披露单位,OK,东方财富期货库存数据,https://data.eastmoney.com/ifdata/kcsj.html
2026-06-26,A,31316.0,2705.0,交易所披露单位,OK,东方财富期货库存数据,https://data.eastmoney.com/ifdata/kcsj.html
2026-06-29,A,33978.0,2662.0,交易所披露单位,OK,东方财富期货库存数据,https://data.eastmoney.com/ifdata/kcsj.html
2026-06-30,A,36818.0,2840.0,交易所披露单位,OK,东方财富期货库存数据,https://data.eastmoney.com/ifdata/kcsj.html
2026-07-01,A,36807.0,-11.0,交易所披露单位,OK,东方财富期货库存数据,https://data.eastmoney.com/ifdata/kcsj.html
2026-07-02,A,36807.0,,交易所披露单位,OK,东方财富期货库存数据,https://data.eastmoney.com/ifdata/kcsj.html
2026-07-03,A,36891.0,84.0,交易所披露单位,OK,东方财富期货库存数据,https://data.eastmoney.com/ifdata/kcsj.html
2026-07-06,A,39111.0,2220.0,交易所披露单位,OK,东方财富期货库存数据,https://data.eastmoney.com/ifdata/kcsj.html
2026-07-07,A,39833.0,722.0,交易所披露单位,OK,东方财富期货库存数据,https://data.eastmoney.com/ifdata/kcsj.html
2026-07-08,A,40042.0,209.0,交易所披露单位,OK,东方财富期货库存数据,https://data.eastmoney.com/ifdata/kcsj.html
2026-07-09,A,40022.0,-20.0,交易所披露单位,OK,东方财富期货库存数据,https://data.eastmoney.com/ifdata/kcsj.html
2026-07-10,A,39891.0,-131.0,交易所披露单位,OK,东方财富期货库存数据,https://data.eastmoney.com/ifdata/kcsj.html
2026-07-13,A,39863.0,-28.0,交易所披露单位,OK,东方财富期货库存数据,https://data.eastmoney.com/ifdata/kcsj.html
2026-07-14,A,39863.0,,交易所披露单位,OK,东方财富期货库存数据,https://data.eastmoney.com/ifdata/kcsj.html
2026-07-15,A,39863.0,,交易所披露单位,OK,东方财富期货库存数据,https://data.eastmoney.com/ifdata/kcsj.html
2026-07-16,A,39863.0,,交易所披露单位,OK,东方财富期货库存数据,https://data.eastmoney.com/ifdata/kcsj.html
2026-07-17,A,40379.0,516.0,交易所披露单位,OK,东方财富期货库存数据,https://data.eastmoney.com/ifdata/kcsj.html
2026-07-20,A,41479.0,1100.0,交易所披露单位,OK,东方财富期货库存数据,https://data.eastmoney.com/ifdata/kcsj.html
2026-07-21,A,42035.0,556.0,交易所披露单位,OK,东方财富期货库存数据,https://data.eastmoney.com/ifdata/kcsj.html
2026-07-22,A,42805.0,770.0,交易所披露单位,OK,东方财富期货库存数据,https://data.eastmoney.com/ifdata/kcsj.html
2026-07-23,A,42805.0,,交易所披露单位,OK,东方财富期货库存数据,https://data.eastmoney.com/ifdata/kcsj.html
2026-07-24,A,42805.0,,交易所披露单位,OK,东方财富期货库存数据,https://data.eastmoney.com/ifdata/kcsj.html
2026-07-27,A,42965.0,160.0,交易所披露单位,OK,东方财富期货库存数据,https://data.eastmoney.com/ifdata/kcsj.html
2026-07-28,A,42965.0,,交易所披露单位,OK,东方财富期货库存数据,https://data.eastmoney.com/ifdata/kcsj.html
2026-07-29,A,43255.0,290.0,交易所披露单位,OK,东方财富期货库存数据,https://data.eastmoney.com/ifdata/kcsj.html
2026-07-30,A,43255.0,,交易所披露单位,OK,东方财富期货库存数据,https://data.eastmoney.com/ifdata/kcsj.html
2026-06-25,AD,33203.0,-40.0,交易所披露单位,OK,东方财富期货库存数据,https://data.eastmoney.com/ifdata/kcsj.html
2026-06-26,AD,32453.0,-750.0,交易所披露单位,OK,东方财富期货库存数据,https://data.eastmoney.com/ifdata/kcsj.html
2026-06-29,AD,30590.0,-1863.0,交易所披露单位,OK,东方财富期货库存数据,https://data.eastmoney.com/ifdata/kcsj.html
2026-06-30,AD,29603.0,-987.0,交易所披露单位,OK,东方财富期货库存数据,https://data.eastmoney.com/ifdata/kcsj.html
2026-07-01,AD,28069.0,-1534.0,交易所披露单位,OK,东方财富期货库存数据,https://data.eastmoney.com/ifdata/kcsj.html
2026-07-02,AD,26562.0,-1507.0,交易所披露单位,OK,东方财富期货库存数据,https://data.eastmoney.com/ifdata/kcsj.html
2026-07-03,AD,25485.0,-1077.0,交易所披露单位,OK,东方财富期货库存数据,https://data.eastmoney.com/ifdata/kcsj.html
2026-07-06,AD,24253.0,-1232.0,交易所披露单位,OK,东方财富期货库存数据,https://data.eastmoney.com/ifdata/kcsj.html
2026-07-07,AD,23237.0,-1016.0,交易所披露单位,OK,东方财富期货库存数据,https://data.eastmoney.com/ifdata/kcsj.html
2026-07-08,AD,22727.0,-510.0,交易所披露单位,OK,东方财富期货库存数据,https://data.eastmoney.com/ifdata/kcsj.html
2026-07-09,AD,22485.0,-242.0,交易所披露单位,OK,东方财富期货库存数据,https://data.eastmoney.com/ifdata/kcsj.html
2026-07-10,AD,22212.0,-273.0,交易所披露单位,OK,东方财富期货库存数据,https://data.eastmoney.com/ifdata/kcsj.html
2026-07-13,AD,21523.0,-689.0,交易所披露单位,OK,东方财富期货库存数据,https://data.eastmoney.com/ifdata/kcsj.html
2026-07-14,AD,21710.0,187.0,交易所披露单位,OK,东方财富期货库存数据,https://data.eastmoney.com/ifdata/kcsj.html
2026-07-15,AD,21196.0,-514.0,交易所披露单位,OK,东方财富期货库存数据,https://data.eastmoney.com/ifdata/kcsj.html
2026-07-16,AD,21105.0,-91.0,交易所披露单位,OK,东方财富期货库存数据,https://data.eastmoney.com/ifdata/kcsj.html
2026-07-17,AD,20805.0,-300.0,交易所披露单位,OK,东方财富期货库存数据,https://data.eastmoney.com/ifdata/kcsj.html
2026-07-20,AD,18698.0,-2107.0,交易所披露单位,OK,东方财富期货库存数据,https://data.eastmoney.com/ifdata/kcsj.html
2026-07-21,AD,18455.0,-243.0,交易所披露单位,OK,东方财富期货库存数据,https://data.eastmoney.com/ifdata/kcsj.html
2026-07-22,AD,18183.0,-272.0,交易所披露单位,OK,东方财富期货库存数据,https://data.eastmoney.com/ifdata/kcsj.html
2026-07-23,AD,18064.0,-119.0,交易所披露单位,OK,东方财富期货库存数据,https://data.eastmoney.com/ifdata/kcsj.html
2026-07-24,AD,17941.0,-123.0,交易所披露单位,OK,东方财富期货库存数据,https://data.eastmoney.com/ifdata/kcsj.html
2026-07-27,AD,17368.0,-573.0,交易所披露单位,OK,东方财富期货库存数据,https://data.eastmoney.com/ifdata/kcsj.html
2026-07-28,AD,17489.0,121.0,交易所披露单位,OK,东方财富期货库存数据,https://data.eastmoney.com/ifdata/kcsj.html
2026-07-29,AD,17341.0,-148.0,交易所披露单位,OK,东方财富期货库存数据,https://data.eastmoney.com/ifdata/kcsj.html
2026-07-30,AD,17731.0,390.0,交易所披露单位,OK,东方财富期货库存数据,https://data.eastmoney.com/ifdata/kcsj.html
2026-06-25,AG,848665.0,-3628.0,交易所披露单位,OK,东方财富期货库存数据,https://data.eastmoney.com/ifdata/kcsj.html
2026-06-26,AG,842985.0,-5680.0,交易所披露单位,OK,东方财富期货库存数据,https://data.eastmoney.com/ifdata/kcsj.html
2026-06-29,AG,825079.0,-17906.0,交易所披露单位,OK,东方财富期货库存数据,https://data.eastmoney.com/ifdata/kcsj.html
2026-06-30,AG,823316.0,-1763.0,交易所披露单位,OK,东方财富期货库存数据,https://data.eastmoney.com/ifdata/kcsj.html
2026-07-01,AG,822698.0,-618.0,交易所披露单位,OK,东方财富期货库存数据,https://data.eastmoney.com/ifdata/kcsj.html
2026-07-02,AG,827902.0,5204.0,交易所披露单位,OK,东方财富期货库存数据,https://data.eastmoney.com/ifdata/kcsj.html
2026-07-03,AG,834714.0,6812.0,交易所披露单位,OK,东方财富期货库存数据,https://data.eastmoney.com/ifdata/kcsj.html
2026-07-06,AG,833519.0,-1195.0,交易所披露单位,OK,东方财富期货库存数据,https://data.eastmoney.com/ifdata/kcsj.html
2026-07-07,AG,844013.0,10494.0,交易所披露单位,OK,东方财富期货库存数据,https://data.eastmoney.com/ifdata/kcsj.html
2026-07-08,AG,849173.0,5160.0,交易所披露单位,OK,东方财富期货库存数据,https://data.eastmoney.com/ifdata/kcsj.html
2026-07-09,AG,830200.0,-18973.0,交易所披露单位,OK,东方财富期货库存数据,https://data.eastmoney.com/ifdata/kcsj.html
2026-07-10,AG,829858.0,-342.0,交易所披露单位,OK,东方财富期货库存数据,https://data.eastmoney.com/ifdata/kcsj.html
2026-07-13,AG,836651.0,6793.0,交易所披露单位,OK,东方财富期货库存数据,https://data.eastmoney.com/ifdata/kcsj.html
2026-07-14,AG,932061.0,95410.0,交易所披露单位,OK,东方财富期货库存数据,https://data.eastmoney.com/ifdata/kcsj.html
2026-07-15,AG,928570.0,-3491.0,交易所披露单位,OK,东方财富期货库存数据,https://data.eastmoney.com/ifdata/kcsj.html
2026-07-16,AG,936713.0,8143.0,交易所披露单位,OK,东方财富期货库存数据,https://data.eastmoney.com/ifdata/kcsj.html
2026-07-17,AG,990039.0,53326.0,交易所披露单位,OK,东方财富期货库存数据,https://data.eastmoney.com/ifdata/kcsj.html
2026-07-20,AG,977865.0,-12174.0,交易所披露单位,OK,东方财富期货库存数据,https://data.eastmoney.com/ifdata/kcsj.html
2026-07-21,AG,968622.0,-9243.0,交易所披露单位,OK,东方财富期货库存数据,https://data.eastmoney.com/ifdata/kcsj.html
2026-07-22,AG,971222.0,2600.0,交易所披露单位,OK,东方财富期货库存数据,https://data.eastmoney.com/ifdata/kcsj.html
2026-07-23,AG,972624.0,1402.0,交易所披露单位,OK,东方财富期货库存数据,https://data.eastmoney.com/ifdata/kcsj.html
2026-07-24,AG,978934.0,6310.0,交易所披露单位,OK,东方财富期货库存数据,https://data.eastmoney.com/ifdata/kcsj.html
2026-07-27,AG,1147906.0,168972.0,交易所披露单位,OK,东方财富期货库存数据,https://data.eastmoney.com/ifdata/kcsj.html
2026-07-28,AG,1141825.0,-6081.0,交易所披露单位,OK,东方财富期货库存数据,https://data.eastmoney.com/ifdata/kcsj.html
2026-07-29,AG,1166770.0,24945.0,交易所披露单位,OK,东方财富期货库存数据,https://data.eastmoney.com/ifdata/kcsj.html
2026-07-30,AG,1181187.0,14417.0,交易所披露单位,OK,东方财富期货库存数据,https://data.eastmoney.com/ifdata/kcsj.html
2026-06-25,AL,462671.0,-10301.0,交易所披露单位,OK,东方财富期货库存数据,https://data.eastmoney.com/ifdata/kcsj.html
2026-06-26,AL,449551.0,-13120.0,交易所披露单位,OK,东方财富期货库存数据,https://data.eastmoney.com/ifdata/kcsj.html
2026-06-29,AL,442365.0,-7186.0,交易所披露单位,OK,东方财富期货库存数据,https://data.eastmoney.com/ifdata/kcsj.html
2026-06-30,AL,438962.0,-3403.0,交易所披露单位,OK,东方财富期货库存数据,https://data.eastmoney.com/ifdata/kcsj.html
2026-07-01,AL,429478.0,-9484.0,交易所披露单位,OK,东方财富期货库存数据,https://data.eastmoney.com/ifdata/kcsj.html
2026-07-02,AL,415992.0,-13486.0,交易所披露单位,OK,东方财富期货库存数据,https://data.eastmoney.com/ifdata/kcsj.html
2026-07-03,AL,407014.0,-8978.0,交易所披露单位,OK,东方财富期货库存数据,https://data.eastmoney.com/ifdata/kcsj.html
2026-07-06,AL,399058.0,-7956.0,交易所披露单位,OK,东方财富期货库存数据,https://data.eastmoney.com/ifdata/kcsj.html
2026-07-07,AL,397145.0,-1913.0,交易所披露单位,OK,东方财富期货库存数据,https://data.eastmoney.com/ifdata/kcsj.html
2026-07-08,AL,394028.0,-3117.0,交易所披露单位,OK,东方财富期货库存数据,https://data.eastmoney.com/ifdata/kcsj.html
2026-07-09,AL,391639.0,-2389.0,交易所披露单位,OK,东方财富期货库存数据,https://data.eastmoney.com/ifdata/kcsj.html
2026-07-10,AL,395143.0,3504.0,交易所披露单位,OK,东方财富期货库存数据,https://data.eastmoney.com/ifdata/kcsj.html
2026-07-13,AL,389605.0,-5538.0,交易所披露单位,OK,东方财富期货库存数据,https://data.eastmoney.com/ifdata/kcsj.html
2026-07-14,AL,385030.0,-4575.0,交易所披露单位,OK,东方财富期货库存数据,https://data.eastmoney.com/ifdata/kcsj.html
2026-07-15,AL,383779.0,-1251.0,交易所披露单位,OK,东方财富期货库存数据,https://data.eastmoney.com/ifdata/kcsj.html
2026-07-16,AL,381233.0,-2546.0,交易所披露单位,OK,东方财富期货库存数据,https://data.eastmoney.com/ifdata/kcsj.html
2026-07-17,AL,379791.0,-1442.0,交易所披露单位,OK,东方财富期货库存数据,https://data.eastmoney.com/ifdata/kcsj.html
2026-07-20,AL,374049.0,-5742.0,交易所披露单位,OK,东方财富期货库存数据,https://data.eastmoney.com/ifdata/kcsj.html
2026-07-21,AL,369690.0,-4359.0,交易所披露单位,OK,东方财富期货库存数据,https://data.eastmoney.com/ifdata/kcsj.html
2026-07-22,AL,365596.0,-4094.0,交易所披露单位,OK,东方财富期货库存数据,https://data.eastmoney.com/ifdata/kcsj.html
2026-07-23,AL,362106.0,-3490.0,交易所披露单位,OK,东方财富期货库存数据,https://data.eastmoney.com/ifdata/kcsj.html
2026-07-24,AL,355590.0,-6516.0,交易所披露单位,OK,东方财富期货库存数据,https://data.eastmoney.com/ifdata/kcsj.html
2026-07-27,AL,345962.0,-9628.0,交易所披露单位,OK,东方财富期货库存数据,https://data.eastmoney.com/ifdata/kcsj.html
2026-07-28,AL,338001.0,-7961.0,交易所披露单位,OK,东方财富期货库存数据,https://data.eastmoney.com/ifdata/kcsj.html
2026-07-29,AL,330389.0,-7612.0,交易所披露单位,OK,东方财富期货库存数据,https://data.eastmoney.com/ifdata/kcsj.html
2026-07-30,AL,325289.0,-5100.0,交易所披露单位,OK,东方财富期货库存数据,https://data.eastmoney.com/ifdata/kcsj.html
2026-06-25,AO,254472.0,-11411.0,交易所披露单位,OK,东方财富期货库存数据,https://data.eastmoney.com/ifdata/kcsj.html
2026-06-26,AO,252977.0,-1495.0,交易所披露单位,OK,东方财富期货库存数据,https://data.eastmoney.com/ifdata/kcsj.html
2026-06-29,AO,250289.0,-2688.0,交易所披露单位,OK,东方财富期货库存数据,https://data.eastmoney.com/ifdata/kcsj.html
2026-06-30,AO,250289.0,,交易所披露单位,OK,东方财富期货库存数据,https://data.eastmoney.com/ifdata/kcsj.html
2026-07-01,AO,256871.0,6582.0,交易所披露单位,OK,东方财富期货库存数据,https://data.eastmoney.com/ifdata/kcsj.html
2026-07-02,AO,265262.0,8391.0,交易所披露单位,OK,东方财富期货库存数据,https://data.eastmoney.com/ifdata/kcsj.html
2026-07-03,AO,271574.0,6312.0,交易所披露单位,OK,东方财富期货库存数据,https://data.eastmoney.com/ifdata/kcsj.html
2026-07-06,AO,270997.0,-577.0,交易所披露单位,OK,东方财富期货库存数据,https://data.eastmoney.com/ifdata/kcsj.html
2026-07-07,AO,264409.0,-6588.0,交易所披露单位,OK,东方财富期货库存数据,https://data.eastmoney.com/ifdata/kcsj.html
2026-07-08,AO,260505.0,-3904.0,交易所披露单位,OK,东方财富期货库存数据,https://data.eastmoney.com/ifdata/kcsj.html
2026-07-09,AO,261120.0,615.0,交易所披露单位,OK,东方财富期货库存数据,https://data.eastmoney.com/ifdata/kcsj.html
2026-07-10,AO,266527.0,5407.0,交易所披露单位,OK,东方财富期货库存数据,https://data.eastmoney.com/ifdata/kcsj.html
2026-07-13,AO,271010.0,4483.0,交易所披露单位,OK,东方财富期货库存数据,https://data.eastmoney.com/ifdata/kcsj.html
2026-07-14,AO,271010.0,,交易所披露单位,OK,东方财富期货库存数据,https://data.eastmoney.com/ifdata/kcsj.html
2026-07-15,AO,268905.0,-2105.0,交易所披露单位,OK,东方财富期货库存数据,https://data.eastmoney.com/ifdata/kcsj.html
2026-07-16,AO,276388.0,7483.0,交易所披露单位,OK,东方财富期货库存数据,https://data.eastmoney.com/ifdata/kcsj.html
2026-07-17,AO,286897.0,10509.0,交易所披露单位,OK,东方财富期货库存数据,https://data.eastmoney.com/ifdata/kcsj.html
2026-07-20,AO,222273.0,-64624.0,交易所披露单位,OK,东方财富期货库存数据,https://data.eastmoney.com/ifdata/kcsj.html
2026-07-21,AO,221370.0,-903.0,交易所披露单位,OK,东方财富期货库存数据,https://data.eastmoney.com/ifdata/kcsj.html
2026-07-22,AO,222275.0,905.0,交易所披露单位,OK,东方财富期货库存数据,https://data.eastmoney.com/ifdata/kcsj.html
2026-07-23,AO,229738.0,7463.0,交易所披露单位,OK,东方财富期货库存数据,https://data.eastmoney.com/ifdata/kcsj.html
2026-07-24,AO,237860.0,8122.0,交易所披露单位,OK,东方财富期货库存数据,https://data.eastmoney.com/ifdata/kcsj.html
2026-07-27,AO,239967.0,2107.0,交易所披露单位,OK,东方财富期货库存数据,https://data.eastmoney.com/ifdata/kcsj.html
2026-07-28,AO,239967.0,,交易所披露单位,OK,东方财富期货库存数据,https://data.eastmoney.com/ifdata/kcsj.html
2026-07-29,AO,245102.0,5135.0,交易所披露单位,OK,东方财富期货库存数据,https://data.eastmoney.com/ifdata/kcsj.html
2026-07-30,AO,252295.0,7193.0,交易所披露单位,OK,东方财富期货库存数据,https://data.eastmoney.com/ifdata/kcsj.html
2026-06-25,AU,111642.0,,交易所披露单位,OK,东方财富期货库存数据,https://data.eastmoney.com/ifdata/kcsj.html
2026-06-26,AU,111648.0,6.0,交易所披露单位,OK,东方财富期货库存数据,https://data.eastmoney.com/ifdata/kcsj.html
2026-06-29,AU,111648.0,,交易所披露单位,OK,东方财富期货库存数据,https://data.eastmoney.com/ifdata/kcsj.html
2026-06-30,AU,111648.0,,交易所披露单位,OK,东方财富期货库存数据,https://data.eastmoney.com/ifdata/kcsj.html
2026-07-01,AU,111648.0,,交易所披露单位,OK,东方财富期货库存数据,https://data.eastmoney.com/ifdata/kcsj.html
2026-07-02,AU,112647.0,999.0,交易所披露单位,OK,东方财富期货库存数据,https://data.eastmoney.com/ifdata/kcsj.html
2026-07-03,AU,112647.0,,交易所披露单位,OK,东方财富期货库存数据,https://data.eastmoney.com/ifdata/kcsj.html
2026-07-06,AU,112647.0,,交易所披露单位,OK,东方财富期货库存数据,https://data.eastmoney.com/ifdata/kcsj.html
2026-07-07,AU,112647.0,,交易所披露单位,OK,东方财富期货库存数据,https://data.eastmoney.com/ifdata/kcsj.html
2026-07-08,AU,112647.0,,交易所披露单位,OK,东方财富期货库存数据,https://data.eastmoney.com/ifdata/kcsj.html
2026-07-09,AU,112647.0,,交易所披露单位,OK,东方财富期货库存数据,https://data.eastmoney.com/ifdata/kcsj.html
2026-07-10,AU,112647.0,,交易所披露单位,OK,东方财富期货库存数据,https://data.eastmoney.com/ifdata/kcsj.html
2026-07-13,AU,112647.0,,交易所披露单位,OK,东方财富期货库存数据,https://data.eastmoney.com/ifdata/kcsj.html
2026-07-14,AU,112647.0,,交易所披露单位,OK,东方财富期货库存数据,https://data.eastmoney.com/ifdata/kcsj.html
2026-07-15,AU,112647.0,,交易所披露单位,OK,东方财富期货库存数据,https://data.eastmoney.com/ifdata/kcsj.html
2026-07-16,AU,112647.0,,交易所披露单位,OK,东方财富期货库存数据,https://data.eastmoney.com/ifdata/kcsj.html
2026-07-17,AU,112647.0,,交易所披露单位,OK,东方财富期货库存数据,https://data.eastmoney.com/ifdata/kcsj.html
2026-07-20,AU,112641.0,-6.0,交易所披露单位,OK,东方财富期货库存数据,https://data.eastmoney.com/ifdata/kcsj.html
2026-07-21,AU,112641.0,,交易所披露单位,OK,东方财富期货库存数据,https://data.eastmoney.com/ifdata/kcsj.html
2026-07-22,AU,112641.0,,交易所披露单位,OK,东方财富期货库存数据,https://data.eastmoney.com/ifdata/kcsj.html
2026-07-23,AU,112641.0,,交易所披露单位,OK,东方财富期货库存数据,https://data.eastmoney.com/ifdata/kcsj.html
2026-07-24,AU,112641.0,,交易所披露单位,OK,东方财富期货库存数据,https://data.eastmoney.com/ifdata/kcsj.html
2026-07-27,AU,112641.0,,交易所披露单位,OK,东方财富期货库存数据,https://data.eastmoney.com/ifdata/kcsj.html
2026-07-28,AU,113622.0,981.0,交易所披露单位,OK,东方财富期货库存数据,https://data.eastmoney.com/ifdata/kcsj.html
2026-07-29,AU,113622.0,,交易所披露单位,OK,东方财富期货库存数据,https://data.eastmoney.com/ifdata/kcsj.html
2026-07-30,AU,113622.0,,交易所披露单位,OK,东方财富期货库存数据,https://data.eastmoney.com/ifdata/kcsj.html
2026-07-01,B,2700.0,2700.0,交易所披露单位,OK,东方财富期货库存数据,https://data.eastmoney.com/ifdata/kcsj.html
2026-07-02,B,3700.0,1000.0,交易所披露单位,OK,东方财富期货库存数据,https://data.eastmoney.com/ifdata/kcsj.html
2026-07-03,B,3700.0,,交易所披露单位,OK,东方财富期货库存数据,https://data.eastmoney.com/ifdata/kcsj.html
2026-07-06,B,4700.0,1000.0,交易所披露单位,OK,东方财富期货库存数据,https://data.eastmoney.com/ifdata/kcsj.html
2026-07-07,B,3800.0,-900.0,交易所披露单位,OK,东方财富期货库存数据,https://data.eastmoney.com/ifdata/kcsj.html
2026-07-08,B,3600.0,-200.0,交易所披露单位,OK,东方财富期货库存数据,https://data.eastmoney.com/ifdata/kcsj.html
2026-07-09,B,2600.0,-1000.0,交易所披露单位,OK,东方财富期货库存数据,https://data.eastmoney.com/ifdata/kcsj.html
2026-07-10,B,2100.0,-500.0,交易所披露单位,OK,东方财富期货库存数据,https://data.eastmoney.com/ifdata/kcsj.html
2026-07-13,B,1700.0,-400.0,交易所披露单位,OK,东方财富期货库存数据,https://data.eastmoney.com/ifdata/kcsj.html
2026-07-14,B,1500.0,-200.0,交易所披露单位,OK,东方财富期货库存数据,https://data.eastmoney.com/ifdata/kcsj.html
2026-07-15,B,1400.0,-100.0,交易所披露单位,OK,东方财富期货库存数据,https://data.eastmoney.com/ifdata/kcsj.html
2026-07-16,B,1000.0,-400.0,交易所披露单位,OK,东方财富期货库存数据,https://data.eastmoney.com/ifdata/kcsj.html
2026-07-17,B,100.0,-900.0,交易所披露单位,OK,东方财富期货库存数据,https://data.eastmoney.com/ifdata/kcsj.html
2026-07-20,B,,-100.0,交易所披露单位,OK,东方财富期货库存数据,https://data.eastmoney.com/ifdata/kcsj.html
2026-06-25,BR,7410.0,-100.0,交易所披露单位,OK,东方财富期货库存数据,https://data.eastmoney.com/ifdata/kcsj.html
2026-06-26,BR,7010.0,-400.0,交易所披露单位,OK,东方财富期货库存数据,https://data.eastmoney.com/ifdata/kcsj.html
2026-06-29,BR,6720.0,-290.0,交易所披露单位,OK,东方财富期货库存数据,https://data.eastmoney.com/ifdata/kcsj.html
2026-06-30,BR,6910.0,190.0,交易所披露单位,OK,东方财富期货库存数据,https://data.eastmoney.com/ifdata/kcsj.html
2026-07-01,BR,6910.0,,交易所披露单位,OK,东方财富期货库存数据,https://data.eastmoney.com/ifdata/kcsj.html
2026-07-02,BR,6790.0,-120.0,交易所披露单位,OK,东方财富期货库存数据,https://data.eastmoney.com/ifdata/kcsj.html
2026-07-03,BR,6760.0,-30.0,交易所披露单位,OK,东方财富期货库存数据,https://data.eastmoney.com/ifdata/kcsj.html
2026-07-06,BR,6760.0,,交易所披露单位,OK,东方财富期货库存数据,https://data.eastmoney.com/ifdata/kcsj.html
2026-07-07,BR,6720.0,-40.0,交易所披露单位,OK,东方财富期货库存数据,https://data.eastmoney.com/ifdata/kcsj.html
2026-07-08,BR,6590.0,-130.0,交易所披露单位,OK,东方财富期货库存数据,https://data.eastmoney.com/ifdata/kcsj.html
2026-07-09,BR,6590.0,,交易所披露单位,OK,东方财富期货库存数据,https://data.eastmoney.com/ifdata/kcsj.html
2026-07-10,BR,6430.0,-160.0,交易所披露单位,OK,东方财富期货库存数据,https://data.eastmoney.com/ifdata/kcsj.html
2026-07-13,BR,6430.0,,交易所披露单位,OK,东方财富期货库存数据,https://data.eastmoney.com/ifdata/kcsj.html
2026-07-14,BR,6430.0,,交易所披露单位,OK,东方财富期货库存数据,https://data.eastmoney.com/ifdata/kcsj.html
2026-07-15,BR,6490.0,60.0,交易所披露单位,OK,东方财富期货库存数据,https://data.eastmoney.com/ifdata/kcsj.html
2026-07-16,BR,6210.0,-280.0,交易所披露单位,OK,东方财富期货库存数据,https://data.eastmoney.com/ifdata/kcsj.html
2026-07-17,BR,6210.0,,交易所披露单位,OK,东方财富期货库存数据,https://data.eastmoney.com/ifdata/kcsj.html
2026-07-20,BR,5780.0,-430.0,交易所披露单位,OK,东方财富期货库存数据,https://data.eastmoney.com/ifdata/kcsj.html
2026-07-21,BR,5780.0,,交易所披露单位,OK,东方财富期货库存数据,https://data.eastmoney.com/ifdata/kcsj.html
2026-07-22,BR,5550.0,-230.0,交易所披露单位,OK,东方财富期货库存数据,https://data.eastmoney.com/ifdata/kcsj.html
2026-07-23,BR,5440.0,-110.0,交易所披露单位,OK,东方财富期货库存数据,https://data.eastmoney.com/ifdata/kcsj.html
2026-07-24,BR,5360.0,-80.0,交易所披露单位,OK,东方财富期货库存数据,https://data.eastmoney.com/ifdata/kcsj.html
2026-07-27,BR,4960.0,-400.0,交易所披露单位,OK,东方财富期货库存数据,https://data.eastmoney.com/ifdata/kcsj.html
2026-07-28,BR,4930.0,-30.0,交易所披露单位,OK,东方财富期货库存数据,https://data.eastmoney.com/ifdata/kcsj.html
2026-07-29,BR,4930.0,,交易所披露单位,OK,东方财富期货库存数据,https://data.eastmoney.com/ifdata/kcsj.html
2026-07-30,BR,4830.0,-100.0,交易所披露单位,OK,东方财富期货库存数据,https://data.eastmoney.com/ifdata/kcsj.html
2026-06-25,BU,18120.0,,交易所披露单位,OK,东方财富期货库存数据,https://data.eastmoney.com/ifdata/kcsj.html
2026-06-26,BU,17910.0,-210.0,交易所披露单位,OK,东方财富期货库存数据,https://data.eastmoney.com/ifdata/kcsj.html
2026-06-29,BU,17910.0,,交易所披露单位,OK,东方财富期货库存数据,https://data.eastmoney.com/ifdata/kcsj.html
2026-06-30,BU,15910.0,-2000.0,交易所披露单位,OK,东方财富期货库存数据,https://data.eastmoney.com/ifdata/kcsj.html
2026-07-01,BU,15910.0,,交易所披露单位,OK,东方财富期货库存数据,https://data.eastmoney.com/ifdata/kcsj.html
2026-07-02,BU,15910.0,,交易所披露单位,OK,东方财富期货库存数据,https://data.eastmoney.com/ifdata/kcsj.html
2026-07-03,BU,9310.0,-6600.0,交易所披露单位,OK,东方财富期货库存数据,https://data.eastmoney.com/ifdata/kcsj.html
2026-07-06,BU,9310.0,,交易所披露单位,OK,东方财富期货库存数据,https://data.eastmoney.com/ifdata/kcsj.html
2026-07-07,BU,9310.0,,交易所披露单位,OK,东方财富期货库存数据,https://data.eastmoney.com/ifdata/kcsj.html
2026-07-08,BU,9310.0,,交易所披露单位,OK,东方财富期货库存数据,https://data.eastmoney.com/ifdata/kcsj.html
2026-07-09,BU,9310.0,,交易所披露单位,OK,东方财富期货库存数据,https://data.eastmoney.com/ifdata/kcsj.html
2026-07-10,BU,9310.0,,交易所披露单位,OK,东方财富期货库存数据,https://data.eastmoney.com/ifdata/kcsj.html
2026-07-13,BU,9310.0,,交易所披露单位,OK,东方财富期货库存数据,https://data.eastmoney.com/ifdata/kcsj.html
2026-07-14,BU,11290.0,1980.0,交易所披露单位,OK,东方财富期货库存数据,https://data.eastmoney.com/ifdata/kcsj.html
2026-07-15,BU,11290.0,,交易所披露单位,OK,东方财富期货库存数据,https://data.eastmoney.com/ifdata/kcsj.html
2026-07-16,BU,11290.0,,交易所披露单位,OK,东方财富期货库存数据,https://data.eastmoney.com/ifdata/kcsj.html
2026-07-17,BU,11290.0,,交易所披露单位,OK,东方财富期货库存数据,https://data.eastmoney.com/ifdata/kcsj.html
2026-07-20,BU,11290.0,,交易所披露单位,OK,东方财富期货库存数据,https://data.eastmoney.com/ifdata/kcsj.html
2026-07-21,BU,11290.0,,交易所披露单位,OK,东方财富期货库存数据,https://data.eastmoney.com/ifdata/kcsj.html
2026-07-22,BU,11290.0,,交易所披露单位,OK,东方财富期货库存数据,https://data.eastmoney.com/ifdata/kcsj.html
2026-07-23,BU,11290.0,,交易所披露单位,OK,东方财富期货库存数据,https://data.eastmoney.com/ifdata/kcsj.html
2026-07-24,BU,11290.0,,交易所披露单位,OK,东方财富期货库存数据,https://data.eastmoney.com/ifdata/kcsj.html
2026-07-27,BU,11290.0,,交易所披露单位,OK,东方财富期货库存数据,https://data.eastmoney.com/ifdata/kcsj.html
2026-07-28,BU,11290.0,,交易所披露单位,OK,东方财富期货库存数据,https://data.eastmoney.com/ifdata/kcsj.html
2026-07-29,BU,11290.0,,交易所披露单位,OK,东方财富期货库存数据,https://data.eastmoney.com/ifdata/kcsj.html
2026-07-30,BU,11290.0,,交易所披露单位,OK,东方财富期货库存数据,https://data.eastmoney.com/ifdata/kcsj.html
2026-06-25,BZ,51.0,,交易所披露单位,OK,东方财富期货库存数据,https://data.eastmoney.com/ifdata/kcsj.html
2026-06-26,BZ,51.0,,交易所披露单位,OK,东方财富期货库存数据,https://data.eastmoney.com/ifdata/kcsj.html
2026-06-29,BZ,31.0,-20.0,交易所披露单位,OK,东方财富期货库存数据,https://data.eastmoney.com/ifdata/kcsj.html
2026-06-30,BZ,,-31.0,交易所披露单位,OK,东方财富期货库存数据,https://data.eastmoney.com/ifdata/kcsj.html
2026-07-20,BZ,200.0,200.0,交易所披露单位,OK,东方财富期货库存数据,https://data.eastmoney.com/ifdata/kcsj.html
2026-07-21,BZ,200.0,,交易所披露单位,OK,东方财富期货库存数据,https://data.eastmoney.com/ifdata/kcsj.html
2026-07-22,BZ,200.0,,交易所披露单位,OK,东方财富期货库存数据,https://data.eastmoney.com/ifdata/kcsj.html
2026-07-23,BZ,200.0,,交易所披露单位,OK,东方财富期货库存数据,https://data.eastmoney.com/ifdata/kcsj.html
2026-07-24,BZ,203.0,3.0,交易所披露单位,OK,东方财富期货库存数据,https://data.eastmoney.com/ifdata/kcsj.html
2026-07-27,BZ,203.0,,交易所披露单位,OK,东方财富期货库存数据,https://data.eastmoney.com/ifdata/kcsj.html
2026-07-28,BZ,200.0,-3.0,交易所披露单位,OK,东方财富期货库存数据,https://data.eastmoney.com/ifdata/kcsj.html
2026-07-29,BZ,200.0,,交易所披露单位,OK,东方财富期货库存数据,https://data.eastmoney.com/ifdata/kcsj.html
2026-07-30,BZ,200.0,,交易所披露单位,OK,东方财富期货库存数据,https://data.eastmoney.com/ifdata/kcsj.html
2026-06-25,C,50905.0,783.0,交易所披露单位,OK,东方财富期货库存数据,https://data.eastmoney.com/ifdata/kcsj.html
2026-06-26,C,50507.0,-398.0,交易所披露单位,OK,东方财富期货库存数据,https://data.eastmoney.com/ifdata/kcsj.html
2026-06-29,C,48007.0,-2500.0,交易所披露单位,OK,东方财富期货库存数据,https://data.eastmoney.com/ifdata/kcsj.html
2026-06-30,C,48007.0,,交易所披露单位,OK,东方财富期货库存数据,https://data.eastmoney.com/ifdata/kcsj.html
2026-07-01,C,52007.0,4000.0,交易所披露单位,OK,东方财富期货库存数据,https://data.eastmoney.com/ifdata/kcsj.html
2026-07-02,C,50107.0,-1900.0,交易所披露单位,OK,东方财富期货库存数据,https://data.eastmoney.com/ifdata/kcsj.html
2026-07-03,C,54507.0,4400.0,交易所披露单位,OK,东方财富期货库存数据,https://data.eastmoney.com/ifdata/kcsj.html
2026-07-06,C,54507.0,,交易所披露单位,OK,东方财富期货库存数据,https://data.eastmoney.com/ifdata/kcsj.html
2026-07-07,C,54888.0,381.0,交易所披露单位,OK,东方财富期货库存数据,https://data.eastmoney.com/ifdata/kcsj.html
2026-07-08,C,52887.0,-2001.0,交易所披露单位,OK,东方财富期货库存数据,https://data.eastmoney.com/ifdata/kcsj.html
2026-07-09,C,51223.0,-1664.0,交易所披露单位,OK,东方财富期货库存数据,https://data.eastmoney.com/ifdata/kcsj.html
2026-07-10,C,48358.0,-2865.0,交易所披露单位,OK,东方财富期货库存数据,https://data.eastmoney.com/ifdata/kcsj.html
2026-07-13,C,48358.0,,交易所披露单位,OK,东方财富期货库存数据,https://data.eastmoney.com/ifdata/kcsj.html
2026-07-14,C,47043.0,-1315.0,交易所披露单位,OK,东方财富期货库存数据,https://data.eastmoney.com/ifdata/kcsj.html
2026-07-15,C,45502.0,-1541.0,交易所披露单位,OK,东方财富期货库存数据,https://data.eastmoney.com/ifdata/kcsj.html
2026-07-16,C,45502.0,,交易所披露单位,OK,东方财富期货库存数据,https://data.eastmoney.com/ifdata/kcsj.html
2026-07-17,C,44382.0,-1120.0,交易所披露单位,OK,东方财富期货库存数据,https://data.eastmoney.com/ifdata/kcsj.html
2026-07-20,C,40128.0,-4254.0,交易所披露单位,OK,东方财富期货库存数据,https://data.eastmoney.com/ifdata/kcsj.html
2026-07-21,C,42921.0,2793.0,交易所披露单位,OK,东方财富期货库存数据,https://data.eastmoney.com/ifdata/kcsj.html
2026-07-22,C,40965.0,-1956.0,交易所披露单位,OK,东方财富期货库存数据,https://data.eastmoney.com/ifdata/kcsj.html
2026-07-23,C,40849.0,-116.0,交易所披露单位,OK,东方财富期货库存数据,https://data.eastmoney.com/ifdata/kcsj.html
2026-07-24,C,40725.0,-124.0,交易所披露单位,OK,东方财富期货库存数据,https://data.eastmoney.com/ifdata/kcsj.html
2026-07-27,C,40725.0,,交易所披露单位,OK,东方财富期货库存数据,https://data.eastmoney.com/ifdata/kcsj.html
2026-07-28,C,40725.0,,交易所披露单位,OK,东方财富期货库存数据,https://data.eastmoney.com/ifdata/kcsj.html
2026-07-29,C,40725.0,,交易所披露单位,OK,东方财富期货库存数据,https://data.eastmoney.com/ifdata/kcsj.html
2026-07-30,C,41725.0,1000.0,交易所披露单位,OK,东方财富期货库存数据,https://data.eastmoney.com/ifdata/kcsj.html
2026-06-25,CF,11232.0,-34.0,交易所披露单位,OK,东方财富期货库存数据,https://data.eastmoney.com/ifdata/kcsj.html
2026-06-26,CF,11190.0,-42.0,交易所披露单位,OK,东方财富期货库存数据,https://data.eastmoney.com/ifdata/kcsj.html
2026-06-29,CF,11117.0,-73.0,交易所披露单位,OK,东方财富期货库存数据,https://data.eastmoney.com/ifdata/kcsj.html
2026-06-30,CF,11068.0,-49.0,交易所披露单位,OK,东方财富期货库存数据,https://data.eastmoney.com/ifdata/kcsj.html
2026-07-01,CF,11019.0,-49.0,交易所披露单位,OK,东方财富期货库存数据,https://data.eastmoney.com/ifdata/kcsj.html
2026-07-02,CF,10999.0,-20.0,交易所披露单位,OK,东方财富期货库存数据,https://data.eastmoney.com/ifdata/kcsj.html
2026-07-03,CF,10955.0,-44.0,交易所披露单位,OK,东方财富期货库存数据,https://data.eastmoney.com/ifdata/kcsj.html
2026-07-06,CF,10922.0,-33.0,交易所披露单位,OK,东方财富期货库存数据,https://data.eastmoney.com/ifdata/kcsj.html
2026-07-07,CF,10885.0,-37.0,交易所披露单位,OK,东方财富期货库存数据,https://data.eastmoney.com/ifdata/kcsj.html
2026-07-08,CF,10879.0,-6.0,交易所披露单位,OK,东方财富期货库存数据,https://data.eastmoney.com/ifdata/kcsj.html
2026-07-09,CF,10850.0,-29.0,交易所披露单位,OK,东方财富期货库存数据,https://data.eastmoney.com/ifdata/kcsj.html
2026-07-10,CF,10829.0,-21.0,交易所披露单位,OK,东方财富期货库存数据,https://data.eastmoney.com/ifdata/kcsj.html
2026-07-13,CF,10812.0,-17.0,交易所披露单位,OK,东方财富期货库存数据,https://data.eastmoney.com/ifdata/kcsj.html
2026-07-14,CF,10782.0,-30.0,交易所披露单位,OK,东方财富期货库存数据,https://data.eastmoney.com/ifdata/kcsj.html
2026-07-15,CF,10720.0,-62.0,交易所披露单位,OK,东方财富期货库存数据,https://data.eastmoney.com/ifdata/kcsj.html
2026-07-16,CF,10681.0,-39.0,交易所披露单位,OK,东方财富期货库存数据,https://data.eastmoney.com/ifdata/kcsj.html
2026-07-17,CF,10620.0,-61.0,交易所披露单位,OK,东方财富期货库存数据,https://data.eastmoney.com/ifdata/kcsj.html
2026-07-20,CF,10568.0,-52.0,交易所披露单位,OK,东方财富期货库存数据,https://data.eastmoney.com/ifdata/kcsj.html
2026-07-21,CF,10502.0,-66.0,交易所披露单位,OK,东方财富期货库存数据,https://data.eastmoney.com/ifdata/kcsj.html
2026-07-22,CF,10451.0,-51.0,交易所披露单位,OK,东方财富期货库存数据,https://data.eastmoney.com/ifdata/kcsj.html
2026-07-23,CF,10413.0,-38.0,交易所披露单位,OK,东方财富期货库存数据,https://data.eastmoney.com/ifdata/kcsj.html
2026-07-24,CF,10380.0,-33.0,交易所披露单位,OK,东方财富期货库存数据,https://data.eastmoney.com/ifdata/kcsj.html
2026-07-27,CF,10346.0,-34.0,交易所披露单位,OK,东方财富期货库存数据,https://data.eastmoney.com/ifdata/kcsj.html
2026-07-28,CF,10280.0,-66.0,交易所披露单位,OK,东方财富期货库存数据,https://data.eastmoney.com/ifdata/kcsj.html
2026-07-29,CF,10209.0,-71.0,交易所披露单位,OK,东方财富期货库存数据,https://data.eastmoney.com/ifdata/kcsj.html
2026-07-30,CF,10155.0,-54.0,交易所披露单位,OK,东方财富期货库存数据,https://data.eastmoney.com/ifdata/kcsj.html
2026-06-25,CJ,7817.0,,交易所披露单位,OK,东方财富期货库存数据,https://data.eastmoney.com/ifdata/kcsj.html
2026-06-26,CJ,7817.0,,交易所披露单位,OK,东方财富期货库存数据,https://data.eastmoney.com/ifdata/kcsj.html
2026-06-29,CJ,7807.0,-10.0,交易所披露单位,OK,东方财富期货库存数据,https://data.eastmoney.com/ifdata/kcsj.html
2026-06-30,CJ,7987.0,180.0,交易所披露单位,OK,东方财富期货库存数据,https://data.eastmoney.com/ifdata/kcsj.html
2026-07-01,CJ,8132.0,145.0,交易所披露单位,OK,东方财富期货库存数据,https://data.eastmoney.com/ifdata/kcsj.html
2026-07-02,CJ,8132.0,,交易所披露单位,OK,东方财富期货库存数据,https://data.eastmoney.com/ifdata/kcsj.html
2026-07-03,CJ,8128.0,-4.0,交易所披露单位,OK,东方财富期货库存数据,https://data.eastmoney.com/ifdata/kcsj.html
2026-07-06,CJ,8236.0,108.0,交易所披露单位,OK,东方财富期货库存数据,https://data.eastmoney.com/ifdata/kcsj.html
2026-07-07,CJ,8230.0,-6.0,交易所披露单位,OK,东方财富期货库存数据,https://data.eastmoney.com/ifdata/kcsj.html
2026-07-08,CJ,8223.0,-7.0,交易所披露单位,OK,东方财富期货库存数据,https://data.eastmoney.com/ifdata/kcsj.html
2026-07-09,CJ,8223.0,,交易所披露单位,OK,东方财富期货库存数据,https://data.eastmoney.com/ifdata/kcsj.html
2026-07-10,CJ,8182.0,-41.0,交易所披露单位,OK,东方财富期货库存数据,https://data.eastmoney.com/ifdata/kcsj.html
2026-07-13,CJ,8182.0,,交易所披露单位,OK,东方财富期货库存数据,https://data.eastmoney.com/ifdata/kcsj.html
2026-07-14,CJ,8593.0,411.0,交易所披露单位,OK,东方财富期货库存数据,https://data.eastmoney.com/ifdata/kcsj.html
2026-07-15,CJ,8587.0,-6.0,交易所披露单位,OK,东方财富期货库存数据,https://data.eastmoney.com/ifdata/kcsj.html
2026-07-16,CJ,8587.0,,交易所披露单位,OK,东方财富期货库存数据,https://data.eastmoney.com/ifdata/kcsj.html
2026-07-17,CJ,8580.0,-7.0,交易所披露单位,OK,东方财富期货库存数据,https://data.eastmoney.com/ifdata/kcsj.html
2026-07-20,CJ,8749.0,169.0,交易所披露单位,OK,东方财富期货库存数据,https://data.eastmoney.com/ifdata/kcsj.html
2026-07-21,CJ,8749.0,,交易所披露单位,OK,东方财富期货库存数据,https://data.eastmoney.com/ifdata/kcsj.html
2026-07-22,CJ,8681.0,-68.0,交易所披露单位,OK,东方财富期货库存数据,https://data.eastmoney.com/ifdata/kcsj.html
2026-07-23,CJ,8676.0,-5.0,交易所披露单位,OK,东方财富期货库存数据,https://data.eastmoney.com/ifdata/kcsj.html
2026-07-24,CJ,8663.0,-13.0,交易所披露单位,OK,东方财富期货库存数据,https://data.eastmoney.com/ifdata/kcsj.html
2026-07-27,CJ,8649.0,-14.0,交易所披露单位,OK,东方财富期货库存数据,https://data.eastmoney.com/ifdata/kcsj.html
2026-07-28,CJ,8640.0,-9.0,交易所披露单位,OK,东方财富期货库存数据,https://data.eastmoney.com/ifdata/kcsj.html
2026-07-29,CJ,8640.0,,交易所披露单位,OK,东方财富期货库存数据,https://data.eastmoney.com/ifdata/kcsj.html
2026-07-30,CJ,8636.0,-4.0,交易所披露单位,OK,东方财富期货库存数据,https://data.eastmoney.com/ifdata/kcsj.html
2026-06-25,CU,75065.0,122.0,交易所披露单位,OK,东方财富期货库存数据,https://data.eastmoney.com/ifdata/kcsj.html
2026-06-26,CU,74528.0,-537.0,交易所披露单位,OK,东方财富期货库存数据,https://data.eastmoney.com/ifdata/kcsj.html
2026-06-29,CU,73289.0,-1239.0,交易所披露单位,OK,东方财富期货库存数据,https://data.eastmoney.com/ifdata/kcsj.html
2026-06-30,CU,74617.0,1328.0,交易所披露单位,OK,东方财富期货库存数据,https://data.eastmoney.com/ifdata/kcsj.html
2026-07-01,CU,73569.0,-1048.0,交易所披露单位,OK,东方财富期货库存数据,https://data.eastmoney.com/ifdata/kcsj.html
2026-07-02,CU,70079.0,-3490.0,交易所披露单位,OK,东方财富期货库存数据,https://data.eastmoney.com/ifdata/kcsj.html
2026-07-03,CU,68472.0,-1607.0,交易所披露单位,OK,东方财富期货库存数据,https://data.eastmoney.com/ifdata/kcsj.html
2026-07-06,CU,64172.0,-4300.0,交易所披露单位,OK,东方财富期货库存数据,https://data.eastmoney.com/ifdata/kcsj.html
2026-07-07,CU,60371.0,-3801.0,交易所披露单位,OK,东方财富期货库存数据,https://data.eastmoney.com/ifdata/kcsj.html
2026-07-08,CU,57336.0,-3035.0,交易所披露单位,OK,东方财富期货库存数据,https://data.eastmoney.com/ifdata/kcsj.html
2026-07-09,CU,53849.0,-3487.0,交易所披露单位,OK,东方财富期货库存数据,https://data.eastmoney.com/ifdata/kcsj.html
2026-07-10,CU,48410.0,-5439.0,交易所披露单位,OK,东方财富期货库存数据,https://data.eastmoney.com/ifdata/kcsj.html
2026-07-13,CU,47158.0,-1252.0,交易所披露单位,OK,东方财富期货库存数据,https://data.eastmoney.com/ifdata/kcsj.html
2026-07-14,CU,44697.0,-2461.0,交易所披露单位,OK,东方财富期货库存数据,https://data.eastmoney.com/ifdata/kcsj.html
2026-07-15,CU,43944.0,-753.0,交易所披露单位,OK,东方财富期货库存数据,https://data.eastmoney.com/ifdata/kcsj.html
2026-07-16,CU,42894.0,-1050.0,交易所披露单位,OK,东方财富期货库存数据,https://data.eastmoney.com/ifdata/kcsj.html
2026-07-17,CU,39652.0,-3242.0,交易所披露单位,OK,东方财富期货库存数据,https://data.eastmoney.com/ifdata/kcsj.html
2026-07-20,CU,35091.0,-4561.0,交易所披露单位,OK,东方财富期货库存数据,https://data.eastmoney.com/ifdata/kcsj.html
2026-07-21,CU,33415.0,-1676.0,交易所披露单位,OK,东方财富期货库存数据,https://data.eastmoney.com/ifdata/kcsj.html
2026-07-22,CU,32539.0,-876.0,交易所披露单位,OK,东方财富期货库存数据,https://data.eastmoney.com/ifdata/kcsj.html
2026-07-23,CU,31184.0,-1355.0,交易所披露单位,OK,东方财富期货库存数据,https://data.eastmoney.com/ifdata/kcsj.html
2026-07-24,CU,28668.0,-2516.0,交易所披露单位,OK,东方财富期货库存数据,https://data.eastmoney.com/ifdata/kcsj.html
2026-07-27,CU,27024.0,-1644.0,交易所披露单位,OK,东方财富期货库存数据,https://data.eastmoney.com/ifdata/kcsj.html
2026-07-28,CU,26924.0,-100.0,交易所披露单位,OK,东方财富期货库存数据,https://data.eastmoney.com/ifdata/kcsj.html
2026-07-29,CU,26161.0,-763.0,交易所披露单位,OK,东方财富期货库存数据,https://data.eastmoney.com/ifdata/kcsj.html
2026-07-30,CU,25737.0,-424.0,交易所披露单位,OK,东方财富期货库存数据,https://data.eastmoney.com/ifdata/kcsj.html
2026-06-25,CY,,,交易所披露单位,OK,东方财富期货库存数据,https://data.eastmoney.com/ifdata/kcsj.html
2026-06-26,CY,,,交易所披露单位,OK,东方财富期货库存数据,https://data.eastmoney.com/ifdata/kcsj.html
2026-06-29,CY,,,交易所披露单位,OK,东方财富期货库存数据,https://data.eastmoney.com/ifdata/kcsj.html
2026-06-30,CY,,,交易所披露单位,OK,东方财富期货库存数据,https://data.eastmoney.com/ifdata/kcsj.html
2026-07-01,CY,,,交易所披露单位,OK,东方财富期货库存数据,https://data.eastmoney.com/ifdata/kcsj.html
2026-07-02,CY,,,交易所披露单位,OK,东方财富期货库存数据,https://data.eastmoney.com/ifdata/kcsj.html
2026-07-03,CY,,,交易所披露单位,OK,东方财富期货库存数据,https://data.eastmoney.com/ifdata/kcsj.html
2026-07-06,CY,,,交易所披露单位,OK,东方财富期货库存数据,https://data.eastmoney.com/ifdata/kcsj.html
2026-07-07,CY,,,交易所披露单位,OK,东方财富期货库存数据,https://data.eastmoney.com/ifdata/kcsj.html
2026-07-08,CY,,,交易所披露单位,OK,东方财富期货库存数据,https://data.eastmoney.com/ifdata/kcsj.html
2026-07-09,CY,19.0,19.0,交易所披露单位,OK,东方财富期货库存数据,https://data.eastmoney.com/ifdata/kcsj.html
2026-07-10,CY,38.0,19.0,交易所披露单位,OK,东方财富期货库存数据,https://data.eastmoney.com/ifdata/kcsj.html
2026-07-13,CY,38.0,,交易所披露单位,OK,东方财富期货库存数据,https://data.eastmoney.com/ifdata/kcsj.html
2026-07-14,CY,38.0,,交易所披露单位,OK,东方财富期货库存数据,https://data.eastmoney.com/ifdata/kcsj.html
2026-07-15,CY,38.0,,交易所披露单位,OK,东方财富期货库存数据,https://data.eastmoney.com/ifdata/kcsj.html
2026-07-16,CY,38.0,,交易所披露单位,OK,东方财富期货库存数据,https://data.eastmoney.com/ifdata/kcsj.html
2026-07-17,CY,38.0,,交易所披露单位,OK,东方财富期货库存数据,https://data.eastmoney.com/ifdata/kcsj.html
2026-07-20,CY,30.0,-8.0,交易所披露单位,OK,东方财富期货库存数据,https://data.eastmoney.com/ifdata/kcsj.html
2026-07-21,CY,27.0,-3.0,交易所披露单位,OK,东方财富期货库存数据,https://data.eastmoney.com/ifdata/kcsj.html
2026-07-22,CY,25.0,-2.0,交易所披露单位,OK,东方财富期货库存数据,https://data.eastmoney.com/ifdata/kcsj.html
2026-07-23,CY,22.0,-3.0,交易所披露单位,OK,东方财富期货库存数据,https://data.eastmoney.com/ifdata/kcsj.html
2026-07-24,CY,22.0,,交易所披露单位,OK,东方财富期货库存数据,https://data.eastmoney.com/ifdata/kcsj.html
2026-07-27,CY,22.0,,交易所披露单位,OK,东方财富期货库存数据,https://data.eastmoney.com/ifdata/kcsj.html
2026-07-28,CY,22.0,,交易所披露单位,OK,东方财富期货库存数据,https://data.eastmoney.com/ifdata/kcsj.html
2026-07-29,CY,21.0,-1.0,交易所披露单位,OK,东方财富期货库存数据,https://data.eastmoney.com/ifdata/kcsj.html
2026-07-30,CY,18.0,-3.0,交易所披露单位,OK,东方财富期货库存数据,https://data.eastmoney.com/ifdata/kcsj.html
2026-06-25,EB,2925.0,1000.0,交易所披露单位,OK,东方财富期货库存数据,https://data.eastmoney.com/ifdata/kcsj.html
2026-06-26,EB,2625.0,-300.0,交易所披露单位,OK,东方财富期货库存数据,https://data.eastmoney.com/ifdata/kcsj.html
2026-06-29,EB,2459.0,-166.0,交易所披露单位,OK,东方财富期货库存数据,https://data.eastmoney.com/ifdata/kcsj.html
2026-06-30,EB,,-2459.0,交易所披露单位,OK,东方财富期货库存数据,https://data.eastmoney.com/ifdata/kcsj.html
2026-07-01,EB,520.0,520.0,交易所披露单位,OK,东方财富期货库存数据,https://data.eastmoney.com/ifdata/kcsj.html
2026-07-02,EB,520.0,,交易所披露单位,OK,东方财富期货库存数据,https://data.eastmoney.com/ifdata/kcsj.html
2026-07-03,EB,1600.0,1080.0,交易所披露单位,OK,东方财富期货库存数据,https://data.eastmoney.com/ifdata/kcsj.html
2026-07-06,EB,1600.0,,交易所披露单位,OK,东方财富期货库存数据,https://data.eastmoney.com/ifdata/kcsj.html
2026-07-07,EB,1504.0,-96.0,交易所披露单位,OK,东方财富期货库存数据,https://data.eastmoney.com/ifdata/kcsj.html
2026-07-08,EB,1504.0,,交易所披露单位,OK,东方财富期货库存数据,https://data.eastmoney.com/ifdata/kcsj.html
2026-07-09,EB,1504.0,,交易所披露单位,OK,东方财富期货库存数据,https://data.eastmoney.com/ifdata/kcsj.html
2026-07-10,EB,1504.0,,交易所披露单位,OK,东方财富期货库存数据,https://data.eastmoney.com/ifdata/kcsj.html
2026-07-13,EB,2104.0,600.0,交易所披露单位,OK,东方财富期货库存数据,https://data.eastmoney.com/ifdata/kcsj.html
2026-07-14,EB,2104.0,,交易所披露单位,OK,东方财富期货库存数据,https://data.eastmoney.com/ifdata/kcsj.html
2026-07-15,EB,2004.0,-100.0,交易所披露单位,OK,东方财富期货库存数据,https://data.eastmoney.com/ifdata/kcsj.html
2026-07-16,EB,2004.0,,交易所披露单位,OK,东方财富期货库存数据,https://data.eastmoney.com/ifdata/kcsj.html
2026-07-17,EB,1204.0,-800.0,交易所披露单位,OK,东方财富期货库存数据,https://data.eastmoney.com/ifdata/kcsj.html
2026-07-20,EB,904.0,-300.0,交易所披露单位,OK,东方财富期货库存数据,https://data.eastmoney.com/ifdata/kcsj.html
2026-07-21,EB,2041.0,1137.0,交易所披露单位,OK,东方财富期货库存数据,https://data.eastmoney.com/ifdata/kcsj.html
2026-07-22,EB,2037.0,-4.0,交易所披露单位,OK,东方财富期货库存数据,https://data.eastmoney.com/ifdata/kcsj.html
2026-07-23,EB,3165.0,1128.0,交易所披露单位,OK,东方财富期货库存数据,https://data.eastmoney.com/ifdata/kcsj.html
2026-07-24,EB,3885.0,720.0,交易所披露单位,OK,东方财富期货库存数据,https://data.eastmoney.com/ifdata/kcsj.html
2026-07-27,EB,5755.0,1870.0,交易所披露单位,OK,东方财富期货库存数据,https://data.eastmoney.com/ifdata/kcsj.html
2026-07-28,EB,5515.0,-240.0,交易所披露单位,OK,东方财富期货库存数据,https://data.eastmoney.com/ifdata/kcsj.html
2026-07-29,EB,5515.0,,交易所披露单位,OK,东方财富期货库存数据,https://data.eastmoney.com/ifdata/kcsj.html
2026-07-30,EB,4975.0,-540.0,交易所披露单位,OK,东方财富期货库存数据,https://data.eastmoney.com/ifdata/kcsj.html
2026-06-25,EG,6416.0,,交易所披露单位,OK,东方财富期货库存数据,https://data.eastmoney.com/ifdata/kcsj.html
2026-06-26,EG,6416.0,,交易所披露单位,OK,东方财富期货库存数据,https://data.eastmoney.com/ifdata/kcsj.html
2026-06-29,EG,6602.0,186.0,交易所披露单位,OK,东方财富期货库存数据,https://data.eastmoney.com/ifdata/kcsj.html
2026-06-30,EG,6463.0,-139.0,交易所披露单位,OK,东方财富期货库存数据,https://data.eastmoney.com/ifdata/kcsj.html
2026-07-01,EG,6263.0,-200.0,交易所披露单位,OK,东方财富期货库存数据,https://data.eastmoney.com/ifdata/kcsj.html
2026-07-02,EG,5433.0,-830.0,交易所披露单位,OK,东方财富期货库存数据,https://data.eastmoney.com/ifdata/kcsj.html
2026-07-03,EG,5377.0,-56.0,交易所披露单位,OK,东方财富期货库存数据,https://data.eastmoney.com/ifdata/kcsj.html
2026-07-06,EG,3603.0,-1774.0,交易所披露单位,OK,东方财富期货库存数据,https://data.eastmoney.com/ifdata/kcsj.html
2026-07-07,EG,3283.0,-320.0,交易所披露单位,OK,东方财富期货库存数据,https://data.eastmoney.com/ifdata/kcsj.html
2026-07-08,EG,2783.0,-500.0,交易所披露单位,OK,东方财富期货库存数据,https://data.eastmoney.com/ifdata/kcsj.html
2026-07-09,EG,2483.0,-300.0,交易所披露单位,OK,东方财富期货库存数据,https://data.eastmoney.com/ifdata/kcsj.html
2026-07-10,EG,1972.0,-511.0,交易所披露单位,OK,东方财富期货库存数据,https://data.eastmoney.com/ifdata/kcsj.html
2026-07-13,EG,2072.0,100.0,交易所披露单位,OK,东方财富期货库存数据,https://data.eastmoney.com/ifdata/kcsj.html
2026-07-14,EG,2072.0,,交易所披露单位,OK,东方财富期货库存数据,https://data.eastmoney.com/ifdata/kcsj.html
2026-07-15,EG,2072.0,,交易所披露单位,OK,东方财富期货库存数据,https://data.eastmoney.com/ifdata/kcsj.html
2026-07-16,EG,2072.0,,交易所披露单位,OK,东方财富期货库存数据,https://data.eastmoney.com/ifdata/kcsj.html
2026-07-17,EG,2172.0,100.0,交易所披露单位,OK,东方财富期货库存数据,https://data.eastmoney.com/ifdata/kcsj.html
2026-07-20,EG,2172.0,,交易所披露单位,OK,东方财富期货库存数据,https://data.eastmoney.com/ifdata/kcsj.html
2026-07-21,EG,2472.0,300.0,交易所披露单位,OK,东方财富期货库存数据,https://data.eastmoney.com/ifdata/kcsj.html
2026-07-22,EG,2472.0,,交易所披露单位,OK,东方财富期货库存数据,https://data.eastmoney.com/ifdata/kcsj.html
2026-07-23,EG,2466.0,-6.0,交易所披露单位,OK,东方财富期货库存数据,https://data.eastmoney.com/ifdata/kcsj.html
2026-07-24,EG,2116.0,-350.0,交易所披露单位,OK,东方财富期货库存数据,https://data.eastmoney.com/ifdata/kcsj.html
2026-07-27,EG,2116.0,,交易所披露单位,OK,东方财富期货库存数据,https://data.eastmoney.com/ifdata/kcsj.html
2026-07-28,EG,2116.0,,交易所披露单位,OK,东方财富期货库存数据,https://data.eastmoney.com/ifdata/kcsj.html
2026-07-29,EG,4517.0,2401.0,交易所披露单位,OK,东方财富期货库存数据,https://data.eastmoney.com/ifdata/kcsj.html
2026-07-30,EG,4667.0,150.0,交易所披露单位,OK,东方财富期货库存数据,https://data.eastmoney.com/ifdata/kcsj.html
2026-06-25,FG,635.0,-44.0,交易所披露单位,OK,东方财富期货库存数据,https://data.eastmoney.com/ifdata/kcsj.html
2026-06-26,FG,414.0,-221.0,交易所披露单位,OK,东方财富期货库存数据,https://data.eastmoney.com/ifdata/kcsj.html
2026-06-29,FG,301.0,-113.0,交易所披露单位,OK,东方财富期货库存数据,https://data.eastmoney.com/ifdata/kcsj.html
2026-06-30,FG,301.0,,交易所披露单位,OK,东方财富期货库存数据,https://data.eastmoney.com/ifdata/kcsj.html
2026-07-01,FG,301.0,,交易所披露单位,OK,东方财富期货库存数据,https://data.eastmoney.com/ifdata/kcsj.html
2026-07-02,FG,301.0,,交易所披露单位,OK,东方财富期货库存数据,https://data.eastmoney.com/ifdata/kcsj.html
2026-07-03,FG,301.0,,交易所披露单位,OK,东方财富期货库存数据,https://data.eastmoney.com/ifdata/kcsj.html
2026-07-06,FG,801.0,500.0,交易所披露单位,OK,东方财富期货库存数据,https://data.eastmoney.com/ifdata/kcsj.html
2026-07-07,FG,798.0,-3.0,交易所披露单位,OK,东方财富期货库存数据,https://data.eastmoney.com/ifdata/kcsj.html
2026-07-08,FG,798.0,,交易所披露单位,OK,东方财富期货库存数据,https://data.eastmoney.com/ifdata/kcsj.html
2026-07-09,FG,798.0,,交易所披露单位,OK,东方财富期货库存数据,https://data.eastmoney.com/ifdata/kcsj.html
2026-07-10,FG,798.0,,交易所披露单位,OK,东方财富期货库存数据,https://data.eastmoney.com/ifdata/kcsj.html
2026-07-13,FG,798.0,,交易所披露单位,OK,东方财富期货库存数据,https://data.eastmoney.com/ifdata/kcsj.html
2026-07-14,FG,798.0,,交易所披露单位,OK,东方财富期货库存数据,https://data.eastmoney.com/ifdata/kcsj.html
2026-07-15,FG,798.0,,交易所披露单位,OK,东方财富期货库存数据,https://data.eastmoney.com/ifdata/kcsj.html
2026-07-16,FG,798.0,,交易所披露单位,OK,东方财富期货库存数据,https://data.eastmoney.com/ifdata/kcsj.html
2026-07-17,FG,768.0,-30.0,交易所披露单位,OK,东方财富期货库存数据,https://data.eastmoney.com/ifdata/kcsj.html
2026-07-20,FG,375.0,-393.0,交易所披露单位,OK,东方财富期货库存数据,https://data.eastmoney.com/ifdata/kcsj.html
2026-07-21,FG,,-375.0,交易所披露单位,OK,东方财富期货库存数据,https://data.eastmoney.com/ifdata/kcsj.html
2026-07-22,FG,,,交易所披露单位,OK,东方财富期货库存数据,https://data.eastmoney.com/ifdata/kcsj.html
2026-07-23,FG,,,交易所披露单位,OK,东方财富期货库存数据,https://data.eastmoney.com/ifdata/kcsj.html
2026-07-24,FG,,,交易所披露单位,OK,东方财富期货库存数据,https://data.eastmoney.com/ifdata/kcsj.html
2026-07-27,FG,,,交易所披露单位,OK,东方财富期货库存数据,https://data.eastmoney.com/ifdata/kcsj.html
2026-07-28,FG,,,交易所披露单位,OK,东方财富期货库存数据,https://data.eastmoney.com/ifdata/kcsj.html
2026-07-29,FG,,,交易所披露单位,OK,东方财富期货库存数据,https://data.eastmoney.com/ifdata/kcsj.html
2026-07-30,FG,,,交易所披露单位,OK,东方财富期货库存数据,https://data.eastmoney.com/ifdata/kcsj.html
2026-06-25,HC,392779.0,-3836.0,交易所披露单位,OK,东方财富期货库存数据,https://data.eastmoney.com/ifdata/kcsj.html
2026-06-26,HC,386542.0,-6237.0,交易所披露单位,OK,东方财富期货库存数据,https://data.eastmoney.com/ifdata/kcsj.html
2026-06-29,HC,380897.0,-5645.0,交易所披露单位,OK,东方财富期货库存数据,https://data.eastmoney.com/ifdata/kcsj.html
2026-06-30,HC,375239.0,-5658.0,交易所披露单位,OK,东方财富期货库存数据,https://data.eastmoney.com/ifdata/kcsj.html
2026-07-01,HC,373474.0,-1765.0,交易所披露单位,OK,东方财富期货库存数据,https://data.eastmoney.com/ifdata/kcsj.html
2026-07-02,HC,370803.0,-2671.0,交易所披露单位,OK,东方财富期货库存数据,https://data.eastmoney.com/ifdata/kcsj.html
2026-07-03,HC,365796.0,-5007.0,交易所披露单位,OK,东方财富期货库存数据,https://data.eastmoney.com/ifdata/kcsj.html
2026-07-06,HC,361958.0,-3838.0,交易所披露单位,OK,东方财富期货库存数据,https://data.eastmoney.com/ifdata/kcsj.html
2026-07-07,HC,358724.0,-3234.0,交易所披露单位,OK,东方财富期货库存数据,https://data.eastmoney.com/ifdata/kcsj.html
2026-07-08,HC,357258.0,-1466.0,交易所披露单位,OK,东方财富期货库存数据,https://data.eastmoney.com/ifdata/kcsj.html
2026-07-09,HC,364419.0,7161.0,交易所披露单位,OK,东方财富期货库存数据,https://data.eastmoney.com/ifdata/kcsj.html
2026-07-10,HC,361474.0,-2945.0,交易所披露单位,OK,东方财富期货库存数据,https://data.eastmoney.com/ifdata/kcsj.html
2026-07-13,HC,357941.0,-3533.0,交易所披露单位,OK,东方财富期货库存数据,https://data.eastmoney.com/ifdata/kcsj.html
2026-07-14,HC,354400.0,-3541.0,交易所披露单位,OK,东方财富期货库存数据,https://data.eastmoney.com/ifdata/kcsj.html
2026-07-15,HC,348200.0,-6200.0,交易所披露单位,OK,东方财富期货库存数据,https://data.eastmoney.com/ifdata/kcsj.html
2026-07-16,HC,347320.0,-880.0,交易所披露单位,OK,东方财富期货库存数据,https://data.eastmoney.com/ifdata/kcsj.html
2026-07-17,HC,345554.0,-1766.0,交易所披露单位,OK,东方财富期货库存数据,https://data.eastmoney.com/ifdata/kcsj.html
2026-07-20,HC,337865.0,-7689.0,交易所披露单位,OK,东方财富期货库存数据,https://data.eastmoney.com/ifdata/kcsj.html
2026-07-21,HC,334032.0,-3833.0,交易所披露单位,OK,东方财富期货库存数据,https://data.eastmoney.com/ifdata/kcsj.html
2026-07-22,HC,326362.0,-7670.0,交易所披露单位,OK,东方财富期货库存数据,https://data.eastmoney.com/ifdata/kcsj.html
2026-07-23,HC,322220.0,-4142.0,交易所披露单位,OK,东方财富期货库存数据,https://data.eastmoney.com/ifdata/kcsj.html
2026-07-24,HC,314840.0,-7380.0,交易所披露单位,OK,东方财富期货库存数据,https://data.eastmoney.com/ifdata/kcsj.html
2026-07-27,HC,313071.0,-1769.0,交易所披露单位,OK,东方财富期货库存数据,https://data.eastmoney.com/ifdata/kcsj.html
2026-07-28,HC,307475.0,-5596.0,交易所披露单位,OK,东方财富期货库存数据,https://data.eastmoney.com/ifdata/kcsj.html
2026-07-29,HC,302769.0,-4706.0,交易所披露单位,OK,东方财富期货库存数据,https://data.eastmoney.com/ifdata/kcsj.html
2026-07-30,HC,295130.0,-7639.0,交易所披露单位,OK,东方财富期货库存数据,https://data.eastmoney.com/ifdata/kcsj.html
2026-06-25,I,3250.0,,交易所披露单位,OK,东方财富期货库存数据,https://data.eastmoney.com/ifdata/kcsj.html
2026-06-26,I,3550.0,300.0,交易所披露单位,OK,东方财富期货库存数据,https://data.eastmoney.com/ifdata/kcsj.html
2026-06-29,I,3550.0,,交易所披露单位,OK,东方财富期货库存数据,https://data.eastmoney.com/ifdata/kcsj.html
2026-06-30,I,3550.0,,交易所披露单位,OK,东方财富期货库存数据,https://data.eastmoney.com/ifdata/kcsj.html
2026-07-01,I,3650.0,100.0,交易所披露单位,OK,东方财富期货库存数据,https://data.eastmoney.com/ifdata/kcsj.html
2026-07-02,I,3650.0,,交易所披露单位,OK,东方财富期货库存数据,https://data.eastmoney.com/ifdata/kcsj.html
2026-07-03,I,3950.0,300.0,交易所披露单位,OK,东方财富期货库存数据,https://data.eastmoney.com/ifdata/kcsj.html
2026-07-06,I,3950.0,,交易所披露单位,OK,东方财富期货库存数据,https://data.eastmoney.com/ifdata/kcsj.html
2026-07-07,I,3950.0,,交易所披露单位,OK,东方财富期货库存数据,https://data.eastmoney.com/ifdata/kcsj.html
2026-07-08,I,3950.0,,交易所披露单位,OK,东方财富期货库存数据,https://data.eastmoney.com/ifdata/kcsj.html
2026-07-09,I,3950.0,,交易所披露单位,OK,东方财富期货库存数据,https://data.eastmoney.com/ifdata/kcsj.html
2026-07-10,I,3950.0,,交易所披露单位,OK,东方财富期货库存数据,https://data.eastmoney.com/ifdata/kcsj.html
2026-07-13,I,2550.0,-1400.0,交易所披露单位,OK,东方财富期货库存数据,https://data.eastmoney.com/ifdata/kcsj.html
2026-07-14,I,3800.0,1250.0,交易所披露单位,OK,东方财富期货库存数据,https://data.eastmoney.com/ifdata/kcsj.html
2026-07-15,I,3800.0,,交易所披露单位,OK,东方财富期货库存数据,https://data.eastmoney.com/ifdata/kcsj.html
2026-07-16,I,4150.0,350.0,交易所披露单位,OK,东方财富期货库存数据,https://data.eastmoney.com/ifdata/kcsj.html
2026-07-17,I,4150.0,,交易所披露单位,OK,东方财富期货库存数据,https://data.eastmoney.com/ifdata/kcsj.html
2026-07-20,I,2650.0,-1500.0,交易所披露单位,OK,东方财富期货库存数据,https://data.eastmoney.com/ifdata/kcsj.html
2026-07-21,I,2650.0,,交易所披露单位,OK,东方财富期货库存数据,https://data.eastmoney.com/ifdata/kcsj.html
2026-07-22,I,2650.0,,交易所披露单位,OK,东方财富期货库存数据,https://data.eastmoney.com/ifdata/kcsj.html
2026-07-23,I,2650.0,,交易所披露单位,OK,东方财富期货库存数据,https://data.eastmoney.com/ifdata/kcsj.html
2026-07-24,I,2650.0,,交易所披露单位,OK,东方财富期货库存数据,https://data.eastmoney.com/ifdata/kcsj.html
2026-07-27,I,2650.0,,交易所披露单位,OK,东方财富期货库存数据,https://data.eastmoney.com/ifdata/kcsj.html
2026-07-28,I,2650.0,,交易所披露单位,OK,东方财富期货库存数据,https://data.eastmoney.com/ifdata/kcsj.html
2026-07-29,I,2650.0,,交易所披露单位,OK,东方财富期货库存数据,https://data.eastmoney.com/ifdata/kcsj.html
2026-07-30,I,2650.0,,交易所披露单位,OK,东方财富期货库存数据,https://data.eastmoney.com/ifdata/kcsj.html
2026-06-25,J,1583.0,,交易所披露单位,OK,东方财富期货库存数据,https://data.eastmoney.com/ifdata/kcsj.html
2026-06-26,J,1583.0,,交易所披露单位,OK,东方财富期货库存数据,https://data.eastmoney.com/ifdata/kcsj.html
2026-06-29,J,1583.0,,交易所披露单位,OK,东方财富期货库存数据,https://data.eastmoney.com/ifdata/kcsj.html
2026-06-30,J,1583.0,,交易所披露单位,OK,东方财富期货库存数据,https://data.eastmoney.com/ifdata/kcsj.html
2026-07-01,J,1583.0,,交易所披露单位,OK,东方财富期货库存数据,https://data.eastmoney.com/ifdata/kcsj.html
2026-07-02,J,1583.0,,交易所披露单位,OK,东方财富期货库存数据,https://data.eastmoney.com/ifdata/kcsj.html
2026-07-03,J,1583.0,,交易所披露单位,OK,东方财富期货库存数据,https://data.eastmoney.com/ifdata/kcsj.html
2026-07-06,J,1567.0,-16.0,交易所披露单位,OK,东方财富期货库存数据,https://data.eastmoney.com/ifdata/kcsj.html
2026-07-07,J,1567.0,,交易所披露单位,OK,东方财富期货库存数据,https://data.eastmoney.com/ifdata/kcsj.html
2026-07-08,J,1567.0,,交易所披露单位,OK,东方财富期货库存数据,https://data.eastmoney.com/ifdata/kcsj.html
2026-07-09,J,1567.0,,交易所披露单位,OK,东方财富期货库存数据,https://data.eastmoney.com/ifdata/kcsj.html
2026-07-10,J,1507.0,-60.0,交易所披露单位,OK,东方财富期货库存数据,https://data.eastmoney.com/ifdata/kcsj.html
2026-07-13,J,1467.0,-40.0,交易所披露单位,OK,东方财富期货库存数据,https://data.eastmoney.com/ifdata/kcsj.html
2026-07-14,J,1437.0,-30.0,交易所披露单位,OK,东方财富期货库存数据,https://data.eastmoney.com/ifdata/kcsj.html
2026-07-15,J,1437.0,,交易所披露单位,OK,东方财富期货库存数据,https://data.eastmoney.com/ifdata/kcsj.html
2026-07-16,J,1437.0,,交易所披露单位,OK,东方财富期货库存数据,https://data.eastmoney.com/ifdata/kcsj.html
2026-07-17,J,1437.0,,交易所披露单位,OK,东方财富期货库存数据,https://data.eastmoney.com/ifdata/kcsj.html
2026-07-20,J,1437.0,,交易所披露单位,OK,东方财富期货库存数据,https://data.eastmoney.com/ifdata/kcsj.html
2026-07-21,J,1437.0,,交易所披露单位,OK,东方财富期货库存数据,https://data.eastmoney.com/ifdata/kcsj.html
2026-07-22,J,1437.0,,交易所披露单位,OK,东方财富期货库存数据,https://data.eastmoney.com/ifdata/kcsj.html
2026-07-23,J,1437.0,,交易所披露单位,OK,东方财富期货库存数据,https://data.eastmoney.com/ifdata/kcsj.html
2026-07-24,J,1437.0,,交易所披露单位,OK,东方财富期货库存数据,https://data.eastmoney.com/ifdata/kcsj.html
2026-07-27,J,1437.0,,交易所披露单位,OK,东方财富期货库存数据,https://data.eastmoney.com/ifdata/kcsj.html
2026-07-28,J,1437.0,,交易所披露单位,OK,东方财富期货库存数据,https://data.eastmoney.com/ifdata/kcsj.html
2026-07-29,J,1437.0,,交易所披露单位,OK,东方财富期货库存数据,https://data.eastmoney.com/ifdata/kcsj.html
2026-07-30,J,1437.0,,交易所披露单位,OK,东方财富期货库存数据,https://data.eastmoney.com/ifdata/kcsj.html
2026-06-25,JD,10.0,10.0,交易所披露单位,OK,东方财富期货库存数据,https://data.eastmoney.com/ifdata/kcsj.html
2026-06-26,JD,38.0,28.0,交易所披露单位,OK,东方财富期货库存数据,https://data.eastmoney.com/ifdata/kcsj.html
2026-06-29,JD,38.0,,交易所披露单位,OK,东方财富期货库存数据,https://data.eastmoney.com/ifdata/kcsj.html
2026-06-30,JD,,-38.0,交易所披露单位,OK,东方财富期货库存数据,https://data.eastmoney.com/ifdata/kcsj.html
2026-07-07,JM,550.0,550.0,交易所披露单位,OK,东方财富期货库存数据,https://data.eastmoney.com/ifdata/kcsj.html
2026-07-08,JM,550.0,,交易所披露单位,OK,东方财富期货库存数据,https://data.eastmoney.com/ifdata/kcsj.html
2026-07-09,JM,550.0,,交易所披露单位,OK,东方财富期货库存数据,https://data.eastmoney.com/ifdata/kcsj.html
2026-07-10,JM,150.0,-400.0,交易所披露单位,OK,东方财富期货库存数据,https://data.eastmoney.com/ifdata/kcsj.html
2026-07-13,JM,250.0,100.0,交易所披露单位,OK,东方财富期货库存数据,https://data.eastmoney.com/ifdata/kcsj.html
2026-07-14,JM,450.0,200.0,交易所披露单位,OK,东方财富期货库存数据,https://data.eastmoney.com/ifdata/kcsj.html
2026-07-15,JM,450.0,,交易所披露单位,OK,东方财富期货库存数据,https://data.eastmoney.com/ifdata/kcsj.html
2026-07-16,JM,200.0,-250.0,交易所披露单位,OK,东方财富期货库存数据,https://data.eastmoney.com/ifdata/kcsj.html
2026-07-17,JM,200.0,,交易所披露单位,OK,东方财富期货库存数据,https://data.eastmoney.com/ifdata/kcsj.html
2026-07-20,JM,,-200.0,交易所披露单位,OK,东方财富期货库存数据,https://data.eastmoney.com/ifdata/kcsj.html
2026-07-28,JM,400.0,400.0,交易所披露单位,OK,东方财富期货库存数据,https://data.eastmoney.com/ifdata/kcsj.html
2026-07-29,JM,1401.0,1001.0,交易所披露单位,OK,东方财富期货库存数据,https://data.eastmoney.com/ifdata/kcsj.html
2026-07-30,JM,1601.0,200.0,交易所披露单位,OK,东方财富期货库存数据,https://data.eastmoney.com/ifdata/kcsj.html
2026-06-25,L,6272.0,,交易所披露单位,OK,东方财富期货库存数据,https://data.eastmoney.com/ifdata/kcsj.html
2026-06-26,L,6272.0,,交易所披露单位,OK,东方财富期货库存数据,https://data.eastmoney.com/ifdata/kcsj.html
2026-06-29,L,6232.0,-40.0,交易所披露单位,OK,东方财富期货库存数据,https://data.eastmoney.com/ifdata/kcsj.html
2026-06-30,L,6232.0,,交易所披露单位,OK,东方财富期货库存数据,https://data.eastmoney.com/ifdata/kcsj.html
2026-07-01,L,5802.0,-430.0,交易所披露单位,OK,东方财富期货库存数据,https://data.eastmoney.com/ifdata/kcsj.html
2026-07-02,L,5802.0,,交易所披露单位,OK,东方财富期货库存数据,https://data.eastmoney.com/ifdata/kcsj.html
2026-07-03,L,5702.0,-100.0,交易所披露单位,OK,东方财富期货库存数据,https://data.eastmoney.com/ifdata/kcsj.html
2026-07-06,L,5582.0,-120.0,交易所披露单位,OK,东方财富期货库存数据,https://data.eastmoney.com/ifdata/kcsj.html
2026-07-07,L,5489.0,-93.0,交易所披露单位,OK,东方财富期货库存数据,https://data.eastmoney.com/ifdata/kcsj.html
2026-07-08,L,5379.0,-110.0,交易所披露单位,OK,东方财富期货库存数据,https://data.eastmoney.com/ifdata/kcsj.html
2026-07-09,L,5006.0,-373.0,交易所披露单位,OK,东方财富期货库存数据,https://data.eastmoney.com/ifdata/kcsj.html
2026-07-10,L,5251.0,245.0,交易所披露单位,OK,东方财富期货库存数据,https://data.eastmoney.com/ifdata/kcsj.html
2026-07-13,L,5515.0,264.0,交易所披露单位,OK,东方财富期货库存数据,https://data.eastmoney.com/ifdata/kcsj.html
2026-07-14,L,5515.0,,交易所披露单位,OK,东方财富期货库存数据,https://data.eastmoney.com/ifdata/kcsj.html
2026-07-15,L,5505.0,-10.0,交易所披露单位,OK,东方财富期货库存数据,https://data.eastmoney.com/ifdata/kcsj.html
2026-07-16,L,5505.0,,交易所披露单位,OK,东方财富期货库存数据,https://data.eastmoney.com/ifdata/kcsj.html
2026-07-17,L,5505.0,,交易所披露单位,OK,东方财富期货库存数据,https://data.eastmoney.com/ifdata/kcsj.html
2026-07-20,L,4811.0,-694.0,交易所披露单位,OK,东方财富期货库存数据,https://data.eastmoney.com/ifdata/kcsj.html
2026-07-21,L,4773.0,-38.0,交易所披露单位,OK,东方财富期货库存数据,https://data.eastmoney.com/ifdata/kcsj.html
2026-07-22,L,4773.0,,交易所披露单位,OK,东方财富期货库存数据,https://data.eastmoney.com/ifdata/kcsj.html
2026-07-23,L,4773.0,,交易所披露单位,OK,东方财富期货库存数据,https://data.eastmoney.com/ifdata/kcsj.html
2026-07-24,L,4773.0,,交易所披露单位,OK,东方财富期货库存数据,https://data.eastmoney.com/ifdata/kcsj.html
2026-07-27,L,3373.0,-1400.0,交易所披露单位,OK,东方财富期货库存数据,https://data.eastmoney.com/ifdata/kcsj.html
2026-07-28,L,3373.0,,交易所披露单位,OK,东方财富期货库存数据,https://data.eastmoney.com/ifdata/kcsj.html
2026-07-29,L,3373.0,,交易所披露单位,OK,东方财富期货库存数据,https://data.eastmoney.com/ifdata/kcsj.html
2026-07-30,L,3373.0,,交易所披露单位,OK,东方财富期货库存数据,https://data.eastmoney.com/ifdata/kcsj.html
2026-06-25,LC,49007.0,-108.0,交易所披露单位,OK,东方财富期货库存数据,https://data.eastmoney.com/ifdata/kcsj.html
2026-06-26,LC,48544.0,-463.0,交易所披露单位,OK,东方财富期货库存数据,https://data.eastmoney.com/ifdata/kcsj.html
2026-06-29,LC,48489.0,-55.0,交易所披露单位,OK,东方财富期货库存数据,https://data.eastmoney.com/ifdata/kcsj.html
2026-06-30,LC,48731.0,242.0,交易所披露单位,OK,东方财富期货库存数据,https://data.eastmoney.com/ifdata/kcsj.html
2026-07-01,LC,49331.0,600.0,交易所披露单位,OK,东方财富期货库存数据,https://data.eastmoney.com/ifdata/kcsj.html
2026-07-02,LC,48578.0,-753.0,交易所披露单位,OK,东方财富期货库存数据,https://data.eastmoney.com/ifdata/kcsj.html
2026-07-03,LC,48206.0,-372.0,交易所披露单位,OK,东方财富期货库存数据,https://data.eastmoney.com/ifdata/kcsj.html
2026-07-06,LC,46708.0,-1498.0,交易所披露单位,OK,东方财富期货库存数据,https://data.eastmoney.com/ifdata/kcsj.html
2026-07-07,LC,46085.0,-623.0,交易所披露单位,OK,东方财富期货库存数据,https://data.eastmoney.com/ifdata/kcsj.html
2026-07-08,LC,43640.0,-2445.0,交易所披露单位,OK,东方财富期货库存数据,https://data.eastmoney.com/ifdata/kcsj.html
2026-07-09,LC,44020.0,380.0,交易所披露单位,OK,东方财富期货库存数据,https://data.eastmoney.com/ifdata/kcsj.html
2026-07-10,LC,42067.0,-1953.0,交易所披露单位,OK,东方财富期货库存数据,https://data.eastmoney.com/ifdata/kcsj.html
2026-07-13,LC,42406.0,339.0,交易所披露单位,OK,东方财富期货库存数据,https://data.eastmoney.com/ifdata/kcsj.html
2026-07-14,LC,42903.0,497.0,交易所披露单位,OK,东方财富期货库存数据,https://data.eastmoney.com/ifdata/kcsj.html
2026-07-15,LC,42420.0,-483.0,交易所披露单位,OK,东方财富期货库存数据,https://data.eastmoney.com/ifdata/kcsj.html
2026-07-16,LC,41231.0,-1189.0,交易所披露单位,OK,东方财富期货库存数据,https://data.eastmoney.com/ifdata/kcsj.html
2026-07-17,LC,40345.0,-886.0,交易所披露单位,OK,东方财富期货库存数据,https://data.eastmoney.com/ifdata/kcsj.html
2026-07-20,LC,41359.0,1014.0,交易所披露单位,OK,东方财富期货库存数据,https://data.eastmoney.com/ifdata/kcsj.html
2026-07-21,LC,41023.0,-336.0,交易所披露单位,OK,东方财富期货库存数据,https://data.eastmoney.com/ifdata/kcsj.html
2026-07-22,LC,40865.0,-158.0,交易所披露单位,OK,东方财富期货库存数据,https://data.eastmoney.com/ifdata/kcsj.html
2026-07-23,LC,40334.0,-531.0,交易所披露单位,OK,东方财富期货库存数据,https://data.eastmoney.com/ifdata/kcsj.html
2026-07-24,LC,39879.0,-455.0,交易所披露单位,OK,东方财富期货库存数据,https://data.eastmoney.com/ifdata/kcsj.html
2026-07-27,LC,38418.0,-1461.0,交易所披露单位,OK,东方财富期货库存数据,https://data.eastmoney.com/ifdata/kcsj.html
2026-07-28,LC,38278.0,-140.0,交易所披露单位,OK,东方财富期货库存数据,https://data.eastmoney.com/ifdata/kcsj.html
2026-07-29,LC,39315.0,1037.0,交易所披露单位,OK,东方财富期货库存数据,https://data.eastmoney.com/ifdata/kcsj.html
2026-07-30,LC,38981.0,-334.0,交易所披露单位,OK,东方财富期货库存数据,https://data.eastmoney.com/ifdata/kcsj.html
2026-06-25,LH,1350.0,15.0,交易所披露单位,OK,东方财富期货库存数据,https://data.eastmoney.com/ifdata/kcsj.html
2026-06-26,LH,1350.0,,交易所披露单位,OK,东方财富期货库存数据,https://data.eastmoney.com/ifdata/kcsj.html
2026-06-29,LH,1350.0,,交易所披露单位,OK,东方财富期货库存数据,https://data.eastmoney.com/ifdata/kcsj.html
2026-06-30,LH,1350.0,,交易所披露单位,OK,东方财富期货库存数据,https://data.eastmoney.com/ifdata/kcsj.html
2026-07-01,LH,1350.0,,交易所披露单位,OK,东方财富期货库存数据,https://data.eastmoney.com/ifdata/kcsj.html
2026-07-02,LH,1350.0,,交易所披露单位,OK,东方财富期货库存数据,https://data.eastmoney.com/ifdata/kcsj.html
2026-07-03,LH,1347.0,-3.0,交易所披露单位,OK,东方财富期货库存数据,https://data.eastmoney.com/ifdata/kcsj.html
2026-07-06,LH,1321.0,-26.0,交易所披露单位,OK,东方财富期货库存数据,https://data.eastmoney.com/ifdata/kcsj.html
2026-07-07,LH,1319.0,-2.0,交易所披露单位,OK,东方财富期货库存数据,https://data.eastmoney.com/ifdata/kcsj.html
2026-07-08,LH,1311.0,-8.0,交易所披露单位,OK,东方财富期货库存数据,https://data.eastmoney.com/ifdata/kcsj.html
2026-07-09,LH,1306.0,-5.0,交易所披露单位,OK,东方财富期货库存数据,https://data.eastmoney.com/ifdata/kcsj.html
2026-07-10,LH,1203.0,-103.0,交易所披露单位,OK,东方财富期货库存数据,https://data.eastmoney.com/ifdata/kcsj.html
2026-07-13,LH,1195.0,-8.0,交易所披露单位,OK,东方财富期货库存数据,https://data.eastmoney.com/ifdata/kcsj.html
2026-07-14,LH,1195.0,,交易所披露单位,OK,东方财富期货库存数据,https://data.eastmoney.com/ifdata/kcsj.html
2026-07-15,LH,1172.0,-23.0,交易所披露单位,OK,东方财富期货库存数据,https://data.eastmoney.com/ifdata/kcsj.html
2026-07-16,LH,1140.0,-32.0,交易所披露单位,OK,东方财富期货库存数据,https://data.eastmoney.com/ifdata/kcsj.html
2026-07-17,LH,1119.0,-21.0,交易所披露单位,OK,东方财富期货库存数据,https://data.eastmoney.com/ifdata/kcsj.html
2026-07-20,LH,1106.0,-13.0,交易所披露单位,OK,东方财富期货库存数据,https://data.eastmoney.com/ifdata/kcsj.html
2026-07-21,LH,1088.0,-18.0,交易所披露单位,OK,东方财富期货库存数据,https://data.eastmoney.com/ifdata/kcsj.html
2026-07-22,LH,1084.0,-4.0,交易所披露单位,OK,东方财富期货库存数据,https://data.eastmoney.com/ifdata/kcsj.html
2026-07-23,LH,1084.0,,交易所披露单位,OK,东方财富期货库存数据,https://data.eastmoney.com/ifdata/kcsj.html
2026-07-24,LH,1082.0,-2.0,交易所披露单位,OK,东方财富期货库存数据,https://data.eastmoney.com/ifdata/kcsj.html
2026-07-27,LH,736.0,-346.0,交易所披露单位,OK,东方财富期货库存数据,https://data.eastmoney.com/ifdata/kcsj.html
2026-07-28,LH,710.0,-26.0,交易所披露单位,OK,东方财富期货库存数据,https://data.eastmoney.com/ifdata/kcsj.html
2026-07-29,LH,710.0,,交易所披露单位,OK,东方财富期货库存数据,https://data.eastmoney.com/ifdata/kcsj.html
2026-07-30,LH,635.0,-75.0,交易所披露单位,OK,东方财富期货库存数据,https://data.eastmoney.com/ifdata/kcsj.html
2026-06-25,LU,,,交易所披露单位,OK,东方财富期货库存数据,https://data.eastmoney.com/ifdata/kcsj.html
2026-06-26,LU,,,交易所披露单位,OK,东方财富期货库存数据,https://data.eastmoney.com/ifdata/kcsj.html
2026-06-29,LU,,,交易所披露单位,OK,东方财富期货库存数据,https://data.eastmoney.com/ifdata/kcsj.html
2026-06-30,LU,,,交易所披露单位,OK,东方财富期货库存数据,https://data.eastmoney.com/ifdata/kcsj.html
2026-07-01,LU,,,交易所披露单位,OK,东方财富期货库存数据,https://data.eastmoney.com/ifdata/kcsj.html
2026-07-02,LU,,,交易所披露单位,OK,东方财富期货库存数据,https://data.eastmoney.com/ifdata/kcsj.html
2026-07-03,LU,,,交易所披露单位,OK,东方财富期货库存数据,https://data.eastmoney.com/ifdata/kcsj.html
2026-07-06,LU,,,交易所披露单位,OK,东方财富期货库存数据,https://data.eastmoney.com/ifdata/kcsj.html
2026-07-07,LU,,,交易所披露单位,OK,东方财富期货库存数据,https://data.eastmoney.com/ifdata/kcsj.html
2026-07-08,LU,,,交易所披露单位,OK,东方财富期货库存数据,https://data.eastmoney.com/ifdata/kcsj.html
2026-07-09,LU,,,交易所披露单位,OK,东方财富期货库存数据,https://data.eastmoney.com/ifdata/kcsj.html
2026-07-10,LU,,,交易所披露单位,OK,东方财富期货库存数据,https://data.eastmoney.com/ifdata/kcsj.html
2026-07-13,LU,,,交易所披露单位,OK,东方财富期货库存数据,https://data.eastmoney.com/ifdata/kcsj.html
2026-07-14,LU,,,交易所披露单位,OK,东方财富期货库存数据,https://data.eastmoney.com/ifdata/kcsj.html
2026-07-15,LU,,,交易所披露单位,OK,东方财富期货库存数据,https://data.eastmoney.com/ifdata/kcsj.html
2026-07-16,LU,,,交易所披露单位,OK,东方财富期货库存数据,https://data.eastmoney.com/ifdata/kcsj.html
2026-07-17,LU,,,交易所披露单位,OK,东方财富期货库存数据,https://data.eastmoney.com/ifdata/kcsj.html
2026-07-20,LU,,,交易所披露单位,OK,东方财富期货库存数据,https://data.eastmoney.com/ifdata/kcsj.html
2026-07-21,LU,,,交易所披露单位,OK,东方财富期货库存数据,https://data.eastmoney.com/ifdata/kcsj.html
2026-07-22,LU,,,交易所披露单位,OK,东方财富期货库存数据,https://data.eastmoney.com/ifdata/kcsj.html
2026-07-23,LU,,,交易所披露单位,OK,东方财富期货库存数据,https://data.eastmoney.com/ifdata/kcsj.html
2026-07-24,LU,,,交易所披露单位,OK,东方财富期货库存数据,https://data.eastmoney.com/ifdata/kcsj.html
2026-07-27,LU,,,交易所披露单位,OK,东方财富期货库存数据,https://data.eastmoney.com/ifdata/kcsj.html
2026-07-28,LU,,,交易所披露单位,OK,东方财富期货库存数据,https://data.eastmoney.com/ifdata/kcsj.html
2026-07-29,LU,,,交易所披露单位,OK,东方财富期货库存数据,https://data.eastmoney.com/ifdata/kcsj.html
2026-07-30,LU,5000.0,5000.0,交易所披露单位,OK,东方财富期货库存数据,https://data.eastmoney.com/ifdata/kcsj.html
2026-06-25,M,40204.0,,交易所披露单位,OK,东方财富期货库存数据,https://data.eastmoney.com/ifdata/kcsj.html
2026-06-26,M,40204.0,,交易所披露单位,OK,东方财富期货库存数据,https://data.eastmoney.com/ifdata/kcsj.html
2026-06-29,M,40204.0,,交易所披露单位,OK,东方财富期货库存数据,https://data.eastmoney.com/ifdata/kcsj.html
2026-06-30,M,40204.0,,交易所披露单位,OK,东方财富期货库存数据,https://data.eastmoney.com/ifdata/kcsj.html
2026-07-01,M,40204.0,,交易所披露单位,OK,东方财富期货库存数据,https://data.eastmoney.com/ifdata/kcsj.html
2026-07-02,M,41204.0,1000.0,交易所披露单位,OK,东方财富期货库存数据,https://data.eastmoney.com/ifdata/kcsj.html
2026-07-03,M,41204.0,,交易所披露单位,OK,东方财富期货库存数据,https://data.eastmoney.com/ifdata/kcsj.html
2026-07-06,M,41667.0,463.0,交易所披露单位,OK,东方财富期货库存数据,https://data.eastmoney.com/ifdata/kcsj.html
2026-07-07,M,41667.0,,交易所披露单位,OK,东方财富期货库存数据,https://data.eastmoney.com/ifdata/kcsj.html
2026-07-08,M,41667.0,,交易所披露单位,OK,东方财富期货库存数据,https://data.eastmoney.com/ifdata/kcsj.html
2026-07-09,M,41467.0,-200.0,交易所披露单位,OK,东方财富期货库存数据,https://data.eastmoney.com/ifdata/kcsj.html
2026-07-10,M,41467.0,,交易所披露单位,OK,东方财富期货库存数据,https://data.eastmoney.com/ifdata/kcsj.html
2026-07-13,M,41467.0,,交易所披露单位,OK,东方财富期货库存数据,https://data.eastmoney.com/ifdata/kcsj.html
2026-07-14,M,41397.0,-70.0,交易所披露单位,OK,东方财富期货库存数据,https://data.eastmoney.com/ifdata/kcsj.html
2026-07-15,M,41356.0,-41.0,交易所披露单位,OK,东方财富期货库存数据,https://data.eastmoney.com/ifdata/kcsj.html
2026-07-16,M,41239.0,-117.0,交易所披露单位,OK,东方财富期货库存数据,https://data.eastmoney.com/ifdata/kcsj.html
2026-07-17,M,41044.0,-195.0,交易所披露单位,OK,东方财富期货库存数据,https://data.eastmoney.com/ifdata/kcsj.html
2026-07-20,M,40911.0,-133.0,交易所披露单位,OK,东方财富期货库存数据,https://data.eastmoney.com/ifdata/kcsj.html
2026-07-21,M,40733.0,-178.0,交易所披露单位,OK,东方财富期货库存数据,https://data.eastmoney.com/ifdata/kcsj.html
2026-07-22,M,40655.0,-78.0,交易所披露单位,OK,东方财富期货库存数据,https://data.eastmoney.com/ifdata/kcsj.html
2026-07-23,M,40518.0,-137.0,交易所披露单位,OK,东方财富期货库存数据,https://data.eastmoney.com/ifdata/kcsj.html
2026-07-24,M,40352.0,-166.0,交易所披露单位,OK,东方财富期货库存数据,https://data.eastmoney.com/ifdata/kcsj.html
2026-07-27,M,40269.0,-83.0,交易所披露单位,OK,东方财富期货库存数据,https://data.eastmoney.com/ifdata/kcsj.html
2026-07-28,M,40213.0,-56.0,交易所披露单位,OK,东方财富期货库存数据,https://data.eastmoney.com/ifdata/kcsj.html
2026-07-29,M,32628.0,-7585.0,交易所披露单位,OK,东方财富期货库存数据,https://data.eastmoney.com/ifdata/kcsj.html
2026-07-30,M,25706.0,-6922.0,交易所披露单位,OK,东方财富期货库存数据,https://data.eastmoney.com/ifdata/kcsj.html
2026-06-25,MA,2185.0,,交易所披露单位,OK,东方财富期货库存数据,https://data.eastmoney.com/ifdata/kcsj.html
2026-06-26,MA,2185.0,,交易所披露单位,OK,东方财富期货库存数据,https://data.eastmoney.com/ifdata/kcsj.html
2026-06-29,MA,5185.0,3000.0,交易所披露单位,OK,东方财富期货库存数据,https://data.eastmoney.com/ifdata/kcsj.html
2026-06-30,MA,4910.0,-275.0,交易所披露单位,OK,东方财富期货库存数据,https://data.eastmoney.com/ifdata/kcsj.html
2026-07-01,MA,4910.0,,交易所披露单位,OK,东方财富期货库存数据,https://data.eastmoney.com/ifdata/kcsj.html
2026-07-02,MA,5090.0,180.0,交易所披露单位,OK,东方财富期货库存数据,https://data.eastmoney.com/ifdata/kcsj.html
2026-07-03,MA,5090.0,,交易所披露单位,OK,东方财富期货库存数据,https://data.eastmoney.com/ifdata/kcsj.html
2026-07-06,MA,5090.0,,交易所披露单位,OK,东方财富期货库存数据,https://data.eastmoney.com/ifdata/kcsj.html
2026-07-07,MA,4970.0,-120.0,交易所披露单位,OK,东方财富期货库存数据,https://data.eastmoney.com/ifdata/kcsj.html
2026-07-08,MA,4878.0,-92.0,交易所披露单位,OK,东方财富期货库存数据,https://data.eastmoney.com/ifdata/kcsj.html
2026-07-09,MA,4828.0,-50.0,交易所披露单位,OK,东方财富期货库存数据,https://data.eastmoney.com/ifdata/kcsj.html
2026-07-10,MA,6481.0,1653.0,交易所披露单位,OK,东方财富期货库存数据,https://data.eastmoney.com/ifdata/kcsj.html
2026-07-13,MA,6300.0,-181.0,交易所披露单位,OK,东方财富期货库存数据,https://data.eastmoney.com/ifdata/kcsj.html
2026-07-14,MA,6100.0,-200.0,交易所披露单位,OK,东方财富期货库存数据,https://data.eastmoney.com/ifdata/kcsj.html
2026-07-15,MA,6100.0,,交易所披露单位,OK,东方财富期货库存数据,https://data.eastmoney.com/ifdata/kcsj.html
2026-07-16,MA,7100.0,1000.0,交易所披露单位,OK,东方财富期货库存数据,https://data.eastmoney.com/ifdata/kcsj.html
2026-07-17,MA,6710.0,-390.0,交易所披露单位,OK,东方财富期货库存数据,https://data.eastmoney.com/ifdata/kcsj.html
2026-07-20,MA,6595.0,-115.0,交易所披露单位,OK,东方财富期货库存数据,https://data.eastmoney.com/ifdata/kcsj.html
2026-07-21,MA,5878.0,-717.0,交易所披露单位,OK,东方财富期货库存数据,https://data.eastmoney.com/ifdata/kcsj.html
2026-07-22,MA,5878.0,,交易所披露单位,OK,东方财富期货库存数据,https://data.eastmoney.com/ifdata/kcsj.html
2026-07-23,MA,5802.0,-76.0,交易所披露单位,OK,东方财富期货库存数据,https://data.eastmoney.com/ifdata/kcsj.html
2026-07-24,MA,5862.0,60.0,交易所披露单位,OK,东方财富期货库存数据,https://data.eastmoney.com/ifdata/kcsj.html
2026-07-27,MA,5612.0,-250.0,交易所披露单位,OK,东方财富期货库存数据,https://data.eastmoney.com/ifdata/kcsj.html
2026-07-28,MA,5150.0,-462.0,交易所披露单位,OK,东方财富期货库存数据,https://data.eastmoney.com/ifdata/kcsj.html
2026-07-29,MA,5150.0,,交易所披露单位,OK,东方财富期货库存数据,https://data.eastmoney.com/ifdata/kcsj.html
2026-07-30,MA,5150.0,,交易所披露单位,OK,东方财富期货库存数据,https://data.eastmoney.com/ifdata/kcsj.html
2026-06-25,NI,96109.0,1083.0,交易所披露单位,OK,东方财富期货库存数据,https://data.eastmoney.com/ifdata/kcsj.html
2026-06-26,NI,97057.0,948.0,交易所披露单位,OK,东方财富期货库存数据,https://data.eastmoney.com/ifdata/kcsj.html
2026-06-29,NI,98091.0,1034.0,交易所披露单位,OK,东方财富期货库存数据,https://data.eastmoney.com/ifdata/kcsj.html
2026-06-30,NI,98201.0,110.0,交易所披露单位,OK,东方财富期货库存数据,https://data.eastmoney.com/ifdata/kcsj.html
2026-07-01,NI,98195.0,-6.0,交易所披露单位,OK,东方财富期货库存数据,https://data.eastmoney.com/ifdata/kcsj.html
2026-07-02,NI,98099.0,-96.0,交易所披露单位,OK,东方财富期货库存数据,https://data.eastmoney.com/ifdata/kcsj.html
2026-07-03,NI,98057.0,-42.0,交易所披露单位,OK,东方财富期货库存数据,https://data.eastmoney.com/ifdata/kcsj.html
2026-07-06,NI,98052.0,-5.0,交易所披露单位,OK,东方财富期货库存数据,https://data.eastmoney.com/ifdata/kcsj.html
2026-07-07,NI,98094.0,42.0,交易所披露单位,OK,东方财富期货库存数据,https://data.eastmoney.com/ifdata/kcsj.html
2026-07-08,NI,98183.0,89.0,交易所披露单位,OK,东方财富期货库存数据,https://data.eastmoney.com/ifdata/kcsj.html
2026-07-09,NI,98183.0,,交易所披露单位,OK,东方财富期货库存数据,https://data.eastmoney.com/ifdata/kcsj.html
2026-07-10,NI,98099.0,-84.0,交易所披露单位,OK,东方财富期货库存数据,https://data.eastmoney.com/ifdata/kcsj.html
2026-07-13,NI,98082.0,-17.0,交易所披露单位,OK,东方财富期货库存数据,https://data.eastmoney.com/ifdata/kcsj.html
2026-07-14,NI,98088.0,6.0,交易所披露单位,OK,东方财富期货库存数据,https://data.eastmoney.com/ifdata/kcsj.html
2026-07-15,NI,98076.0,-12.0,交易所披露单位,OK,东方财富期货库存数据,https://data.eastmoney.com/ifdata/kcsj.html
2026-07-16,NI,98451.0,375.0,交易所披露单位,OK,东方财富期货库存数据,https://data.eastmoney.com/ifdata/kcsj.html
2026-07-17,NI,99316.0,865.0,交易所披露单位,OK,东方财富期货库存数据,https://data.eastmoney.com/ifdata/kcsj.html
2026-07-20,NI,99383.0,67.0,交易所披露单位,OK,东方财富期货库存数据,https://data.eastmoney.com/ifdata/kcsj.html
2026-07-21,NI,100294.0,911.0,交易所披露单位,OK,东方财富期货库存数据,https://data.eastmoney.com/ifdata/kcsj.html
2026-07-22,NI,99703.0,-591.0,交易所披露单位,OK,东方财富期货库存数据,https://data.eastmoney.com/ifdata/kcsj.html
2026-07-23,NI,99613.0,-90.0,交易所披露单位,OK,东方财富期货库存数据,https://data.eastmoney.com/ifdata/kcsj.html
2026-07-24,NI,99783.0,170.0,交易所披露单位,OK,东方财富期货库存数据,https://data.eastmoney.com/ifdata/kcsj.html
2026-07-27,NI,99596.0,-187.0,交易所披露单位,OK,东方财富期货库存数据,https://data.eastmoney.com/ifdata/kcsj.html
2026-07-28,NI,99638.0,42.0,交易所披露单位,OK,东方财富期货库存数据,https://data.eastmoney.com/ifdata/kcsj.html
2026-07-29,NI,99663.0,25.0,交易所披露单位,OK,东方财富期货库存数据,https://data.eastmoney.com/ifdata/kcsj.html
2026-07-30,NI,100960.0,1297.0,交易所披露单位,OK,东方财富期货库存数据,https://data.eastmoney.com/ifdata/kcsj.html
2026-06-25,NR,23183.0,-201.0,交易所披露单位,OK,东方财富期货库存数据,https://data.eastmoney.com/ifdata/kcsj.html
2026-06-26,NR,23183.0,,交易所披露单位,OK,东方财富期货库存数据,https://data.eastmoney.com/ifdata/kcsj.html
2026-06-29,NR,22880.0,-303.0,交易所披露单位,OK,东方财富期货库存数据,https://data.eastmoney.com/ifdata/kcsj.html
2026-06-30,NR,22779.0,-101.0,交易所披露单位,OK,东方财富期货库存数据,https://data.eastmoney.com/ifdata/kcsj.html
2026-07-01,NR,22779.0,,交易所披露单位,OK,东方财富期货库存数据,https://data.eastmoney.com/ifdata/kcsj.html
2026-07-02,NR,21972.0,-807.0,交易所披露单位,OK,东方财富期货库存数据,https://data.eastmoney.com/ifdata/kcsj.html
2026-07-03,NR,21771.0,-201.0,交易所披露单位,OK,东方财富期货库存数据,https://data.eastmoney.com/ifdata/kcsj.html
2026-07-06,NR,21670.0,-101.0,交易所披露单位,OK,东方财富期货库存数据,https://data.eastmoney.com/ifdata/kcsj.html
2026-07-07,NR,21065.0,-605.0,交易所披露单位,OK,东方财富期货库存数据,https://data.eastmoney.com/ifdata/kcsj.html
2026-07-08,NR,21065.0,,交易所披露单位,OK,东方财富期货库存数据,https://data.eastmoney.com/ifdata/kcsj.html
2026-07-09,NR,21065.0,,交易所披露单位,OK,东方财富期货库存数据,https://data.eastmoney.com/ifdata/kcsj.html
2026-07-10,NR,20964.0,-101.0,交易所披露单位,OK,东方财富期货库存数据,https://data.eastmoney.com/ifdata/kcsj.html
2026-07-13,NR,20964.0,,交易所披露单位,OK,东方财富期货库存数据,https://data.eastmoney.com/ifdata/kcsj.html
2026-07-14,NR,20964.0,,交易所披露单位,OK,东方财富期货库存数据,https://data.eastmoney.com/ifdata/kcsj.html
2026-07-15,NR,20964.0,,交易所披露单位,OK,东方财富期货库存数据,https://data.eastmoney.com/ifdata/kcsj.html
2026-07-16,NR,20863.0,-101.0,交易所披露单位,OK,东方财富期货库存数据,https://data.eastmoney.com/ifdata/kcsj.html
2026-07-17,NR,19452.0,-1411.0,交易所披露单位,OK,东方财富期货库存数据,https://data.eastmoney.com/ifdata/kcsj.html
2026-07-20,NR,19452.0,,交易所披露单位,OK,东方财富期货库存数据,https://data.eastmoney.com/ifdata/kcsj.html
2026-07-21,NR,19452.0,,交易所披露单位,OK,东方财富期货库存数据,https://data.eastmoney.com/ifdata/kcsj.html
2026-07-22,NR,18344.0,-1108.0,交易所披露单位,OK,东方财富期货库存数据,https://data.eastmoney.com/ifdata/kcsj.html
2026-07-23,NR,18243.0,-101.0,交易所披露单位,OK,东方财富期货库存数据,https://data.eastmoney.com/ifdata/kcsj.html
2026-07-24,NR,18243.0,,交易所披露单位,OK,东方财富期货库存数据,https://data.eastmoney.com/ifdata/kcsj.html
2026-07-27,NR,18243.0,,交易所披露单位,OK,东方财富期货库存数据,https://data.eastmoney.com/ifdata/kcsj.html
2026-07-28,NR,18243.0,,交易所披露单位,OK,东方财富期货库存数据,https://data.eastmoney.com/ifdata/kcsj.html
2026-07-29,NR,17035.0,-1208.0,交易所披露单位,OK,东方财富期货库存数据,https://data.eastmoney.com/ifdata/kcsj.html
2026-07-30,NR,16934.0,-101.0,交易所披露单位,OK,东方财富期货库存数据,https://data.eastmoney.com/ifdata/kcsj.html
2026-06-25,OI,400.0,,交易所披露单位,OK,东方财富期货库存数据,https://data.eastmoney.com/ifdata/kcsj.html
2026-06-26,OI,400.0,,交易所披露单位,OK,东方财富期货库存数据,https://data.eastmoney.com/ifdata/kcsj.html
2026-06-29,OI,400.0,,交易所披露单位,OK,东方财富期货库存数据,https://data.eastmoney.com/ifdata/kcsj.html
2026-06-30,OI,400.0,,交易所披露单位,OK,东方财富期货库存数据,https://data.eastmoney.com/ifdata/kcsj.html
2026-07-01,OI,400.0,,交易所披露单位,OK,东方财富期货库存数据,https://data.eastmoney.com/ifdata/kcsj.html
2026-07-02,OI,400.0,,交易所披露单位,OK,东方财富期货库存数据,https://data.eastmoney.com/ifdata/kcsj.html
2026-07-03,OI,400.0,,交易所披露单位,OK,东方财富期货库存数据,https://data.eastmoney.com/ifdata/kcsj.html
2026-07-06,OI,583.0,183.0,交易所披露单位,OK,东方财富期货库存数据,https://data.eastmoney.com/ifdata/kcsj.html
2026-07-07,OI,383.0,-200.0,交易所披露单位,OK,东方财富期货库存数据,https://data.eastmoney.com/ifdata/kcsj.html
2026-07-08,OI,880.0,497.0,交易所披露单位,OK,东方财富期货库存数据,https://data.eastmoney.com/ifdata/kcsj.html
2026-07-09,OI,933.0,53.0,交易所披露单位,OK,东方财富期货库存数据,https://data.eastmoney.com/ifdata/kcsj.html
2026-07-10,OI,733.0,-200.0,交易所披露单位,OK,东方财富期货库存数据,https://data.eastmoney.com/ifdata/kcsj.html
2026-07-13,OI,1634.0,901.0,交易所披露单位,OK,东方财富期货库存数据,https://data.eastmoney.com/ifdata/kcsj.html
2026-07-14,OI,1644.0,10.0,交易所披露单位,OK,东方财富期货库存数据,https://data.eastmoney.com/ifdata/kcsj.html
2026-07-15,OI,1644.0,,交易所披露单位,OK,东方财富期货库存数据,https://data.eastmoney.com/ifdata/kcsj.html
2026-07-16,OI,1644.0,,交易所披露单位,OK,东方财富期货库存数据,https://data.eastmoney.com/ifdata/kcsj.html
2026-07-17,OI,1644.0,,交易所披露单位,OK,东方财富期货库存数据,https://data.eastmoney.com/ifdata/kcsj.html
2026-07-20,OI,1644.0,,交易所披露单位,OK,东方财富期货库存数据,https://data.eastmoney.com/ifdata/kcsj.html
2026-07-21,OI,1644.0,,交易所披露单位,OK,东方财富期货库存数据,https://data.eastmoney.com/ifdata/kcsj.html
2026-07-22,OI,1644.0,,交易所披露单位,OK,东方财富期货库存数据,https://data.eastmoney.com/ifdata/kcsj.html
2026-07-23,OI,1644.0,,交易所披露单位,OK,东方财富期货库存数据,https://data.eastmoney.com/ifdata/kcsj.html
2026-07-24,OI,1644.0,,交易所披露单位,OK,东方财富期货库存数据,https://data.eastmoney.com/ifdata/kcsj.html
2026-07-27,OI,1644.0,,交易所披露单位,OK,东方财富期货库存数据,https://data.eastmoney.com/ifdata/kcsj.html
2026-07-28,OI,1444.0,-200.0,交易所披露单位,OK,东方财富期货库存数据,https://data.eastmoney.com/ifdata/kcsj.html
2026-07-29,OI,1444.0,,交易所披露单位,OK,东方财富期货库存数据,https://data.eastmoney.com/ifdata/kcsj.html
2026-07-30,OI,1444.0,,交易所披露单位,OK,东方财富期货库存数据,https://data.eastmoney.com/ifdata/kcsj.html
2026-06-25,OP,1557.0,,交易所披露单位,OK,东方财富期货库存数据,https://data.eastmoney.com/ifdata/kcsj.html
2026-06-26,OP,1557.0,,交易所披露单位,OK,东方财富期货库存数据,https://data.eastmoney.com/ifdata/kcsj.html
2026-06-29,OP,1557.0,,交易所披露单位,OK,东方财富期货库存数据,https://data.eastmoney.com/ifdata/kcsj.html
2026-06-30,OP,1557.0,,交易所披露单位,OK,东方财富期货库存数据,https://data.eastmoney.com/ifdata/kcsj.html
2026-07-01,OP,1557.0,,交易所披露单位,OK,东方财富期货库存数据,https://data.eastmoney.com/ifdata/kcsj.html
2026-07-02,OP,1557.0,,交易所披露单位,OK,东方财富期货库存数据,https://data.eastmoney.com/ifdata/kcsj.html
2026-07-03,OP,1557.0,,交易所披露单位,OK,东方财富期货库存数据,https://data.eastmoney.com/ifdata/kcsj.html
2026-07-06,OP,1557.0,,交易所披露单位,OK,东方财富期货库存数据,https://data.eastmoney.com/ifdata/kcsj.html
2026-07-07,OP,1557.0,,交易所披露单位,OK,东方财富期货库存数据,https://data.eastmoney.com/ifdata/kcsj.html
2026-07-08,OP,1557.0,,交易所披露单位,OK,东方财富期货库存数据,https://data.eastmoney.com/ifdata/kcsj.html
2026-07-09,OP,1557.0,,交易所披露单位,OK,东方财富期货库存数据,https://data.eastmoney.com/ifdata/kcsj.html
2026-07-10,OP,1557.0,,交易所披露单位,OK,东方财富期货库存数据,https://data.eastmoney.com/ifdata/kcsj.html
2026-07-13,OP,1916.0,359.0,交易所披露单位,OK,东方财富期货库存数据,https://data.eastmoney.com/ifdata/kcsj.html
2026-07-14,OP,2758.0,842.0,交易所披露单位,OK,东方财富期货库存数据,https://data.eastmoney.com/ifdata/kcsj.html
2026-07-15,OP,2758.0,,交易所披露单位,OK,东方财富期货库存数据,https://data.eastmoney.com/ifdata/kcsj.html
2026-07-16,OP,2758.0,,交易所披露单位,OK,东方财富期货库存数据,https://data.eastmoney.com/ifdata/kcsj.html
2026-07-17,OP,2758.0,,交易所披露单位,OK,东方财富期货库存数据,https://data.eastmoney.com/ifdata/kcsj.html
2026-07-20,OP,2758.0,,交易所披露单位,OK,东方财富期货库存数据,https://data.eastmoney.com/ifdata/kcsj.html
2026-07-21,OP,2758.0,,交易所披露单位,OK,东方财富期货库存数据,https://data.eastmoney.com/ifdata/kcsj.html
2026-07-22,OP,2758.0,,交易所披露单位,OK,东方财富期货库存数据,https://data.eastmoney.com/ifdata/kcsj.html
2026-07-23,OP,2758.0,,交易所披露单位,OK,东方财富期货库存数据,https://data.eastmoney.com/ifdata/kcsj.html
2026-07-24,OP,2758.0,,交易所披露单位,OK,东方财富期货库存数据,https://data.eastmoney.com/ifdata/kcsj.html
2026-07-27,OP,2758.0,,交易所披露单位,OK,东方财富期货库存数据,https://data.eastmoney.com/ifdata/kcsj.html
2026-07-28,OP,2758.0,,交易所披露单位,OK,东方财富期货库存数据,https://data.eastmoney.com/ifdata/kcsj.html
2026-07-29,OP,2758.0,,交易所披露单位,OK,东方财富期货库存数据,https://data.eastmoney.com/ifdata/kcsj.html
2026-07-30,OP,2758.0,,交易所披露单位,OK,东方财富期货库存数据,https://data.eastmoney.com/ifdata/kcsj.html
2026-06-26,P,400.0,400.0,交易所披露单位,OK,东方财富期货库存数据,https://data.eastmoney.com/ifdata/kcsj.html
2026-06-29,P,400.0,,交易所披露单位,OK,东方财富期货库存数据,https://data.eastmoney.com/ifdata/kcsj.html
2026-06-30,P,400.0,,交易所披露单位,OK,东方财富期货库存数据,https://data.eastmoney.com/ifdata/kcsj.html
2026-07-01,P,400.0,,交易所披露单位,OK,东方财富期货库存数据,https://data.eastmoney.com/ifdata/kcsj.html
2026-07-02,P,240.0,-160.0,交易所披露单位,OK,东方财富期货库存数据,https://data.eastmoney.com/ifdata/kcsj.html
2026-07-03,P,240.0,,交易所披露单位,OK,东方财富期货库存数据,https://data.eastmoney.com/ifdata/kcsj.html
2026-07-06,P,543.0,303.0,交易所披露单位,OK,东方财富期货库存数据,https://data.eastmoney.com/ifdata/kcsj.html
2026-07-07,P,543.0,,交易所披露单位,OK,东方财富期货库存数据,https://data.eastmoney.com/ifdata/kcsj.html
2026-07-08,P,543.0,,交易所披露单位,OK,东方财富期货库存数据,https://data.eastmoney.com/ifdata/kcsj.html
2026-07-09,P,1013.0,470.0,交易所披露单位,OK,东方财富期货库存数据,https://data.eastmoney.com/ifdata/kcsj.html
2026-07-10,P,1013.0,,交易所披露单位,OK,东方财富期货库存数据,https://data.eastmoney.com/ifdata/kcsj.html
2026-07-13,P,1346.0,333.0,交易所披露单位,OK,东方财富期货库存数据,https://data.eastmoney.com/ifdata/kcsj.html
2026-07-14,P,1346.0,,交易所披露单位,OK,东方财富期货库存数据,https://data.eastmoney.com/ifdata/kcsj.html
2026-07-15,P,1346.0,,交易所披露单位,OK,东方财富期货库存数据,https://data.eastmoney.com/ifdata/kcsj.html
2026-07-16,P,1346.0,,交易所披露单位,OK,东方财富期货库存数据,https://data.eastmoney.com/ifdata/kcsj.html
2026-07-17,P,1346.0,,交易所披露单位,OK,东方财富期货库存数据,https://data.eastmoney.com/ifdata/kcsj.html
2026-07-20,P,953.0,-393.0,交易所披露单位,OK,东方财富期货库存数据,https://data.eastmoney.com/ifdata/kcsj.html
2026-07-21,P,10.0,-943.0,交易所披露单位,OK,东方财富期货库存数据,https://data.eastmoney.com/ifdata/kcsj.html
2026-07-22,P,,-10.0,交易所披露单位,OK,东方财富期货库存数据,https://data.eastmoney.com/ifdata/kcsj.html
2026-07-27,P,400.0,400.0,交易所披露单位,OK,东方财富期货库存数据,https://data.eastmoney.com/ifdata/kcsj.html
2026-07-28,P,400.0,,交易所披露单位,OK,东方财富期货库存数据,https://data.eastmoney.com/ifdata/kcsj.html
2026-07-29,P,400.0,,交易所披露单位,OK,东方财富期货库存数据,https://data.eastmoney.com/ifdata/kcsj.html
2026-07-30,P,400.0,,交易所披露单位,OK,东方财富期货库存数据,https://data.eastmoney.com/ifdata/kcsj.html
2026-06-25,PB,62656.0,,交易所披露单位,OK,东方财富期货库存数据,https://data.eastmoney.com/ifdata/kcsj.html
2026-06-26,PB,62557.0,-99.0,交易所披露单位,OK,东方财富期货库存数据,https://data.eastmoney.com/ifdata/kcsj.html
2026-06-29,PB,63191.0,634.0,交易所披露单位,OK,东方财富期货库存数据,https://data.eastmoney.com/ifdata/kcsj.html
2026-06-30,PB,65164.0,1973.0,交易所披露单位,OK,东方财富期货库存数据,https://data.eastmoney.com/ifdata/kcsj.html
2026-07-01,PB,65860.0,696.0,交易所披露单位,OK,东方财富期货库存数据,https://data.eastmoney.com/ifdata/kcsj.html
2026-07-02,PB,64590.0,-1270.0,交易所披露单位,OK,东方财富期货库存数据,https://data.eastmoney.com/ifdata/kcsj.html
2026-07-03,PB,64365.0,-225.0,交易所披露单位,OK,东方财富期货库存数据,https://data.eastmoney.com/ifdata/kcsj.html
2026-07-06,PB,62852.0,-1513.0,交易所披露单位,OK,东方财富期货库存数据,https://data.eastmoney.com/ifdata/kcsj.html
2026-07-07,PB,62076.0,-776.0,交易所披露单位,OK,东方财富期货库存数据,https://data.eastmoney.com/ifdata/kcsj.html
2026-07-08,PB,61432.0,-644.0,交易所披露单位,OK,东方财富期货库存数据,https://data.eastmoney.com/ifdata/kcsj.html
2026-07-09,PB,63466.0,2034.0,交易所披露单位,OK,东方财富期货库存数据,https://data.eastmoney.com/ifdata/kcsj.html
2026-07-10,PB,64087.0,621.0,交易所披露单位,OK,东方财富期货库存数据,https://data.eastmoney.com/ifdata/kcsj.html
2026-07-13,PB,63017.0,-1070.0,交易所披露单位,OK,东方财富期货库存数据,https://data.eastmoney.com/ifdata/kcsj.html
2026-07-14,PB,62967.0,-50.0,交易所披露单位,OK,东方财富期货库存数据,https://data.eastmoney.com/ifdata/kcsj.html
2026-07-15,PB,65913.0,2946.0,交易所披露单位,OK,东方财富期货库存数据,https://data.eastmoney.com/ifdata/kcsj.html
2026-07-16,PB,64245.0,-1668.0,交易所披露单位,OK,东方财富期货库存数据,https://data.eastmoney.com/ifdata/kcsj.html
2026-07-17,PB,62644.0,-1601.0,交易所披露单位,OK,东方财富期货库存数据,https://data.eastmoney.com/ifdata/kcsj.html
2026-07-20,PB,57927.0,-4717.0,交易所披露单位,OK,东方财富期货库存数据,https://data.eastmoney.com/ifdata/kcsj.html
2026-07-21,PB,58052.0,125.0,交易所披露单位,OK,东方财富期货库存数据,https://data.eastmoney.com/ifdata/kcsj.html
2026-07-22,PB,57952.0,-100.0,交易所披露单位,OK,东方财富期货库存数据,https://data.eastmoney.com/ifdata/kcsj.html
2026-07-23,PB,57779.0,-173.0,交易所披露单位,OK,东方财富期货库存数据,https://data.eastmoney.com/ifdata/kcsj.html
2026-07-24,PB,57729.0,-50.0,交易所披露单位,OK,东方财富期货库存数据,https://data.eastmoney.com/ifdata/kcsj.html
2026-07-27,PB,57729.0,,交易所披露单位,OK,东方财富期货库存数据,https://data.eastmoney.com/ifdata/kcsj.html
2026-07-28,PB,57602.0,-127.0,交易所披露单位,OK,东方财富期货库存数据,https://data.eastmoney.com/ifdata/kcsj.html
2026-07-29,PB,57578.0,-24.0,交易所披露单位,OK,东方财富期货库存数据,https://data.eastmoney.com/ifdata/kcsj.html
2026-07-30,PB,57727.0,149.0,交易所披露单位,OK,东方财富期货库存数据,https://data.eastmoney.com/ifdata/kcsj.html
2026-06-25,PF,2400.0,2400.0,交易所披露单位,OK,东方财富期货库存数据,https://data.eastmoney.com/ifdata/kcsj.html
2026-06-26,PF,2400.0,,交易所披露单位,OK,东方财富期货库存数据,https://data.eastmoney.com/ifdata/kcsj.html
2026-06-29,PF,2400.0,,交易所披露单位,OK,东方财富期货库存数据,https://data.eastmoney.com/ifdata/kcsj.html
2026-06-30,PF,2400.0,,交易所披露单位,OK,东方财富期货库存数据,https://data.eastmoney.com/ifdata/kcsj.html
2026-07-01,PF,2400.0,,交易所披露单位,OK,东方财富期货库存数据,https://data.eastmoney.com/ifdata/kcsj.html
2026-07-02,PF,2400.0,,交易所披露单位,OK,东方财富期货库存数据,https://data.eastmoney.com/ifdata/kcsj.html
2026-07-03,PF,2400.0,,交易所披露单位,OK,东方财富期货库存数据,https://data.eastmoney.com/ifdata/kcsj.html
2026-07-06,PF,2400.0,,交易所披露单位,OK,东方财富期货库存数据,https://data.eastmoney.com/ifdata/kcsj.html
2026-07-07,PF,2400.0,,交易所披露单位,OK,东方财富期货库存数据,https://data.eastmoney.com/ifdata/kcsj.html
2026-07-08,PF,2512.0,112.0,交易所披露单位,OK,东方财富期货库存数据,https://data.eastmoney.com/ifdata/kcsj.html
2026-07-09,PF,2400.0,-112.0,交易所披露单位,OK,东方财富期货库存数据,https://data.eastmoney.com/ifdata/kcsj.html
2026-07-10,PF,2400.0,,交易所披露单位,OK,东方财富期货库存数据,https://data.eastmoney.com/ifdata/kcsj.html
2026-07-13,PF,2400.0,,交易所披露单位,OK,东方财富期货库存数据,https://data.eastmoney.com/ifdata/kcsj.html
2026-07-14,PF,2400.0,,交易所披露单位,OK,东方财富期货库存数据,https://data.eastmoney.com/ifdata/kcsj.html
2026-07-15,PF,2400.0,,交易所披露单位,OK,东方财富期货库存数据,https://data.eastmoney.com/ifdata/kcsj.html
2026-07-16,PF,2400.0,,交易所披露单位,OK,东方财富期货库存数据,https://data.eastmoney.com/ifdata/kcsj.html
2026-07-17,PF,2400.0,,交易所披露单位,OK,东方财富期货库存数据,https://data.eastmoney.com/ifdata/kcsj.html
2026-07-20,PF,2400.0,,交易所披露单位,OK,东方财富期货库存数据,https://data.eastmoney.com/ifdata/kcsj.html
2026-07-21,PF,2400.0,,交易所披露单位,OK,东方财富期货库存数据,https://data.eastmoney.com/ifdata/kcsj.html
2026-07-22,PF,2666.0,266.0,交易所披露单位,OK,东方财富期货库存数据,https://data.eastmoney.com/ifdata/kcsj.html
2026-07-23,PF,2666.0,,交易所披露单位,OK,东方财富期货库存数据,https://data.eastmoney.com/ifdata/kcsj.html
2026-07-24,PF,2666.0,,交易所披露单位,OK,东方财富期货库存数据,https://data.eastmoney.com/ifdata/kcsj.html
2026-07-27,PF,2666.0,,交易所披露单位,OK,东方财富期货库存数据,https://data.eastmoney.com/ifdata/kcsj.html
2026-07-28,PF,2666.0,,交易所披露单位,OK,东方财富期货库存数据,https://data.eastmoney.com/ifdata/kcsj.html
2026-07-29,PF,2666.0,,交易所披露单位,OK,东方财富期货库存数据,https://data.eastmoney.com/ifdata/kcsj.html
2026-07-30,PF,2666.0,,交易所披露单位,OK,东方财富期货库存数据,https://data.eastmoney.com/ifdata/kcsj.html
2026-06-25,PG,1993.0,,交易所披露单位,OK,东方财富期货库存数据,https://data.eastmoney.com/ifdata/kcsj.html
2026-06-26,PG,1704.0,-289.0,交易所披露单位,OK,东方财富期货库存数据,https://data.eastmoney.com/ifdata/kcsj.html
2026-06-29,PG,1704.0,,交易所披露单位,OK,东方财富期货库存数据,https://data.eastmoney.com/ifdata/kcsj.html
2026-06-30,PG,1669.0,-35.0,交易所披露单位,OK,东方财富期货库存数据,https://data.eastmoney.com/ifdata/kcsj.html
2026-07-01,PG,1669.0,,交易所披露单位,OK,东方财富期货库存数据,https://data.eastmoney.com/ifdata/kcsj.html
2026-07-02,PG,1669.0,,交易所披露单位,OK,东方财富期货库存数据,https://data.eastmoney.com/ifdata/kcsj.html
2026-07-03,PG,2069.0,400.0,交易所披露单位,OK,东方财富期货库存数据,https://data.eastmoney.com/ifdata/kcsj.html
2026-07-06,PG,2069.0,,交易所披露单位,OK,东方财富期货库存数据,https://data.eastmoney.com/ifdata/kcsj.html
2026-07-07,PG,2069.0,,交易所披露单位,OK,东方财富期货库存数据,https://data.eastmoney.com/ifdata/kcsj.html
2026-07-08,PG,2054.0,-15.0,交易所披露单位,OK,东方财富期货库存数据,https://data.eastmoney.com/ifdata/kcsj.html
2026-07-09,PG,2054.0,,交易所披露单位,OK,东方财富期货库存数据,https://data.eastmoney.com/ifdata/kcsj.html
2026-07-10,PG,2054.0,,交易所披露单位,OK,东方财富期货库存数据,https://data.eastmoney.com/ifdata/kcsj.html
2026-07-13,PG,2048.0,-6.0,交易所披露单位,OK,东方财富期货库存数据,https://data.eastmoney.com/ifdata/kcsj.html
2026-07-14,PG,2048.0,,交易所披露单位,OK,东方财富期货库存数据,https://data.eastmoney.com/ifdata/kcsj.html
2026-07-15,PG,1994.0,-54.0,交易所披露单位,OK,东方财富期货库存数据,https://data.eastmoney.com/ifdata/kcsj.html
2026-07-16,PG,1994.0,,交易所披露单位,OK,东方财富期货库存数据,https://data.eastmoney.com/ifdata/kcsj.html
2026-07-17,PG,1994.0,,交易所披露单位,OK,东方财富期货库存数据,https://data.eastmoney.com/ifdata/kcsj.html
2026-07-20,PG,2494.0,500.0,交易所披露单位,OK,东方财富期货库存数据,https://data.eastmoney.com/ifdata/kcsj.html
2026-07-21,PG,2994.0,500.0,交易所披露单位,OK,东方财富期货库存数据,https://data.eastmoney.com/ifdata/kcsj.html
2026-07-22,PG,3588.0,594.0,交易所披露单位,OK,东方财富期货库存数据,https://data.eastmoney.com/ifdata/kcsj.html
2026-07-23,PG,3588.0,,交易所披露单位,OK,东方财富期货库存数据,https://data.eastmoney.com/ifdata/kcsj.html
2026-07-24,PG,3588.0,,交易所披露单位,OK,东方财富期货库存数据,https://data.eastmoney.com/ifdata/kcsj.html
2026-07-27,PG,3588.0,,交易所披露单位,OK,东方财富期货库存数据,https://data.eastmoney.com/ifdata/kcsj.html
2026-07-28,PG,3588.0,,交易所披露单位,OK,东方财富期货库存数据,https://data.eastmoney.com/ifdata/kcsj.html
2026-07-29,PG,3588.0,,交易所披露单位,OK,东方财富期货库存数据,https://data.eastmoney.com/ifdata/kcsj.html
2026-07-30,PG,3326.0,-262.0,交易所披露单位,OK,东方财富期货库存数据,https://data.eastmoney.com/ifdata/kcsj.html
2026-06-25,PK,,,交易所披露单位,OK,东方财富期货库存数据,https://data.eastmoney.com/ifdata/kcsj.html
2026-06-26,PK,,,交易所披露单位,OK,东方财富期货库存数据,https://data.eastmoney.com/ifdata/kcsj.html
2026-06-29,PK,,,交易所披露单位,OK,东方财富期货库存数据,https://data.eastmoney.com/ifdata/kcsj.html
2026-06-30,PK,,,交易所披露单位,OK,东方财富期货库存数据,https://data.eastmoney.com/ifdata/kcsj.html
2026-07-01,PK,,,交易所披露单位,OK,东方财富期货库存数据,https://data.eastmoney.com/ifdata/kcsj.html
2026-07-02,PK,,,交易所披露单位,OK,东方财富期货库存数据,https://data.eastmoney.com/ifdata/kcsj.html
2026-07-03,PK,,,交易所披露单位,OK,东方财富期货库存数据,https://data.eastmoney.com/ifdata/kcsj.html
2026-07-06,PK,,,交易所披露单位,OK,东方财富期货库存数据,https://data.eastmoney.com/ifdata/kcsj.html
2026-07-07,PK,,,交易所披露单位,OK,东方财富期货库存数据,https://data.eastmoney.com/ifdata/kcsj.html
2026-07-08,PK,,,交易所披露单位,OK,东方财富期货库存数据,https://data.eastmoney.com/ifdata/kcsj.html
2026-07-09,PK,,,交易所披露单位,OK,东方财富期货库存数据,https://data.eastmoney.com/ifdata/kcsj.html
2026-07-10,PK,,,交易所披露单位,OK,东方财富期货库存数据,https://data.eastmoney.com/ifdata/kcsj.html
2026-07-13,PK,,,交易所披露单位,OK,东方财富期货库存数据,https://data.eastmoney.com/ifdata/kcsj.html
2026-07-14,PK,,,交易所披露单位,OK,东方财富期货库存数据,https://data.eastmoney.com/ifdata/kcsj.html
2026-07-15,PK,,,交易所披露单位,OK,东方财富期货库存数据,https://data.eastmoney.com/ifdata/kcsj.html
2026-07-16,PK,,,交易所披露单位,OK,东方财富期货库存数据,https://data.eastmoney.com/ifdata/kcsj.html
2026-07-17,PK,,,交易所披露单位,OK,东方财富期货库存数据,https://data.eastmoney.com/ifdata/kcsj.html
2026-07-20,PK,,,交易所披露单位,OK,东方财富期货库存数据,https://data.eastmoney.com/ifdata/kcsj.html
2026-07-21,PK,,,交易所披露单位,OK,东方财富期货库存数据,https://data.eastmoney.com/ifdata/kcsj.html
2026-07-22,PK,,,交易所披露单位,OK,东方财富期货库存数据,https://data.eastmoney.com/ifdata/kcsj.html
2026-07-23,PK,,,交易所披露单位,OK,东方财富期货库存数据,https://data.eastmoney.com/ifdata/kcsj.html
2026-07-24,PK,,,交易所披露单位,OK,东方财富期货库存数据,https://data.eastmoney.com/ifdata/kcsj.html
2026-07-27,PK,,,交易所披露单位,OK,东方财富期货库存数据,https://data.eastmoney.com/ifdata/kcsj.html
2026-07-28,PK,,,交易所披露单位,OK,东方财富期货库存数据,https://data.eastmoney.com/ifdata/kcsj.html
2026-07-29,PK,,,交易所披露单位,OK,东方财富期货库存数据,https://data.eastmoney.com/ifdata/kcsj.html
2026-07-30,PK,,,交易所披露单位,OK,东方财富期货库存数据,https://data.eastmoney.com/ifdata/kcsj.html
2026-06-25,PL,335.0,,交易所披露单位,OK,东方财富期货库存数据,https://data.eastmoney.com/ifdata/kcsj.html
2026-06-26,PL,335.0,,交易所披露单位,OK,东方财富期货库存数据,https://data.eastmoney.com/ifdata/kcsj.html
2026-06-29,PL,335.0,,交易所披露单位,OK,东方财富期货库存数据,https://data.eastmoney.com/ifdata/kcsj.html
2026-06-30,PL,335.0,,交易所披露单位,OK,东方财富期货库存数据,https://data.eastmoney.com/ifdata/kcsj.html
2026-07-01,PL,335.0,,交易所披露单位,OK,东方财富期货库存数据,https://data.eastmoney.com/ifdata/kcsj.html
2026-07-02,PL,335.0,,交易所披露单位,OK,东方财富期货库存数据,https://data.eastmoney.com/ifdata/kcsj.html
2026-07-03,PL,485.0,150.0,交易所披露单位,OK,东方财富期货库存数据,https://data.eastmoney.com/ifdata/kcsj.html
2026-07-06,PL,485.0,,交易所披露单位,OK,东方财富期货库存数据,https://data.eastmoney.com/ifdata/kcsj.html
2026-07-07,PL,486.0,1.0,交易所披露单位,OK,东方财富期货库存数据,https://data.eastmoney.com/ifdata/kcsj.html
2026-07-08,PL,541.0,55.0,交易所披露单位,OK,东方财富期货库存数据,https://data.eastmoney.com/ifdata/kcsj.html
2026-07-09,PL,532.0,-9.0,交易所披露单位,OK,东方财富期货库存数据,https://data.eastmoney.com/ifdata/kcsj.html
2026-07-10,PL,412.0,-120.0,交易所披露单位,OK,东方财富期货库存数据,https://data.eastmoney.com/ifdata/kcsj.html
2026-07-13,PL,392.0,-20.0,交易所披露单位,OK,东方财富期货库存数据,https://data.eastmoney.com/ifdata/kcsj.html
2026-07-14,PL,392.0,,交易所披露单位,OK,东方财富期货库存数据,https://data.eastmoney.com/ifdata/kcsj.html
2026-07-15,PL,382.0,-10.0,交易所披露单位,OK,东方财富期货库存数据,https://data.eastmoney.com/ifdata/kcsj.html
2026-07-16,PL,382.0,,交易所披露单位,OK,东方财富期货库存数据,https://data.eastmoney.com/ifdata/kcsj.html
2026-07-17,PL,177.0,-205.0,交易所披露单位,OK,东方财富期货库存数据,https://data.eastmoney.com/ifdata/kcsj.html
2026-07-20,PL,140.0,-37.0,交易所披露单位,OK,东方财富期货库存数据,https://data.eastmoney.com/ifdata/kcsj.html
2026-07-21,PL,,-140.0,交易所披露单位,OK,东方财富期货库存数据,https://data.eastmoney.com/ifdata/kcsj.html
2026-07-22,PL,,,交易所披露单位,OK,东方财富期货库存数据,https://data.eastmoney.com/ifdata/kcsj.html
2026-07-23,PL,,,交易所披露单位,OK,东方财富期货库存数据,https://data.eastmoney.com/ifdata/kcsj.html
2026-07-24,PL,,,交易所披露单位,OK,东方财富期货库存数据,https://data.eastmoney.com/ifdata/kcsj.html
2026-07-27,PL,,,交易所披露单位,OK,东方财富期货库存数据,https://data.eastmoney.com/ifdata/kcsj.html
2026-07-28,PL,100.0,100.0,交易所披露单位,OK,东方财富期货库存数据,https://data.eastmoney.com/ifdata/kcsj.html
2026-07-29,PL,100.0,,交易所披露单位,OK,东方财富期货库存数据,https://data.eastmoney.com/ifdata/kcsj.html
2026-07-30,PL,125.0,25.0,交易所披露单位,OK,东方财富期货库存数据,https://data.eastmoney.com/ifdata/kcsj.html
2026-06-25,PP,22088.0,2400.0,交易所披露单位,OK,东方财富期货库存数据,https://data.eastmoney.com/ifdata/kcsj.html
2026-06-26,PP,22082.0,-6.0,交易所披露单位,OK,东方财富期货库存数据,https://data.eastmoney.com/ifdata/kcsj.html
2026-06-29,PP,22082.0,,交易所披露单位,OK,东方财富期货库存数据,https://data.eastmoney.com/ifdata/kcsj.html
2026-06-30,PP,22082.0,,交易所披露单位,OK,东方财富期货库存数据,https://data.eastmoney.com/ifdata/kcsj.html
2026-07-01,PP,21876.0,-206.0,交易所披露单位,OK,东方财富期货库存数据,https://data.eastmoney.com/ifdata/kcsj.html
2026-07-02,PP,25626.0,3750.0,交易所披露单位,OK,东方财富期货库存数据,https://data.eastmoney.com/ifdata/kcsj.html
2026-07-03,PP,25626.0,,交易所披露单位,OK,东方财富期货库存数据,https://data.eastmoney.com/ifdata/kcsj.html
2026-07-06,PP,25780.0,154.0,交易所披露单位,OK,东方财富期货库存数据,https://data.eastmoney.com/ifdata/kcsj.html
2026-07-07,PP,25780.0,,交易所披露单位,OK,东方财富期货库存数据,https://data.eastmoney.com/ifdata/kcsj.html
2026-07-08,PP,25140.0,-640.0,交易所披露单位,OK,东方财富期货库存数据,https://data.eastmoney.com/ifdata/kcsj.html
2026-07-09,PP,25830.0,690.0,交易所披露单位,OK,东方财富期货库存数据,https://data.eastmoney.com/ifdata/kcsj.html
2026-07-10,PP,25830.0,,交易所披露单位,OK,东方财富期货库存数据,https://data.eastmoney.com/ifdata/kcsj.html
2026-07-13,PP,25830.0,,交易所披露单位,OK,东方财富期货库存数据,https://data.eastmoney.com/ifdata/kcsj.html
2026-07-14,PP,25830.0,,交易所披露单位,OK,东方财富期货库存数据,https://data.eastmoney.com/ifdata/kcsj.html
2026-07-15,PP,26349.0,519.0,交易所披露单位,OK,东方财富期货库存数据,https://data.eastmoney.com/ifdata/kcsj.html
2026-07-16,PP,26349.0,,交易所披露单位,OK,东方财富期货库存数据,https://data.eastmoney.com/ifdata/kcsj.html
2026-07-17,PP,26349.0,,交易所披露单位,OK,东方财富期货库存数据,https://data.eastmoney.com/ifdata/kcsj.html
2026-07-20,PP,25886.0,-463.0,交易所披露单位,OK,东方财富期货库存数据,https://data.eastmoney.com/ifdata/kcsj.html
2026-07-21,PP,25992.0,106.0,交易所披露单位,OK,东方财富期货库存数据,https://data.eastmoney.com/ifdata/kcsj.html
2026-07-22,PP,25979.0,-13.0,交易所披露单位,OK,东方财富期货库存数据,https://data.eastmoney.com/ifdata/kcsj.html
2026-07-23,PP,25739.0,-240.0,交易所披露单位,OK,东方财富期货库存数据,https://data.eastmoney.com/ifdata/kcsj.html
2026-07-24,PP,25073.0,-666.0,交易所披露单位,OK,东方财富期货库存数据,https://data.eastmoney.com/ifdata/kcsj.html
2026-07-27,PP,24933.0,-140.0,交易所披露单位,OK,东方财富期货库存数据,https://data.eastmoney.com/ifdata/kcsj.html
2026-07-28,PP,24672.0,-261.0,交易所披露单位,OK,东方财富期货库存数据,https://data.eastmoney.com/ifdata/kcsj.html
2026-07-29,PP,24672.0,,交易所披露单位,OK,东方财富期货库存数据,https://data.eastmoney.com/ifdata/kcsj.html
2026-07-30,PP,24672.0,,交易所披露单位,OK,东方财富期货库存数据,https://data.eastmoney.com/ifdata/kcsj.html
2026-06-25,PR,59.0,-6.0,交易所披露单位,OK,东方财富期货库存数据,https://data.eastmoney.com/ifdata/kcsj.html
2026-06-26,PR,48.0,-11.0,交易所披露单位,OK,东方财富期货库存数据,https://data.eastmoney.com/ifdata/kcsj.html
2026-06-29,PR,48.0,,交易所披露单位,OK,东方财富期货库存数据,https://data.eastmoney.com/ifdata/kcsj.html
2026-06-30,PR,48.0,,交易所披露单位,OK,东方财富期货库存数据,https://data.eastmoney.com/ifdata/kcsj.html
2026-07-01,PR,48.0,,交易所披露单位,OK,东方财富期货库存数据,https://data.eastmoney.com/ifdata/kcsj.html
2026-07-02,PR,48.0,,交易所披露单位,OK,东方财富期货库存数据,https://data.eastmoney.com/ifdata/kcsj.html
2026-07-03,PR,11.0,-37.0,交易所披露单位,OK,东方财富期货库存数据,https://data.eastmoney.com/ifdata/kcsj.html
2026-07-06,PR,11.0,,交易所披露单位,OK,东方财富期货库存数据,https://data.eastmoney.com/ifdata/kcsj.html
2026-07-07,PR,11.0,,交易所披露单位,OK,东方财富期货库存数据,https://data.eastmoney.com/ifdata/kcsj.html
2026-07-08,PR,11.0,,交易所披露单位,OK,东方财富期货库存数据,https://data.eastmoney.com/ifdata/kcsj.html
2026-07-09,PR,11.0,,交易所披露单位,OK,东方财富期货库存数据,https://data.eastmoney.com/ifdata/kcsj.html
2026-07-10,PR,22.0,11.0,交易所披露单位,OK,东方财富期货库存数据,https://data.eastmoney.com/ifdata/kcsj.html
2026-07-13,PR,22.0,,交易所披露单位,OK,东方财富期货库存数据,https://data.eastmoney.com/ifdata/kcsj.html
2026-07-14,PR,22.0,,交易所披露单位,OK,东方财富期货库存数据,https://data.eastmoney.com/ifdata/kcsj.html
2026-07-15,PR,22.0,,交易所披露单位,OK,东方财富期货库存数据,https://data.eastmoney.com/ifdata/kcsj.html
2026-07-16,PR,22.0,,交易所披露单位,OK,东方财富期货库存数据,https://data.eastmoney.com/ifdata/kcsj.html
2026-07-17,PR,2.0,-20.0,交易所披露单位,OK,东方财富期货库存数据,https://data.eastmoney.com/ifdata/kcsj.html
2026-07-20,PR,2.0,,交易所披露单位,OK,东方财富期货库存数据,https://data.eastmoney.com/ifdata/kcsj.html
2026-07-21,PR,,-2.0,交易所披露单位,OK,东方财富期货库存数据,https://data.eastmoney.com/ifdata/kcsj.html
2026-07-22,PR,,,交易所披露单位,OK,东方财富期货库存数据,https://data.eastmoney.com/ifdata/kcsj.html
2026-07-23,PR,,,交易所披露单位,OK,东方财富期货库存数据,https://data.eastmoney.com/ifdata/kcsj.html
2026-07-24,PR,,,交易所披露单位,OK,东方财富期货库存数据,https://data.eastmoney.com/ifdata/kcsj.html
2026-07-27,PR,,,交易所披露单位,OK,东方财富期货库存数据,https://data.eastmoney.com/ifdata/kcsj.html
2026-07-28,PR,,,交易所披露单位,OK,东方财富期货库存数据,https://data.eastmoney.com/ifdata/kcsj.html
2026-07-29,PR,,,交易所披露单位,OK,东方财富期货库存数据,https://data.eastmoney.com/ifdata/kcsj.html
2026-07-30,PR,,,交易所披露单位,OK,东方财富期货库存数据,https://data.eastmoney.com/ifdata/kcsj.html
2026-06-25,PS,12900.0,110.0,交易所披露单位,OK,东方财富期货库存数据,https://data.eastmoney.com/ifdata/kcsj.html
2026-06-26,PS,13010.0,110.0,交易所披露单位,OK,东方财富期货库存数据,https://data.eastmoney.com/ifdata/kcsj.html
2026-06-29,PS,13670.0,660.0,交易所披露单位,OK,东方财富期货库存数据,https://data.eastmoney.com/ifdata/kcsj.html
2026-06-30,PS,14250.0,580.0,交易所披露单位,OK,东方财富期货库存数据,https://data.eastmoney.com/ifdata/kcsj.html
2026-07-01,PS,14520.0,270.0,交易所披露单位,OK,东方财富期货库存数据,https://data.eastmoney.com/ifdata/kcsj.html
2026-07-02,PS,15750.0,1230.0,交易所披露单位,OK,东方财富期货库存数据,https://data.eastmoney.com/ifdata/kcsj.html
2026-07-03,PS,16840.0,1090.0,交易所披露单位,OK,东方财富期货库存数据,https://data.eastmoney.com/ifdata/kcsj.html
2026-07-06,PS,16880.0,40.0,交易所披露单位,OK,东方财富期货库存数据,https://data.eastmoney.com/ifdata/kcsj.html
2026-07-07,PS,16880.0,,交易所披露单位,OK,东方财富期货库存数据,https://data.eastmoney.com/ifdata/kcsj.html
2026-07-08,PS,16880.0,,交易所披露单位,OK,东方财富期货库存数据,https://data.eastmoney.com/ifdata/kcsj.html
2026-07-09,PS,17150.0,270.0,交易所披露单位,OK,东方财富期货库存数据,https://data.eastmoney.com/ifdata/kcsj.html
2026-07-10,PS,17270.0,120.0,交易所披露单位,OK,东方财富期货库存数据,https://data.eastmoney.com/ifdata/kcsj.html
2026-07-13,PS,17400.0,130.0,交易所披露单位,OK,东方财富期货库存数据,https://data.eastmoney.com/ifdata/kcsj.html
2026-07-14,PS,17400.0,,交易所披露单位,OK,东方财富期货库存数据,https://data.eastmoney.com/ifdata/kcsj.html
2026-07-15,PS,17860.0,460.0,交易所披露单位,OK,东方财富期货库存数据,https://data.eastmoney.com/ifdata/kcsj.html
2026-07-16,PS,17900.0,40.0,交易所披露单位,OK,东方财富期货库存数据,https://data.eastmoney.com/ifdata/kcsj.html
2026-07-17,PS,18260.0,360.0,交易所披露单位,OK,东方财富期货库存数据,https://data.eastmoney.com/ifdata/kcsj.html
2026-07-20,PS,18480.0,220.0,交易所披露单位,OK,东方财富期货库存数据,https://data.eastmoney.com/ifdata/kcsj.html
2026-07-21,PS,18720.0,240.0,交易所披露单位,OK,东方财富期货库存数据,https://data.eastmoney.com/ifdata/kcsj.html
2026-07-22,PS,18730.0,10.0,交易所披露单位,OK,东方财富期货库存数据,https://data.eastmoney.com/ifdata/kcsj.html
2026-07-23,PS,18820.0,90.0,交易所披露单位,OK,东方财富期货库存数据,https://data.eastmoney.com/ifdata/kcsj.html
2026-07-24,PS,19330.0,510.0,交易所披露单位,OK,东方财富期货库存数据,https://data.eastmoney.com/ifdata/kcsj.html
2026-07-27,PS,19380.0,50.0,交易所披露单位,OK,东方财富期货库存数据,https://data.eastmoney.com/ifdata/kcsj.html
2026-07-28,PS,20250.0,870.0,交易所披露单位,OK,东方财富期货库存数据,https://data.eastmoney.com/ifdata/kcsj.html
2026-07-29,PS,20250.0,,交易所披露单位,OK,东方财富期货库存数据,https://data.eastmoney.com/ifdata/kcsj.html
2026-07-30,PS,20440.0,190.0,交易所披露单位,OK,东方财富期货库存数据,https://data.eastmoney.com/ifdata/kcsj.html
2026-06-25,PX,2000.0,,交易所披露单位,OK,东方财富期货库存数据,https://data.eastmoney.com/ifdata/kcsj.html
2026-06-26,PX,2000.0,,交易所披露单位,OK,东方财富期货库存数据,https://data.eastmoney.com/ifdata/kcsj.html
2026-06-29,PX,1000.0,-1000.0,交易所披露单位,OK,东方财富期货库存数据,https://data.eastmoney.com/ifdata/kcsj.html
2026-06-30,PX,1000.0,,交易所披露单位,OK,东方财富期货库存数据,https://data.eastmoney.com/ifdata/kcsj.html
2026-07-01,PX,2000.0,1000.0,交易所披露单位,OK,东方财富期货库存数据,https://data.eastmoney.com/ifdata/kcsj.html
2026-07-02,PX,2000.0,,交易所披露单位,OK,东方财富期货库存数据,https://data.eastmoney.com/ifdata/kcsj.html
2026-07-03,PX,1045.0,-955.0,交易所披露单位,OK,东方财富期货库存数据,https://data.eastmoney.com/ifdata/kcsj.html
2026-07-06,PX,1045.0,,交易所披露单位,OK,东方财富期货库存数据,https://data.eastmoney.com/ifdata/kcsj.html
2026-07-07,PX,3025.0,1980.0,交易所披露单位,OK,东方财富期货库存数据,https://data.eastmoney.com/ifdata/kcsj.html
2026-07-08,PX,3025.0,,交易所披露单位,OK,东方财富期货库存数据,https://data.eastmoney.com/ifdata/kcsj.html
2026-07-09,PX,3022.0,-3.0,交易所披露单位,OK,东方财富期货库存数据,https://data.eastmoney.com/ifdata/kcsj.html
2026-07-10,PX,3022.0,,交易所披露单位,OK,东方财富期货库存数据,https://data.eastmoney.com/ifdata/kcsj.html
2026-07-13,PX,3022.0,,交易所披露单位,OK,东方财富期货库存数据,https://data.eastmoney.com/ifdata/kcsj.html
2026-07-14,PX,3022.0,,交易所披露单位,OK,东方财富期货库存数据,https://data.eastmoney.com/ifdata/kcsj.html
2026-07-15,PX,3022.0,,交易所披露单位,OK,东方财富期货库存数据,https://data.eastmoney.com/ifdata/kcsj.html
2026-07-16,PX,3022.0,,交易所披露单位,OK,东方财富期货库存数据,https://data.eastmoney.com/ifdata/kcsj.html
2026-07-17,PX,980.0,-2042.0,交易所披露单位,OK,东方财富期货库存数据,https://data.eastmoney.com/ifdata/kcsj.html
2026-07-20,PX,980.0,,交易所披露单位,OK,东方财富期货库存数据,https://data.eastmoney.com/ifdata/kcsj.html
2026-07-21,PX,,-980.0,交易所披露单位,OK,东方财富期货库存数据,https://data.eastmoney.com/ifdata/kcsj.html
2026-07-22,PX,,,交易所披露单位,OK,东方财富期货库存数据,https://data.eastmoney.com/ifdata/kcsj.html
2026-07-23,PX,,,交易所披露单位,OK,东方财富期货库存数据,https://data.eastmoney.com/ifdata/kcsj.html
2026-07-24,PX,,,交易所披露单位,OK,东方财富期货库存数据,https://data.eastmoney.com/ifdata/kcsj.html
2026-07-27,PX,,,交易所披露单位,OK,东方财富期货库存数据,https://data.eastmoney.com/ifdata/kcsj.html
2026-07-28,PX,,,交易所披露单位,OK,东方财富期货库存数据,https://data.eastmoney.com/ifdata/kcsj.html
2026-07-29,PX,,,交易所披露单位,OK,东方财富期货库存数据,https://data.eastmoney.com/ifdata/kcsj.html
2026-07-30,PX,,,交易所披露单位,OK,东方财富期货库存数据,https://data.eastmoney.com/ifdata/kcsj.html
2026-06-25,RB,27587.0,1790.0,交易所披露单位,OK,东方财富期货库存数据,https://data.eastmoney.com/ifdata/kcsj.html
2026-06-26,RB,23301.0,-4286.0,交易所披露单位,OK,东方财富期货库存数据,https://data.eastmoney.com/ifdata/kcsj.html
2026-06-29,RB,23301.0,,交易所披露单位,OK,东方财富期货库存数据,https://data.eastmoney.com/ifdata/kcsj.html
2026-06-30,RB,26881.0,3580.0,交易所披露单位,OK,东方财富期货库存数据,https://data.eastmoney.com/ifdata/kcsj.html
2026-07-01,RB,26881.0,,交易所披露单位,OK,东方财富期货库存数据,https://data.eastmoney.com/ifdata/kcsj.html
2026-07-02,RB,26881.0,,交易所披露单位,OK,东方财富期货库存数据,https://data.eastmoney.com/ifdata/kcsj.html
2026-07-03,RB,26881.0,,交易所披露单位,OK,东方财富期货库存数据,https://data.eastmoney.com/ifdata/kcsj.html
2026-07-06,RB,27775.0,894.0,交易所披露单位,OK,东方财富期货库存数据,https://data.eastmoney.com/ifdata/kcsj.html
2026-07-07,RB,29571.0,1796.0,交易所披露单位,OK,东方财富期货库存数据,https://data.eastmoney.com/ifdata/kcsj.html
2026-07-08,RB,40352.0,10781.0,交易所披露单位,OK,东方财富期货库存数据,https://data.eastmoney.com/ifdata/kcsj.html
2026-07-09,RB,42791.0,2439.0,交易所披露单位,OK,东方财富期货库存数据,https://data.eastmoney.com/ifdata/kcsj.html
2026-07-10,RB,42791.0,,交易所披露单位,OK,东方财富期货库存数据,https://data.eastmoney.com/ifdata/kcsj.html
2026-07-13,RB,51609.0,8818.0,交易所披露单位,OK,东方财富期货库存数据,https://data.eastmoney.com/ifdata/kcsj.html
2026-07-14,RB,51609.0,,交易所披露单位,OK,东方财富期货库存数据,https://data.eastmoney.com/ifdata/kcsj.html
2026-07-15,RB,50410.0,-1199.0,交易所披露单位,OK,东方财富期货库存数据,https://data.eastmoney.com/ifdata/kcsj.html
2026-07-16,RB,51306.0,896.0,交易所披露单位,OK,东方财富期货库存数据,https://data.eastmoney.com/ifdata/kcsj.html
2026-07-17,RB,50108.0,-1198.0,交易所披露单位,OK,东方财富期货库存数据,https://data.eastmoney.com/ifdata/kcsj.html
2026-07-20,RB,26522.0,-23586.0,交易所披露单位,OK,东方财富期货库存数据,https://data.eastmoney.com/ifdata/kcsj.html
2026-07-21,RB,28960.0,2438.0,交易所披露单位,OK,东方财富期货库存数据,https://data.eastmoney.com/ifdata/kcsj.html
2026-07-22,RB,28960.0,,交易所披露单位,OK,东方财富期货库存数据,https://data.eastmoney.com/ifdata/kcsj.html
2026-07-23,RB,28961.0,1.0,交易所披露单位,OK,东方财富期货库存数据,https://data.eastmoney.com/ifdata/kcsj.html
2026-07-24,RB,26866.0,-2095.0,交易所披露单位,OK,东方财富期货库存数据,https://data.eastmoney.com/ifdata/kcsj.html
2026-07-27,RB,26866.0,,交易所披露单位,OK,东方财富期货库存数据,https://data.eastmoney.com/ifdata/kcsj.html
2026-07-28,RB,26866.0,,交易所披露单位,OK,东方财富期货库存数据,https://data.eastmoney.com/ifdata/kcsj.html
2026-07-29,RB,26866.0,,交易所披露单位,OK,东方财富期货库存数据,https://data.eastmoney.com/ifdata/kcsj.html
2026-07-30,RB,28390.0,1524.0,交易所披露单位,OK,东方财富期货库存数据,https://data.eastmoney.com/ifdata/kcsj.html
2026-06-25,RM,2565.0,,交易所披露单位,OK,东方财富期货库存数据,https://data.eastmoney.com/ifdata/kcsj.html
2026-06-26,RM,2565.0,,交易所披露单位,OK,东方财富期货库存数据,https://data.eastmoney.com/ifdata/kcsj.html
2026-06-29,RM,2550.0,-15.0,交易所披露单位,OK,东方财富期货库存数据,https://data.eastmoney.com/ifdata/kcsj.html
2026-06-30,RM,2518.0,-32.0,交易所披露单位,OK,东方财富期货库存数据,https://data.eastmoney.com/ifdata/kcsj.html
2026-07-01,RM,2438.0,-80.0,交易所披露单位,OK,东方财富期货库存数据,https://data.eastmoney.com/ifdata/kcsj.html
2026-07-02,RM,2421.0,-17.0,交易所披露单位,OK,东方财富期货库存数据,https://data.eastmoney.com/ifdata/kcsj.html
2026-07-03,RM,2371.0,-50.0,交易所披露单位,OK,东方财富期货库存数据,https://data.eastmoney.com/ifdata/kcsj.html
2026-07-06,RM,2271.0,-100.0,交易所披露单位,OK,东方财富期货库存数据,https://data.eastmoney.com/ifdata/kcsj.html
2026-07-07,RM,2271.0,,交易所披露单位,OK,东方财富期货库存数据,https://data.eastmoney.com/ifdata/kcsj.html
2026-07-08,RM,2175.0,-96.0,交易所披露单位,OK,东方财富期货库存数据,https://data.eastmoney.com/ifdata/kcsj.html
2026-07-09,RM,2175.0,,交易所披露单位,OK,东方财富期货库存数据,https://data.eastmoney.com/ifdata/kcsj.html
2026-07-10,RM,2175.0,,交易所披露单位,OK,东方财富期货库存数据,https://data.eastmoney.com/ifdata/kcsj.html
2026-07-13,RM,2045.0,-130.0,交易所披露单位,OK,东方财富期货库存数据,https://data.eastmoney.com/ifdata/kcsj.html
2026-07-14,RM,1745.0,-300.0,交易所披露单位,OK,东方财富期货库存数据,https://data.eastmoney.com/ifdata/kcsj.html
2026-07-15,RM,1701.0,-44.0,交易所披露单位,OK,东方财富期货库存数据,https://data.eastmoney.com/ifdata/kcsj.html
2026-07-16,RM,1671.0,-30.0,交易所披露单位,OK,东方财富期货库存数据,https://data.eastmoney.com/ifdata/kcsj.html
2026-07-17,RM,1587.0,-84.0,交易所披露单位,OK,东方财富期货库存数据,https://data.eastmoney.com/ifdata/kcsj.html
2026-07-20,RM,1452.0,-135.0,交易所披露单位,OK,东方财富期货库存数据,https://data.eastmoney.com/ifdata/kcsj.html
2026-07-21,RM,,-1452.0,交易所披露单位,OK,东方财富期货库存数据,https://data.eastmoney.com/ifdata/kcsj.html
2026-07-22,RM,,,交易所披露单位,OK,东方财富期货库存数据,https://data.eastmoney.com/ifdata/kcsj.html
2026-07-23,RM,,,交易所披露单位,OK,东方财富期货库存数据,https://data.eastmoney.com/ifdata/kcsj.html
2026-07-24,RM,,,交易所披露单位,OK,东方财富期货库存数据,https://data.eastmoney.com/ifdata/kcsj.html
2026-07-27,RM,,,交易所披露单位,OK,东方财富期货库存数据,https://data.eastmoney.com/ifdata/kcsj.html
2026-07-28,RM,,,交易所披露单位,OK,东方财富期货库存数据,https://data.eastmoney.com/ifdata/kcsj.html
2026-07-29,RM,,,交易所披露单位,OK,东方财富期货库存数据,https://data.eastmoney.com/ifdata/kcsj.html
2026-07-30,RM,,,交易所披露单位,OK,东方财富期货库存数据,https://data.eastmoney.com/ifdata/kcsj.html
2026-07-03,RR,47.0,47.0,交易所披露单位,OK,东方财富期货库存数据,https://data.eastmoney.com/ifdata/kcsj.html
2026-07-06,RR,47.0,,交易所披露单位,OK,东方财富期货库存数据,https://data.eastmoney.com/ifdata/kcsj.html
2026-07-07,RR,64.0,17.0,交易所披露单位,OK,东方财富期货库存数据,https://data.eastmoney.com/ifdata/kcsj.html
2026-07-08,RR,64.0,,交易所披露单位,OK,东方财富期货库存数据,https://data.eastmoney.com/ifdata/kcsj.html
2026-07-09,RR,64.0,,交易所披露单位,OK,东方财富期货库存数据,https://data.eastmoney.com/ifdata/kcsj.html
2026-07-10,RR,64.0,,交易所披露单位,OK,东方财富期货库存数据,https://data.eastmoney.com/ifdata/kcsj.html
2026-07-13,RR,64.0,,交易所披露单位,OK,东方财富期货库存数据,https://data.eastmoney.com/ifdata/kcsj.html
2026-07-14,RR,17.0,-47.0,交易所披露单位,OK,东方财富期货库存数据,https://data.eastmoney.com/ifdata/kcsj.html
2026-07-15,RR,17.0,,交易所披露单位,OK,东方财富期货库存数据,https://data.eastmoney.com/ifdata/kcsj.html
2026-07-16,RR,17.0,,交易所披露单位,OK,东方财富期货库存数据,https://data.eastmoney.com/ifdata/kcsj.html
2026-07-17,RR,,-17.0,交易所披露单位,OK,东方财富期货库存数据,https://data.eastmoney.com/ifdata/kcsj.html
2026-06-25,RU,151410.0,-10.0,交易所披露单位,OK,东方财富期货库存数据,https://data.eastmoney.com/ifdata/kcsj.html
2026-06-26,RU,151340.0,-70.0,交易所披露单位,OK,东方财富期货库存数据,https://data.eastmoney.com/ifdata/kcsj.html
2026-06-29,RU,151220.0,-120.0,交易所披露单位,OK,东方财富期货库存数据,https://data.eastmoney.com/ifdata/kcsj.html
2026-06-30,RU,151190.0,-30.0,交易所披露单位,OK,东方财富期货库存数据,https://data.eastmoney.com/ifdata/kcsj.html
2026-07-01,RU,151160.0,-30.0,交易所披露单位,OK,东方财富期货库存数据,https://data.eastmoney.com/ifdata/kcsj.html
2026-07-02,RU,151150.0,-10.0,交易所披露单位,OK,东方财富期货库存数据,https://data.eastmoney.com/ifdata/kcsj.html
2026-07-03,RU,151150.0,,交易所披露单位,OK,东方财富期货库存数据,https://data.eastmoney.com/ifdata/kcsj.html
2026-07-06,RU,151150.0,,交易所披露单位,OK,东方财富期货库存数据,https://data.eastmoney.com/ifdata/kcsj.html
2026-07-07,RU,151090.0,-60.0,交易所披露单位,OK,东方财富期货库存数据,https://data.eastmoney.com/ifdata/kcsj.html
2026-07-08,RU,151090.0,,交易所披露单位,OK,东方财富期货库存数据,https://data.eastmoney.com/ifdata/kcsj.html
2026-07-09,RU,151030.0,-60.0,交易所披露单位,OK,东方财富期货库存数据,https://data.eastmoney.com/ifdata/kcsj.html
2026-07-10,RU,150960.0,-70.0,交易所披露单位,OK,东方财富期货库存数据,https://data.eastmoney.com/ifdata/kcsj.html
2026-07-13,RU,150960.0,,交易所披露单位,OK,东方财富期货库存数据,https://data.eastmoney.com/ifdata/kcsj.html
2026-07-14,RU,150840.0,-120.0,交易所披露单位,OK,东方财富期货库存数据,https://data.eastmoney.com/ifdata/kcsj.html
2026-07-15,RU,150800.0,-40.0,交易所披露单位,OK,东方财富期货库存数据,https://data.eastmoney.com/ifdata/kcsj.html
2026-07-16,RU,149500.0,-1300.0,交易所披露单位,OK,东方财富期货库存数据,https://data.eastmoney.com/ifdata/kcsj.html
2026-07-17,RU,149480.0,-20.0,交易所披露单位,OK,东方财富期货库存数据,https://data.eastmoney.com/ifdata/kcsj.html
2026-07-20,RU,149440.0,-40.0,交易所披露单位,OK,东方财富期货库存数据,https://data.eastmoney.com/ifdata/kcsj.html
2026-07-21,RU,149370.0,-70.0,交易所披露单位,OK,东方财富期货库存数据,https://data.eastmoney.com/ifdata/kcsj.html
2026-07-22,RU,149370.0,,交易所披露单位,OK,东方财富期货库存数据,https://data.eastmoney.com/ifdata/kcsj.html
2026-07-23,RU,149370.0,,交易所披露单位,OK,东方财富期货库存数据,https://data.eastmoney.com/ifdata/kcsj.html
2026-07-24,RU,149300.0,-70.0,交易所披露单位,OK,东方财富期货库存数据,https://data.eastmoney.com/ifdata/kcsj.html
2026-07-27,RU,149080.0,-220.0,交易所披露单位,OK,东方财富期货库存数据,https://data.eastmoney.com/ifdata/kcsj.html
2026-07-28,RU,148960.0,-120.0,交易所披露单位,OK,东方财富期货库存数据,https://data.eastmoney.com/ifdata/kcsj.html
2026-07-29,RU,148850.0,-110.0,交易所披露单位,OK,东方财富期货库存数据,https://data.eastmoney.com/ifdata/kcsj.html
2026-07-30,RU,148510.0,-340.0,交易所披露单位,OK,东方财富期货库存数据,https://data.eastmoney.com/ifdata/kcsj.html
2026-06-25,SA,6123.0,,交易所披露单位,OK,东方财富期货库存数据,https://data.eastmoney.com/ifdata/kcsj.html
2026-06-26,SA,5608.0,-515.0,交易所披露单位,OK,东方财富期货库存数据,https://data.eastmoney.com/ifdata/kcsj.html
2026-06-29,SA,5471.0,-137.0,交易所披露单位,OK,东方财富期货库存数据,https://data.eastmoney.com/ifdata/kcsj.html
2026-06-30,SA,3876.0,-1595.0,交易所披露单位,OK,东方财富期货库存数据,https://data.eastmoney.com/ifdata/kcsj.html
2026-07-01,SA,3876.0,,交易所披露单位,OK,东方财富期货库存数据,https://data.eastmoney.com/ifdata/kcsj.html
2026-07-02,SA,4656.0,780.0,交易所披露单位,OK,东方财富期货库存数据,https://data.eastmoney.com/ifdata/kcsj.html
2026-07-03,SA,4254.0,-402.0,交易所披露单位,OK,东方财富期货库存数据,https://data.eastmoney.com/ifdata/kcsj.html
2026-07-06,SA,5754.0,1500.0,交易所披露单位,OK,东方财富期货库存数据,https://data.eastmoney.com/ifdata/kcsj.html
2026-07-07,SA,4399.0,-1355.0,交易所披露单位,OK,东方财富期货库存数据,https://data.eastmoney.com/ifdata/kcsj.html
2026-07-08,SA,4001.0,-398.0,交易所披露单位,OK,东方财富期货库存数据,https://data.eastmoney.com/ifdata/kcsj.html
2026-07-09,SA,3860.0,-141.0,交易所披露单位,OK,东方财富期货库存数据,https://data.eastmoney.com/ifdata/kcsj.html
2026-07-10,SA,3760.0,-100.0,交易所披露单位,OK,东方财富期货库存数据,https://data.eastmoney.com/ifdata/kcsj.html
2026-07-13,SA,3640.0,-120.0,交易所披露单位,OK,东方财富期货库存数据,https://data.eastmoney.com/ifdata/kcsj.html
2026-07-14,SA,3315.0,-325.0,交易所披露单位,OK,东方财富期货库存数据,https://data.eastmoney.com/ifdata/kcsj.html
2026-07-15,SA,3297.0,-18.0,交易所披露单位,OK,东方财富期货库存数据,https://data.eastmoney.com/ifdata/kcsj.html
2026-07-16,SA,3297.0,,交易所披露单位,OK,东方财富期货库存数据,https://data.eastmoney.com/ifdata/kcsj.html
2026-07-17,SA,110.0,-3187.0,交易所披露单位,OK,东方财富期货库存数据,https://data.eastmoney.com/ifdata/kcsj.html
2026-07-20,SA,,-110.0,交易所披露单位,OK,东方财富期货库存数据,https://data.eastmoney.com/ifdata/kcsj.html
2026-07-21,SA,,,交易所披露单位,OK,东方财富期货库存数据,https://data.eastmoney.com/ifdata/kcsj.html
2026-07-22,SA,1560.0,1560.0,交易所披露单位,OK,东方财富期货库存数据,https://data.eastmoney.com/ifdata/kcsj.html
2026-07-23,SA,2360.0,800.0,交易所披露单位,OK,东方财富期货库存数据,https://data.eastmoney.com/ifdata/kcsj.html
2026-07-24,SA,2766.0,406.0,交易所披露单位,OK,东方财富期货库存数据,https://data.eastmoney.com/ifdata/kcsj.html
2026-07-27,SA,2766.0,,交易所披露单位,OK,东方财富期货库存数据,https://data.eastmoney.com/ifdata/kcsj.html
2026-07-28,SA,3216.0,450.0,交易所披露单位,OK,东方财富期货库存数据,https://data.eastmoney.com/ifdata/kcsj.html
2026-07-29,SA,5109.0,1893.0,交易所披露单位,OK,东方财富期货库存数据,https://data.eastmoney.com/ifdata/kcsj.html
2026-07-30,SA,5150.0,41.0,交易所披露单位,OK,东方财富期货库存数据,https://data.eastmoney.com/ifdata/kcsj.html
2026-06-25,SF,2350.0,401.0,交易所披露单位,OK,东方财富期货库存数据,https://data.eastmoney.com/ifdata/kcsj.html
2026-06-26,SF,2804.0,454.0,交易所披露单位,OK,东方财富期货库存数据,https://data.eastmoney.com/ifdata/kcsj.html
2026-06-29,SF,2936.0,132.0,交易所披露单位,OK,东方财富期货库存数据,https://data.eastmoney.com/ifdata/kcsj.html
2026-06-30,SF,2816.0,-120.0,交易所披露单位,OK,东方财富期货库存数据,https://data.eastmoney.com/ifdata/kcsj.html
2026-07-01,SF,2804.0,-12.0,交易所披露单位,OK,东方财富期货库存数据,https://data.eastmoney.com/ifdata/kcsj.html
2026-07-02,SF,3069.0,265.0,交易所披露单位,OK,东方财富期货库存数据,https://data.eastmoney.com/ifdata/kcsj.html
2026-07-03,SF,2596.0,-473.0,交易所披露单位,OK,东方财富期货库存数据,https://data.eastmoney.com/ifdata/kcsj.html
2026-07-06,SF,2571.0,-25.0,交易所披露单位,OK,东方财富期货库存数据,https://data.eastmoney.com/ifdata/kcsj.html
2026-07-07,SF,2476.0,-95.0,交易所披露单位,OK,东方财富期货库存数据,https://data.eastmoney.com/ifdata/kcsj.html
2026-07-08,SF,4395.0,1919.0,交易所披露单位,OK,东方财富期货库存数据,https://data.eastmoney.com/ifdata/kcsj.html
2026-07-09,SF,5442.0,1047.0,交易所披露单位,OK,东方财富期货库存数据,https://data.eastmoney.com/ifdata/kcsj.html
2026-07-10,SF,5242.0,-200.0,交易所披露单位,OK,东方财富期货库存数据,https://data.eastmoney.com/ifdata/kcsj.html
2026-07-13,SF,5346.0,104.0,交易所披露单位,OK,东方财富期货库存数据,https://data.eastmoney.com/ifdata/kcsj.html
2026-07-14,SF,5516.0,170.0,交易所披露单位,OK,东方财富期货库存数据,https://data.eastmoney.com/ifdata/kcsj.html
2026-07-15,SF,5376.0,-140.0,交易所披露单位,OK,东方财富期货库存数据,https://data.eastmoney.com/ifdata/kcsj.html
2026-07-16,SF,5376.0,,交易所披露单位,OK,东方财富期货库存数据,https://data.eastmoney.com/ifdata/kcsj.html
2026-07-17,SF,5122.0,-254.0,交易所披露单位,OK,东方财富期货库存数据,https://data.eastmoney.com/ifdata/kcsj.html
2026-07-20,SF,5122.0,,交易所披露单位,OK,东方财富期货库存数据,https://data.eastmoney.com/ifdata/kcsj.html
2026-07-21,SF,4855.0,-267.0,交易所披露单位,OK,东方财富期货库存数据,https://data.eastmoney.com/ifdata/kcsj.html
2026-07-22,SF,4744.0,-111.0,交易所披露单位,OK,东方财富期货库存数据,https://data.eastmoney.com/ifdata/kcsj.html
2026-07-23,SF,4744.0,,交易所披露单位,OK,东方财富期货库存数据,https://data.eastmoney.com/ifdata/kcsj.html
2026-07-24,SF,4645.0,-99.0,交易所披露单位,OK,东方财富期货库存数据,https://data.eastmoney.com/ifdata/kcsj.html
2026-07-27,SF,4603.0,-42.0,交易所披露单位,OK,东方财富期货库存数据,https://data.eastmoney.com/ifdata/kcsj.html
2026-07-28,SF,4458.0,-145.0,交易所披露单位,OK,东方财富期货库存数据,https://data.eastmoney.com/ifdata/kcsj.html
2026-07-29,SF,4458.0,,交易所披露单位,OK,东方财富期货库存数据,https://data.eastmoney.com/ifdata/kcsj.html
2026-07-30,SF,4417.0,-41.0,交易所披露单位,OK,东方财富期货库存数据,https://data.eastmoney.com/ifdata/kcsj.html
2026-06-25,SH,58.0,,交易所披露单位,OK,东方财富期货库存数据,https://data.eastmoney.com/ifdata/kcsj.html
2026-06-26,SH,48.0,-10.0,交易所披露单位,OK,东方财富期货库存数据,https://data.eastmoney.com/ifdata/kcsj.html
2026-06-29,SH,238.0,190.0,交易所披露单位,OK,东方财富期货库存数据,https://data.eastmoney.com/ifdata/kcsj.html
2026-06-30,SH,588.0,350.0,交易所披露单位,OK,东方财富期货库存数据,https://data.eastmoney.com/ifdata/kcsj.html
2026-07-01,SH,598.0,10.0,交易所披露单位,OK,东方财富期货库存数据,https://data.eastmoney.com/ifdata/kcsj.html
2026-07-02,SH,598.0,,交易所披露单位,OK,东方财富期货库存数据,https://data.eastmoney.com/ifdata/kcsj.html
2026-07-03,SH,497.0,-101.0,交易所披露单位,OK,东方财富期货库存数据,https://data.eastmoney.com/ifdata/kcsj.html
2026-07-06,SH,282.0,-215.0,交易所披露单位,OK,东方财富期货库存数据,https://data.eastmoney.com/ifdata/kcsj.html
2026-07-07,SH,243.0,-39.0,交易所披露单位,OK,东方财富期货库存数据,https://data.eastmoney.com/ifdata/kcsj.html
2026-07-08,SH,47.0,-196.0,交易所披露单位,OK,东方财富期货库存数据,https://data.eastmoney.com/ifdata/kcsj.html
2026-07-09,SH,108.0,61.0,交易所披露单位,OK,东方财富期货库存数据,https://data.eastmoney.com/ifdata/kcsj.html
2026-07-10,SH,108.0,,交易所披露单位,OK,东方财富期货库存数据,https://data.eastmoney.com/ifdata/kcsj.html
2026-07-13,SH,108.0,,交易所披露单位,OK,东方财富期货库存数据,https://data.eastmoney.com/ifdata/kcsj.html
2026-07-14,SH,13.0,-95.0,交易所披露单位,OK,东方财富期货库存数据,https://data.eastmoney.com/ifdata/kcsj.html
2026-07-15,SH,,-13.0,交易所披露单位,OK,东方财富期货库存数据,https://data.eastmoney.com/ifdata/kcsj.html
2026-07-16,SH,,,交易所披露单位,OK,东方财富期货库存数据,https://data.eastmoney.com/ifdata/kcsj.html
2026-07-17,SH,,,交易所披露单位,OK,东方财富期货库存数据,https://data.eastmoney.com/ifdata/kcsj.html
2026-07-20,SH,,,交易所披露单位,OK,东方财富期货库存数据,https://data.eastmoney.com/ifdata/kcsj.html
2026-07-21,SH,,,交易所披露单位,OK,东方财富期货库存数据,https://data.eastmoney.com/ifdata/kcsj.html
2026-07-22,SH,,,交易所披露单位,OK,东方财富期货库存数据,https://data.eastmoney.com/ifdata/kcsj.html
2026-07-23,SH,,,交易所披露单位,OK,东方财富期货库存数据,https://data.eastmoney.com/ifdata/kcsj.html
2026-07-24,SH,,,交易所披露单位,OK,东方财富期货库存数据,https://data.eastmoney.com/ifdata/kcsj.html
2026-07-27,SH,,,交易所披露单位,OK,东方财富期货库存数据,https://data.eastmoney.com/ifdata/kcsj.html
2026-07-28,SH,,,交易所披露单位,OK,东方财富期货库存数据,https://data.eastmoney.com/ifdata/kcsj.html
2026-07-29,SH,,,交易所披露单位,OK,东方财富期货库存数据,https://data.eastmoney.com/ifdata/kcsj.html
2026-07-30,SH,330.0,330.0,交易所披露单位,OK,东方财富期货库存数据,https://data.eastmoney.com/ifdata/kcsj.html
2026-06-25,SI,31854.0,,交易所披露单位,OK,东方财富期货库存数据,https://data.eastmoney.com/ifdata/kcsj.html
2026-06-26,SI,31830.0,-24.0,交易所披露单位,OK,东方财富期货库存数据,https://data.eastmoney.com/ifdata/kcsj.html
2026-06-29,SI,31806.0,-24.0,交易所披露单位,OK,东方财富期货库存数据,https://data.eastmoney.com/ifdata/kcsj.html
2026-06-30,SI,31902.0,96.0,交易所披露单位,OK,东方财富期货库存数据,https://data.eastmoney.com/ifdata/kcsj.html
2026-07-01,SI,31838.0,-64.0,交易所披露单位,OK,东方财富期货库存数据,https://data.eastmoney.com/ifdata/kcsj.html
2026-07-02,SI,31776.0,-62.0,交易所披露单位,OK,东方财富期货库存数据,https://data.eastmoney.com/ifdata/kcsj.html
2026-07-03,SI,31709.0,-67.0,交易所披露单位,OK,东方财富期货库存数据,https://data.eastmoney.com/ifdata/kcsj.html
2026-07-06,SI,31745.0,36.0,交易所披露单位,OK,东方财富期货库存数据,https://data.eastmoney.com/ifdata/kcsj.html
2026-07-07,SI,31793.0,48.0,交易所披露单位,OK,东方财富期货库存数据,https://data.eastmoney.com/ifdata/kcsj.html
2026-07-08,SI,31886.0,93.0,交易所披露单位,OK,东方财富期货库存数据,https://data.eastmoney.com/ifdata/kcsj.html
2026-07-09,SI,32018.0,132.0,交易所披露单位,OK,东方财富期货库存数据,https://data.eastmoney.com/ifdata/kcsj.html
2026-07-10,SI,32025.0,7.0,交易所披露单位,OK,东方财富期货库存数据,https://data.eastmoney.com/ifdata/kcsj.html
2026-07-13,SI,31921.0,-104.0,交易所披露单位,OK,东方财富期货库存数据,https://data.eastmoney.com/ifdata/kcsj.html
2026-07-14,SI,32207.0,286.0,交易所披露单位,OK,东方财富期货库存数据,https://data.eastmoney.com/ifdata/kcsj.html
2026-07-15,SI,32207.0,,交易所披露单位,OK,东方财富期货库存数据,https://data.eastmoney.com/ifdata/kcsj.html
2026-07-16,SI,32207.0,,交易所披露单位,OK,东方财富期货库存数据,https://data.eastmoney.com/ifdata/kcsj.html
2026-07-17,SI,32097.0,-110.0,交易所披露单位,OK,东方财富期货库存数据,https://data.eastmoney.com/ifdata/kcsj.html
2026-07-20,SI,32243.0,146.0,交易所披露单位,OK,东方财富期货库存数据,https://data.eastmoney.com/ifdata/kcsj.html
2026-07-21,SI,32448.0,205.0,交易所披露单位,OK,东方财富期货库存数据,https://data.eastmoney.com/ifdata/kcsj.html
2026-07-22,SI,32406.0,-42.0,交易所披露单位,OK,东方财富期货库存数据,https://data.eastmoney.com/ifdata/kcsj.html
2026-07-23,SI,32406.0,,交易所披露单位,OK,东方财富期货库存数据,https://data.eastmoney.com/ifdata/kcsj.html
2026-07-24,SI,32406.0,,交易所披露单位,OK,东方财富期货库存数据,https://data.eastmoney.com/ifdata/kcsj.html
2026-07-27,SI,32406.0,,交易所披露单位,OK,东方财富期货库存数据,https://data.eastmoney.com/ifdata/kcsj.html
2026-07-28,SI,32334.0,-72.0,交易所披露单位,OK,东方财富期货库存数据,https://data.eastmoney.com/ifdata/kcsj.html
2026-07-29,SI,32308.0,-26.0,交易所披露单位,OK,东方财富期货库存数据,https://data.eastmoney.com/ifdata/kcsj.html
2026-07-30,SI,32302.0,-6.0,交易所披露单位,OK,东方财富期货库存数据,https://data.eastmoney.com/ifdata/kcsj.html
2026-06-25,SM,79291.0,-885.0,交易所披露单位,OK,东方财富期货库存数据,https://data.eastmoney.com/ifdata/kcsj.html
2026-06-26,SM,78267.0,-1024.0,交易所披露单位,OK,东方财富期货库存数据,https://data.eastmoney.com/ifdata/kcsj.html
2026-06-29,SM,77540.0,-727.0,交易所披露单位,OK,东方财富期货库存数据,https://data.eastmoney.com/ifdata/kcsj.html
2026-06-30,SM,77228.0,-312.0,交易所披露单位,OK,东方财富期货库存数据,https://data.eastmoney.com/ifdata/kcsj.html
2026-07-01,SM,76617.0,-611.0,交易所披露单位,OK,东方财富期货库存数据,https://data.eastmoney.com/ifdata/kcsj.html
2026-07-02,SM,75853.0,-764.0,交易所披露单位,OK,东方财富期货库存数据,https://data.eastmoney.com/ifdata/kcsj.html
2026-07-03,SM,76971.0,1118.0,交易所披露单位,OK,东方财富期货库存数据,https://data.eastmoney.com/ifdata/kcsj.html
2026-07-06,SM,76063.0,-908.0,交易所披露单位,OK,东方财富期货库存数据,https://data.eastmoney.com/ifdata/kcsj.html
2026-07-07,SM,75575.0,-488.0,交易所披露单位,OK,东方财富期货库存数据,https://data.eastmoney.com/ifdata/kcsj.html
2026-07-08,SM,75030.0,-545.0,交易所披露单位,OK,东方财富期货库存数据,https://data.eastmoney.com/ifdata/kcsj.html
2026-07-09,SM,77408.0,2378.0,交易所披露单位,OK,东方财富期货库存数据,https://data.eastmoney.com/ifdata/kcsj.html
2026-07-10,SM,77128.0,-280.0,交易所披露单位,OK,东方财富期货库存数据,https://data.eastmoney.com/ifdata/kcsj.html
2026-07-13,SM,76922.0,-206.0,交易所披露单位,OK,东方财富期货库存数据,https://data.eastmoney.com/ifdata/kcsj.html
2026-07-14,SM,76766.0,-156.0,交易所披露单位,OK,东方财富期货库存数据,https://data.eastmoney.com/ifdata/kcsj.html
2026-07-15,SM,75863.0,-903.0,交易所披露单位,OK,东方财富期货库存数据,https://data.eastmoney.com/ifdata/kcsj.html
2026-07-16,SM,75517.0,-346.0,交易所披露单位,OK,东方财富期货库存数据,https://data.eastmoney.com/ifdata/kcsj.html
2026-07-17,SM,75140.0,-377.0,交易所披露单位,OK,东方财富期货库存数据,https://data.eastmoney.com/ifdata/kcsj.html
2026-07-20,SM,75696.0,556.0,交易所披露单位,OK,东方财富期货库存数据,https://data.eastmoney.com/ifdata/kcsj.html
2026-07-21,SM,75155.0,-541.0,交易所披露单位,OK,东方财富期货库存数据,https://data.eastmoney.com/ifdata/kcsj.html
2026-07-22,SM,74273.0,-882.0,交易所披露单位,OK,东方财富期货库存数据,https://data.eastmoney.com/ifdata/kcsj.html
2026-07-23,SM,73501.0,-772.0,交易所披露单位,OK,东方财富期货库存数据,https://data.eastmoney.com/ifdata/kcsj.html
2026-07-24,SM,71651.0,-1850.0,交易所披露单位,OK,东方财富期货库存数据,https://data.eastmoney.com/ifdata/kcsj.html
2026-07-27,SM,70659.0,-992.0,交易所披露单位,OK,东方财富期货库存数据,https://data.eastmoney.com/ifdata/kcsj.html
2026-07-28,SM,70519.0,-140.0,交易所披露单位,OK,东方财富期货库存数据,https://data.eastmoney.com/ifdata/kcsj.html
2026-07-29,SM,71788.0,1269.0,交易所披露单位,OK,东方财富期货库存数据,https://data.eastmoney.com/ifdata/kcsj.html
2026-07-30,SM,70624.0,-1164.0,交易所披露单位,OK,东方财富期货库存数据,https://data.eastmoney.com/ifdata/kcsj.html
2026-06-25,SN,7435.0,-616.0,交易所披露单位,OK,东方财富期货库存数据,https://data.eastmoney.com/ifdata/kcsj.html
2026-06-26,SN,6849.0,-586.0,交易所披露单位,OK,东方财富期货库存数据,https://data.eastmoney.com/ifdata/kcsj.html
2026-06-29,SN,6287.0,-562.0,交易所披露单位,OK,东方财富期货库存数据,https://data.eastmoney.com/ifdata/kcsj.html
2026-06-30,SN,6036.0,-251.0,交易所披露单位,OK,东方财富期货库存数据,https://data.eastmoney.com/ifdata/kcsj.html
2026-07-01,SN,5618.0,-418.0,交易所披露单位,OK,东方财富期货库存数据,https://data.eastmoney.com/ifdata/kcsj.html
2026-07-02,SN,5220.0,-398.0,交易所披露单位,OK,东方财富期货库存数据,https://data.eastmoney.com/ifdata/kcsj.html
2026-07-03,SN,5045.0,-175.0,交易所披露单位,OK,东方财富期货库存数据,https://data.eastmoney.com/ifdata/kcsj.html
2026-07-06,SN,4956.0,-89.0,交易所披露单位,OK,东方财富期货库存数据,https://data.eastmoney.com/ifdata/kcsj.html
2026-07-07,SN,4907.0,-49.0,交易所披露单位,OK,东方财富期货库存数据,https://data.eastmoney.com/ifdata/kcsj.html
2026-07-08,SN,4861.0,-46.0,交易所披露单位,OK,东方财富期货库存数据,https://data.eastmoney.com/ifdata/kcsj.html
2026-07-09,SN,4791.0,-70.0,交易所披露单位,OK,东方财富期货库存数据,https://data.eastmoney.com/ifdata/kcsj.html
2026-07-10,SN,4861.0,70.0,交易所披露单位,OK,东方财富期货库存数据,https://data.eastmoney.com/ifdata/kcsj.html
2026-07-13,SN,4981.0,120.0,交易所披露单位,OK,东方财富期货库存数据,https://data.eastmoney.com/ifdata/kcsj.html
2026-07-14,SN,4873.0,-108.0,交易所披露单位,OK,东方财富期货库存数据,https://data.eastmoney.com/ifdata/kcsj.html
2026-07-15,SN,4892.0,19.0,交易所披露单位,OK,东方财富期货库存数据,https://data.eastmoney.com/ifdata/kcsj.html
2026-07-16,SN,4804.0,-88.0,交易所披露单位,OK,东方财富期货库存数据,https://data.eastmoney.com/ifdata/kcsj.html
2026-07-17,SN,4521.0,-283.0,交易所披露单位,OK,东方财富期货库存数据,https://data.eastmoney.com/ifdata/kcsj.html
2026-07-20,SN,4296.0,-225.0,交易所披露单位,OK,东方财富期货库存数据,https://data.eastmoney.com/ifdata/kcsj.html
2026-07-21,SN,4290.0,-6.0,交易所披露单位,OK,东方财富期货库存数据,https://data.eastmoney.com/ifdata/kcsj.html
2026-07-22,SN,4268.0,-22.0,交易所披露单位,OK,东方财富期货库存数据,https://data.eastmoney.com/ifdata/kcsj.html
2026-07-23,SN,4365.0,97.0,交易所披露单位,OK,东方财富期货库存数据,https://data.eastmoney.com/ifdata/kcsj.html
2026-07-24,SN,4322.0,-43.0,交易所披露单位,OK,东方财富期货库存数据,https://data.eastmoney.com/ifdata/kcsj.html
2026-07-27,SN,4459.0,137.0,交易所披露单位,OK,东方财富期货库存数据,https://data.eastmoney.com/ifdata/kcsj.html
2026-07-28,SN,4379.0,-80.0,交易所披露单位,OK,东方财富期货库存数据,https://data.eastmoney.com/ifdata/kcsj.html
2026-07-29,SN,4302.0,-77.0,交易所披露单位,OK,东方财富期货库存数据,https://data.eastmoney.com/ifdata/kcsj.html
2026-07-30,SN,4353.0,51.0,交易所披露单位,OK,东方财富期货库存数据,https://data.eastmoney.com/ifdata/kcsj.html
2026-06-25,SP,248750.0,,交易所披露单位,OK,东方财富期货库存数据,https://data.eastmoney.com/ifdata/kcsj.html
2026-06-26,SP,258139.0,9389.0,交易所披露单位,OK,东方财富期货库存数据,https://data.eastmoney.com/ifdata/kcsj.html
2026-06-29,SP,263127.0,4988.0,交易所披露单位,OK,东方财富期货库存数据,https://data.eastmoney.com/ifdata/kcsj.html
2026-06-30,SP,266493.0,3366.0,交易所披露单位,OK,东方财富期货库存数据,https://data.eastmoney.com/ifdata/kcsj.html
2026-07-01,SP,273189.0,6696.0,交易所披露单位,OK,东方财富期货库存数据,https://data.eastmoney.com/ifdata/kcsj.html
2026-07-02,SP,276569.0,3380.0,交易所披露单位,OK,东方财富期货库存数据,https://data.eastmoney.com/ifdata/kcsj.html
2026-07-03,SP,278693.0,2124.0,交易所披露单位,OK,东方财富期货库存数据,https://data.eastmoney.com/ifdata/kcsj.html
2026-07-06,SP,286167.0,7474.0,交易所披露单位,OK,东方财富期货库存数据,https://data.eastmoney.com/ifdata/kcsj.html
2026-07-07,SP,288584.0,2417.0,交易所披露单位,OK,东方财富期货库存数据,https://data.eastmoney.com/ifdata/kcsj.html
2026-07-08,SP,290372.0,1788.0,交易所披露单位,OK,东方财富期货库存数据,https://data.eastmoney.com/ifdata/kcsj.html
2026-07-09,SP,293788.0,3416.0,交易所披露单位,OK,东方财富期货库存数据,https://data.eastmoney.com/ifdata/kcsj.html
2026-07-10,SP,297216.0,3428.0,交易所披露单位,OK,东方财富期货库存数据,https://data.eastmoney.com/ifdata/kcsj.html
2026-07-13,SP,303344.0,6128.0,交易所披露单位,OK,东方财富期货库存数据,https://data.eastmoney.com/ifdata/kcsj.html
2026-07-14,SP,309979.0,6635.0,交易所披露单位,OK,东方财富期货库存数据,https://data.eastmoney.com/ifdata/kcsj.html
2026-07-15,SP,315662.0,5683.0,交易所披露单位,OK,东方财富期货库存数据,https://data.eastmoney.com/ifdata/kcsj.html
2026-07-16,SP,317833.0,2171.0,交易所披露单位,OK,东方财富期货库存数据,https://data.eastmoney.com/ifdata/kcsj.html
2026-07-17,SP,312759.0,-5074.0,交易所披露单位,OK,东方财富期货库存数据,https://data.eastmoney.com/ifdata/kcsj.html
2026-07-20,SP,310147.0,-2612.0,交易所披露单位,OK,东方财富期货库存数据,https://data.eastmoney.com/ifdata/kcsj.html
2026-07-21,SP,313529.0,3382.0,交易所披露单位,OK,东方财富期货库存数据,https://data.eastmoney.com/ifdata/kcsj.html
2026-07-22,SP,319520.0,5991.0,交易所披露单位,OK,东方财富期货库存数据,https://data.eastmoney.com/ifdata/kcsj.html
2026-07-23,SP,319520.0,,交易所披露单位,OK,东方财富期货库存数据,https://data.eastmoney.com/ifdata/kcsj.html
2026-07-24,SP,322488.0,2968.0,交易所披露单位,OK,东方财富期货库存数据,https://data.eastmoney.com/ifdata/kcsj.html
2026-07-27,SP,330382.0,7894.0,交易所披露单位,OK,东方财富期货库存数据,https://data.eastmoney.com/ifdata/kcsj.html
2026-07-28,SP,338646.0,8264.0,交易所披露单位,OK,东方财富期货库存数据,https://data.eastmoney.com/ifdata/kcsj.html
2026-07-29,SP,340665.0,2019.0,交易所披露单位,OK,东方财富期货库存数据,https://data.eastmoney.com/ifdata/kcsj.html
2026-07-30,SP,349308.0,8643.0,交易所披露单位,OK,东方财富期货库存数据,https://data.eastmoney.com/ifdata/kcsj.html
2026-06-25,SR,22908.0,-58.0,交易所披露单位,OK,东方财富期货库存数据,https://data.eastmoney.com/ifdata/kcsj.html
2026-06-26,SR,22858.0,-50.0,交易所披露单位,OK,东方财富期货库存数据,https://data.eastmoney.com/ifdata/kcsj.html
2026-06-29,SR,22858.0,,交易所披露单位,OK,东方财富期货库存数据,https://data.eastmoney.com/ifdata/kcsj.html
2026-06-30,SR,22908.0,50.0,交易所披露单位,OK,东方财富期货库存数据,https://data.eastmoney.com/ifdata/kcsj.html
2026-07-01,SR,22908.0,,交易所披露单位,OK,东方财富期货库存数据,https://data.eastmoney.com/ifdata/kcsj.html
2026-07-02,SR,22908.0,,交易所披露单位,OK,东方财富期货库存数据,https://data.eastmoney.com/ifdata/kcsj.html
2026-07-03,SR,23796.0,888.0,交易所披露单位,OK,东方财富期货库存数据,https://data.eastmoney.com/ifdata/kcsj.html
2026-07-06,SR,23678.0,-118.0,交易所披露单位,OK,东方财富期货库存数据,https://data.eastmoney.com/ifdata/kcsj.html
2026-07-07,SR,23678.0,,交易所披露单位,OK,东方财富期货库存数据,https://data.eastmoney.com/ifdata/kcsj.html
2026-07-08,SR,23970.0,292.0,交易所披露单位,OK,东方财富期货库存数据,https://data.eastmoney.com/ifdata/kcsj.html
2026-07-09,SR,24070.0,100.0,交易所披露单位,OK,东方财富期货库存数据,https://data.eastmoney.com/ifdata/kcsj.html
2026-07-10,SR,23983.0,-87.0,交易所披露单位,OK,东方财富期货库存数据,https://data.eastmoney.com/ifdata/kcsj.html
2026-07-13,SR,24985.0,1002.0,交易所披露单位,OK,东方财富期货库存数据,https://data.eastmoney.com/ifdata/kcsj.html
2026-07-14,SR,24935.0,-50.0,交易所披露单位,OK,东方财富期货库存数据,https://data.eastmoney.com/ifdata/kcsj.html
2026-07-15,SR,24935.0,,交易所披露单位,OK,东方财富期货库存数据,https://data.eastmoney.com/ifdata/kcsj.html
2026-07-16,SR,24911.0,-24.0,交易所披露单位,OK,东方财富期货库存数据,https://data.eastmoney.com/ifdata/kcsj.html
2026-07-17,SR,24797.0,-114.0,交易所披露单位,OK,东方财富期货库存数据,https://data.eastmoney.com/ifdata/kcsj.html
2026-07-20,SR,24692.0,-105.0,交易所披露单位,OK,东方财富期货库存数据,https://data.eastmoney.com/ifdata/kcsj.html
2026-07-21,SR,24689.0,-3.0,交易所披露单位,OK,东方财富期货库存数据,https://data.eastmoney.com/ifdata/kcsj.html
2026-07-22,SR,24685.0,-4.0,交易所披露单位,OK,东方财富期货库存数据,https://data.eastmoney.com/ifdata/kcsj.html
2026-07-23,SR,24644.0,-41.0,交易所披露单位,OK,东方财富期货库存数据,https://data.eastmoney.com/ifdata/kcsj.html
2026-07-24,SR,24601.0,-43.0,交易所披露单位,OK,东方财富期货库存数据,https://data.eastmoney.com/ifdata/kcsj.html
2026-07-27,SR,24595.0,-6.0,交易所披露单位,OK,东方财富期货库存数据,https://data.eastmoney.com/ifdata/kcsj.html
2026-07-28,SR,24415.0,-180.0,交易所披露单位,OK,东方财富期货库存数据,https://data.eastmoney.com/ifdata/kcsj.html
2026-07-29,SR,24125.0,-290.0,交易所披露单位,OK,东方财富期货库存数据,https://data.eastmoney.com/ifdata/kcsj.html
2026-07-30,SR,24071.0,-54.0,交易所披露单位,OK,东方财富期货库存数据,https://data.eastmoney.com/ifdata/kcsj.html
2026-06-25,SS,94221.0,-116.0,交易所披露单位,OK,东方财富期货库存数据,https://data.eastmoney.com/ifdata/kcsj.html
2026-06-26,SS,94144.0,-77.0,交易所披露单位,OK,东方财富期货库存数据,https://data.eastmoney.com/ifdata/kcsj.html
2026-06-29,SS,99750.0,5606.0,交易所披露单位,OK,东方财富期货库存数据,https://data.eastmoney.com/ifdata/kcsj.html
2026-06-30,SS,99778.0,28.0,交易所披露单位,OK,东方财富期货库存数据,https://data.eastmoney.com/ifdata/kcsj.html
2026-07-01,SS,99430.0,-348.0,交易所披露单位,OK,东方财富期货库存数据,https://data.eastmoney.com/ifdata/kcsj.html
2026-07-02,SS,98706.0,-724.0,交易所披露单位,OK,东方财富期货库存数据,https://data.eastmoney.com/ifdata/kcsj.html
2026-07-03,SS,97282.0,-1424.0,交易所披露单位,OK,东方财富期货库存数据,https://data.eastmoney.com/ifdata/kcsj.html
2026-07-06,SS,95922.0,-1360.0,交易所披露单位,OK,东方财富期货库存数据,https://data.eastmoney.com/ifdata/kcsj.html
2026-07-07,SS,94467.0,-1455.0,交易所披露单位,OK,东方财富期货库存数据,https://data.eastmoney.com/ifdata/kcsj.html
2026-07-08,SS,94049.0,-418.0,交易所披露单位,OK,东方财富期货库存数据,https://data.eastmoney.com/ifdata/kcsj.html
2026-07-09,SS,93674.0,-375.0,交易所披露单位,OK,东方财富期货库存数据,https://data.eastmoney.com/ifdata/kcsj.html
2026-07-10,SS,91475.0,-2199.0,交易所披露单位,OK,东方财富期货库存数据,https://data.eastmoney.com/ifdata/kcsj.html
2026-07-13,SS,90577.0,-898.0,交易所披露单位,OK,东方财富期货库存数据,https://data.eastmoney.com/ifdata/kcsj.html
2026-07-14,SS,90337.0,-240.0,交易所披露单位,OK,东方财富期货库存数据,https://data.eastmoney.com/ifdata/kcsj.html
2026-07-15,SS,89736.0,-601.0,交易所披露单位,OK,东方财富期货库存数据,https://data.eastmoney.com/ifdata/kcsj.html
2026-07-16,SS,89555.0,-181.0,交易所披露单位,OK,东方财富期货库存数据,https://data.eastmoney.com/ifdata/kcsj.html
2026-07-17,SS,89317.0,-238.0,交易所披露单位,OK,东方财富期货库存数据,https://data.eastmoney.com/ifdata/kcsj.html
2026-07-20,SS,85945.0,-3372.0,交易所披露单位,OK,东方财富期货库存数据,https://data.eastmoney.com/ifdata/kcsj.html
2026-07-21,SS,89347.0,3402.0,交易所披露单位,OK,东方财富期货库存数据,https://data.eastmoney.com/ifdata/kcsj.html
2026-07-22,SS,90703.0,1356.0,交易所披露单位,OK,东方财富期货库存数据,https://data.eastmoney.com/ifdata/kcsj.html
2026-07-23,SS,90703.0,,交易所披露单位,OK,东方财富期货库存数据,https://data.eastmoney.com/ifdata/kcsj.html
2026-07-24,SS,90703.0,,交易所披露单位,OK,东方财富期货库存数据,https://data.eastmoney.com/ifdata/kcsj.html
2026-07-27,SS,90644.0,-59.0,交易所披露单位,OK,东方财富期货库存数据,https://data.eastmoney.com/ifdata/kcsj.html
2026-07-28,SS,90411.0,-233.0,交易所披露单位,OK,东方财富期货库存数据,https://data.eastmoney.com/ifdata/kcsj.html
2026-07-29,SS,88597.0,-1814.0,交易所披露单位,OK,东方财富期货库存数据,https://data.eastmoney.com/ifdata/kcsj.html
2026-07-30,SS,88422.0,-175.0,交易所披露单位,OK,东方财富期货库存数据,https://data.eastmoney.com/ifdata/kcsj.html
2026-06-25,TA,77045.0,-78.0,交易所披露单位,OK,东方财富期货库存数据,https://data.eastmoney.com/ifdata/kcsj.html
2026-06-26,TA,76259.0,-786.0,交易所披露单位,OK,东方财富期货库存数据,https://data.eastmoney.com/ifdata/kcsj.html
2026-06-29,TA,74777.0,-1482.0,交易所披露单位,OK,东方财富期货库存数据,https://data.eastmoney.com/ifdata/kcsj.html
2026-06-30,TA,74459.0,-318.0,交易所披露单位,OK,东方财富期货库存数据,https://data.eastmoney.com/ifdata/kcsj.html
2026-07-01,TA,74459.0,,交易所披露单位,OK,东方财富期货库存数据,https://data.eastmoney.com/ifdata/kcsj.html
2026-07-02,TA,74285.0,-174.0,交易所披露单位,OK,东方财富期货库存数据,https://data.eastmoney.com/ifdata/kcsj.html
2026-07-03,TA,72515.0,-1770.0,交易所披露单位,OK,东方财富期货库存数据,https://data.eastmoney.com/ifdata/kcsj.html
2026-07-06,TA,74376.0,1861.0,交易所披露单位,OK,东方财富期货库存数据,https://data.eastmoney.com/ifdata/kcsj.html
2026-07-07,TA,73918.0,-458.0,交易所披露单位,OK,东方财富期货库存数据,https://data.eastmoney.com/ifdata/kcsj.html
2026-07-08,TA,72520.0,-1398.0,交易所披露单位,OK,东方财富期货库存数据,https://data.eastmoney.com/ifdata/kcsj.html
2026-07-09,TA,72496.0,-24.0,交易所披露单位,OK,东方财富期货库存数据,https://data.eastmoney.com/ifdata/kcsj.html
2026-07-10,TA,72496.0,,交易所披露单位,OK,东方财富期货库存数据,https://data.eastmoney.com/ifdata/kcsj.html
2026-07-13,TA,71872.0,-624.0,交易所披露单位,OK,东方财富期货库存数据,https://data.eastmoney.com/ifdata/kcsj.html
2026-07-14,TA,70972.0,-900.0,交易所披露单位,OK,东方财富期货库存数据,https://data.eastmoney.com/ifdata/kcsj.html
2026-07-15,TA,69766.0,-1206.0,交易所披露单位,OK,东方财富期货库存数据,https://data.eastmoney.com/ifdata/kcsj.html
2026-07-16,TA,69766.0,,交易所披露单位,OK,东方财富期货库存数据,https://data.eastmoney.com/ifdata/kcsj.html
2026-07-17,TA,66592.0,-3174.0,交易所披露单位,OK,东方财富期货库存数据,https://data.eastmoney.com/ifdata/kcsj.html
2026-07-20,TA,66592.0,,交易所披露单位,OK,东方财富期货库存数据,https://data.eastmoney.com/ifdata/kcsj.html
2026-07-21,TA,66486.0,-106.0,交易所披露单位,OK,东方财富期货库存数据,https://data.eastmoney.com/ifdata/kcsj.html
2026-07-22,TA,64415.0,-2071.0,交易所披露单位,OK,东方财富期货库存数据,https://data.eastmoney.com/ifdata/kcsj.html
2026-07-23,TA,61619.0,-2796.0,交易所披露单位,OK,东方财富期货库存数据,https://data.eastmoney.com/ifdata/kcsj.html
2026-07-24,TA,55943.0,-5676.0,交易所披露单位,OK,东方财富期货库存数据,https://data.eastmoney.com/ifdata/kcsj.html
2026-07-27,TA,53381.0,-2562.0,交易所披露单位,OK,东方财富期货库存数据,https://data.eastmoney.com/ifdata/kcsj.html
2026-07-28,TA,52433.0,-948.0,交易所披露单位,OK,东方财富期货库存数据,https://data.eastmoney.com/ifdata/kcsj.html
2026-07-29,TA,50843.0,-1590.0,交易所披露单位,OK,东方财富期货库存数据,https://data.eastmoney.com/ifdata/kcsj.html
2026-07-30,TA,45745.0,-5098.0,交易所披露单位,OK,东方财富期货库存数据,https://data.eastmoney.com/ifdata/kcsj.html
2026-06-25,UR,1272.0,822.0,交易所披露单位,OK,东方财富期货库存数据,https://data.eastmoney.com/ifdata/kcsj.html
2026-06-26,UR,1272.0,,交易所披露单位,OK,东方财富期货库存数据,https://data.eastmoney.com/ifdata/kcsj.html
2026-06-29,UR,1772.0,500.0,交易所披露单位,OK,东方财富期货库存数据,https://data.eastmoney.com/ifdata/kcsj.html
2026-06-30,UR,1847.0,75.0,交易所披露单位,OK,东方财富期货库存数据,https://data.eastmoney.com/ifdata/kcsj.html
2026-07-01,UR,1997.0,150.0,交易所披露单位,OK,东方财富期货库存数据,https://data.eastmoney.com/ifdata/kcsj.html
2026-07-02,UR,2697.0,700.0,交易所披露单位,OK,东方财富期货库存数据,https://data.eastmoney.com/ifdata/kcsj.html
2026-07-03,UR,3503.0,806.0,交易所披露单位,OK,东方财富期货库存数据,https://data.eastmoney.com/ifdata/kcsj.html
2026-07-06,UR,3552.0,49.0,交易所披露单位,OK,东方财富期货库存数据,https://data.eastmoney.com/ifdata/kcsj.html
2026-07-07,UR,6352.0,2800.0,交易所披露单位,OK,东方财富期货库存数据,https://data.eastmoney.com/ifdata/kcsj.html
2026-07-08,UR,6352.0,,交易所披露单位,OK,东方财富期货库存数据,https://data.eastmoney.com/ifdata/kcsj.html
2026-07-09,UR,6602.0,250.0,交易所披露单位,OK,东方财富期货库存数据,https://data.eastmoney.com/ifdata/kcsj.html
2026-07-10,UR,6602.0,,交易所披露单位,OK,东方财富期货库存数据,https://data.eastmoney.com/ifdata/kcsj.html
2026-07-13,UR,6602.0,,交易所披露单位,OK,东方财富期货库存数据,https://data.eastmoney.com/ifdata/kcsj.html
2026-07-14,UR,6602.0,,交易所披露单位,OK,东方财富期货库存数据,https://data.eastmoney.com/ifdata/kcsj.html
2026-07-15,UR,6602.0,,交易所披露单位,OK,东方财富期货库存数据,https://data.eastmoney.com/ifdata/kcsj.html
2026-07-16,UR,6602.0,,交易所披露单位,OK,东方财富期货库存数据,https://data.eastmoney.com/ifdata/kcsj.html
2026-07-17,UR,6602.0,,交易所披露单位,OK,东方财富期货库存数据,https://data.eastmoney.com/ifdata/kcsj.html
2026-07-20,UR,6512.0,-90.0,交易所披露单位,OK,东方财富期货库存数据,https://data.eastmoney.com/ifdata/kcsj.html
2026-07-21,UR,6194.0,-318.0,交易所披露单位,OK,东方财富期货库存数据,https://data.eastmoney.com/ifdata/kcsj.html
2026-07-22,UR,6084.0,-110.0,交易所披露单位,OK,东方财富期货库存数据,https://data.eastmoney.com/ifdata/kcsj.html
2026-07-23,UR,6084.0,,交易所披露单位,OK,东方财富期货库存数据,https://data.eastmoney.com/ifdata/kcsj.html
2026-07-24,UR,6084.0,,交易所披露单位,OK,东方财富期货库存数据,https://data.eastmoney.com/ifdata/kcsj.html
2026-07-27,UR,6270.0,186.0,交易所披露单位,OK,东方财富期货库存数据,https://data.eastmoney.com/ifdata/kcsj.html
2026-07-28,UR,6270.0,,交易所披露单位,OK,东方财富期货库存数据,https://data.eastmoney.com/ifdata/kcsj.html
2026-07-29,UR,6763.0,493.0,交易所披露单位,OK,东方财富期货库存数据,https://data.eastmoney.com/ifdata/kcsj.html
2026-07-30,UR,6763.0,,交易所披露单位,OK,东方财富期货库存数据,https://data.eastmoney.com/ifdata/kcsj.html
2026-06-25,V,116106.0,136.0,交易所披露单位,OK,东方财富期货库存数据,https://data.eastmoney.com/ifdata/kcsj.html
2026-06-26,V,115730.0,-376.0,交易所披露单位,OK,东方财富期货库存数据,https://data.eastmoney.com/ifdata/kcsj.html
2026-06-29,V,116335.0,605.0,交易所披露单位,OK,东方财富期货库存数据,https://data.eastmoney.com/ifdata/kcsj.html
2026-06-30,V,115061.0,-1274.0,交易所披露单位,OK,东方财富期货库存数据,https://data.eastmoney.com/ifdata/kcsj.html
2026-07-01,V,115440.0,379.0,交易所披露单位,OK,东方财富期货库存数据,https://data.eastmoney.com/ifdata/kcsj.html
2026-07-02,V,115202.0,-238.0,交易所披露单位,OK,东方财富期货库存数据,https://data.eastmoney.com/ifdata/kcsj.html
2026-07-03,V,114774.0,-428.0,交易所披露单位,OK,东方财富期货库存数据,https://data.eastmoney.com/ifdata/kcsj.html
2026-07-06,V,114707.0,-67.0,交易所披露单位,OK,东方财富期货库存数据,https://data.eastmoney.com/ifdata/kcsj.html
2026-07-07,V,114519.0,-188.0,交易所披露单位,OK,东方财富期货库存数据,https://data.eastmoney.com/ifdata/kcsj.html
2026-07-08,V,115053.0,534.0,交易所披露单位,OK,东方财富期货库存数据,https://data.eastmoney.com/ifdata/kcsj.html
2026-07-09,V,115153.0,100.0,交易所披露单位,OK,东方财富期货库存数据,https://data.eastmoney.com/ifdata/kcsj.html
2026-07-10,V,115711.0,558.0,交易所披露单位,OK,东方财富期货库存数据,https://data.eastmoney.com/ifdata/kcsj.html
2026-07-13,V,119469.0,3758.0,交易所披露单位,OK,东方财富期货库存数据,https://data.eastmoney.com/ifdata/kcsj.html
2026-07-14,V,119835.0,366.0,交易所披露单位,OK,东方财富期货库存数据,https://data.eastmoney.com/ifdata/kcsj.html
2026-07-15,V,119757.0,-78.0,交易所披露单位,OK,东方财富期货库存数据,https://data.eastmoney.com/ifdata/kcsj.html
2026-07-16,V,119757.0,,交易所披露单位,OK,东方财富期货库存数据,https://data.eastmoney.com/ifdata/kcsj.html
2026-07-17,V,119737.0,-20.0,交易所披露单位,OK,东方财富期货库存数据,https://data.eastmoney.com/ifdata/kcsj.html
2026-07-20,V,119424.0,-313.0,交易所披露单位,OK,东方财富期货库存数据,https://data.eastmoney.com/ifdata/kcsj.html
2026-07-21,V,119334.0,-90.0,交易所披露单位,OK,东方财富期货库存数据,https://data.eastmoney.com/ifdata/kcsj.html
2026-07-22,V,119184.0,-150.0,交易所披露单位,OK,东方财富期货库存数据,https://data.eastmoney.com/ifdata/kcsj.html
2026-07-23,V,119184.0,,交易所披露单位,OK,东方财富期货库存数据,https://data.eastmoney.com/ifdata/kcsj.html
2026-07-24,V,119128.0,-56.0,交易所披露单位,OK,东方财富期货库存数据,https://data.eastmoney.com/ifdata/kcsj.html
2026-07-27,V,119072.0,-56.0,交易所披露单位,OK,东方财富期货库存数据,https://data.eastmoney.com/ifdata/kcsj.html
2026-07-28,V,118957.0,-115.0,交易所披露单位,OK,东方财富期货库存数据,https://data.eastmoney.com/ifdata/kcsj.html
2026-07-29,V,118201.0,-756.0,交易所披露单位,OK,东方财富期货库存数据,https://data.eastmoney.com/ifdata/kcsj.html
2026-07-30,V,118234.0,33.0,交易所披露单位,OK,东方财富期货库存数据,https://data.eastmoney.com/ifdata/kcsj.html
2026-06-25,Y,25064.0,,交易所披露单位,OK,东方财富期货库存数据,https://data.eastmoney.com/ifdata/kcsj.html
2026-06-26,Y,25064.0,,交易所披露单位,OK,东方财富期货库存数据,https://data.eastmoney.com/ifdata/kcsj.html
2026-06-29,Y,25064.0,,交易所披露单位,OK,东方财富期货库存数据,https://data.eastmoney.com/ifdata/kcsj.html
2026-06-30,Y,25064.0,,交易所披露单位,OK,东方财富期货库存数据,https://data.eastmoney.com/ifdata/kcsj.html
2026-07-01,Y,25064.0,,交易所披露单位,OK,东方财富期货库存数据,https://data.eastmoney.com/ifdata/kcsj.html
2026-07-02,Y,25064.0,,交易所披露单位,OK,东方财富期货库存数据,https://data.eastmoney.com/ifdata/kcsj.html
2026-07-03,Y,25064.0,,交易所披露单位,OK,东方财富期货库存数据,https://data.eastmoney.com/ifdata/kcsj.html
2026-07-06,Y,24864.0,-200.0,交易所披露单位,OK,东方财富期货库存数据,https://data.eastmoney.com/ifdata/kcsj.html
2026-07-07,Y,24864.0,,交易所披露单位,OK,东方财富期货库存数据,https://data.eastmoney.com/ifdata/kcsj.html
2026-07-08,Y,24864.0,,交易所披露单位,OK,东方财富期货库存数据,https://data.eastmoney.com/ifdata/kcsj.html
2026-07-09,Y,24864.0,,交易所披露单位,OK,东方财富期货库存数据,https://data.eastmoney.com/ifdata/kcsj.html
2026-07-10,Y,24764.0,-100.0,交易所披露单位,OK,东方财富期货库存数据,https://data.eastmoney.com/ifdata/kcsj.html
2026-07-13,Y,24764.0,,交易所披露单位,OK,东方财富期货库存数据,https://data.eastmoney.com/ifdata/kcsj.html
2026-07-14,Y,24614.0,-150.0,交易所披露单位,OK,东方财富期货库存数据,https://data.eastmoney.com/ifdata/kcsj.html
2026-07-15,Y,24593.0,-21.0,交易所披露单位,OK,东方财富期货库存数据,https://data.eastmoney.com/ifdata/kcsj.html
2026-07-16,Y,24464.0,-129.0,交易所披露单位,OK,东方财富期货库存数据,https://data.eastmoney.com/ifdata/kcsj.html
2026-07-17,Y,24464.0,,交易所披露单位,OK,东方财富期货库存数据,https://data.eastmoney.com/ifdata/kcsj.html
2026-07-20,Y,24464.0,,交易所披露单位,OK,东方财富期货库存数据,https://data.eastmoney.com/ifdata/kcsj.html
2026-07-21,Y,24464.0,,交易所披露单位,OK,东方财富期货库存数据,https://data.eastmoney.com/ifdata/kcsj.html
2026-07-22,Y,24464.0,,交易所披露单位,OK,东方财富期货库存数据,https://data.eastmoney.com/ifdata/kcsj.html
2026-07-23,Y,24464.0,,交易所披露单位,OK,东方财富期货库存数据,https://data.eastmoney.com/ifdata/kcsj.html
2026-07-24,Y,24264.0,-200.0,交易所披露单位,OK,东方财富期货库存数据,https://data.eastmoney.com/ifdata/kcsj.html
2026-07-27,Y,24264.0,,交易所披露单位,OK,东方财富期货库存数据,https://data.eastmoney.com/ifdata/kcsj.html
2026-07-28,Y,24264.0,,交易所披露单位,OK,东方财富期货库存数据,https://data.eastmoney.com/ifdata/kcsj.html
2026-07-29,Y,21164.0,-3100.0,交易所披露单位,OK,东方财富期货库存数据,https://data.eastmoney.com/ifdata/kcsj.html
2026-07-30,Y,15450.0,-5714.0,交易所披露单位,OK,东方财富期货库存数据,https://data.eastmoney.com/ifdata/kcsj.html
2026-06-25,ZN,119228.0,-449.0,交易所披露单位,OK,东方财富期货库存数据,https://data.eastmoney.com/ifdata/kcsj.html
2026-06-26,ZN,118226.0,-1002.0,交易所披露单位,OK,东方财富期货库存数据,https://data.eastmoney.com/ifdata/kcsj.html
2026-06-29,ZN,117630.0,-596.0,交易所披露单位,OK,东方财富期货库存数据,https://data.eastmoney.com/ifdata/kcsj.html
2026-06-30,ZN,117383.0,-247.0,交易所披露单位,OK,东方财富期货库存数据,https://data.eastmoney.com/ifdata/kcsj.html
2026-07-01,ZN,116616.0,-767.0,交易所披露单位,OK,东方财富期货库存数据,https://data.eastmoney.com/ifdata/kcsj.html
2026-07-02,ZN,116138.0,-478.0,交易所披露单位,OK,东方财富期货库存数据,https://data.eastmoney.com/ifdata/kcsj.html
2026-07-03,ZN,115540.0,-598.0,交易所披露单位,OK,东方财富期货库存数据,https://data.eastmoney.com/ifdata/kcsj.html
2026-07-06,ZN,115292.0,-248.0,交易所披露单位,OK,东方财富期货库存数据,https://data.eastmoney.com/ifdata/kcsj.html
2026-07-07,ZN,115918.0,626.0,交易所披露单位,OK,东方财富期货库存数据,https://data.eastmoney.com/ifdata/kcsj.html
2026-07-08,ZN,115893.0,-25.0,交易所披露单位,OK,东方财富期货库存数据,https://data.eastmoney.com/ifdata/kcsj.html
2026-07-09,ZN,116340.0,447.0,交易所披露单位,OK,东方财富期货库存数据,https://data.eastmoney.com/ifdata/kcsj.html
2026-07-10,ZN,117512.0,1172.0,交易所披露单位,OK,东方财富期货库存数据,https://data.eastmoney.com/ifdata/kcsj.html
2026-07-13,ZN,118689.0,1177.0,交易所披露单位,OK,东方财富期货库存数据,https://data.eastmoney.com/ifdata/kcsj.html
2026-07-14,ZN,120927.0,2238.0,交易所披露单位,OK,东方财富期货库存数据,https://data.eastmoney.com/ifdata/kcsj.html
2026-07-15,ZN,121317.0,390.0,交易所披露单位,OK,东方财富期货库存数据,https://data.eastmoney.com/ifdata/kcsj.html
2026-07-16,ZN,121467.0,150.0,交易所披露单位,OK,东方财富期货库存数据,https://data.eastmoney.com/ifdata/kcsj.html
2026-07-17,ZN,120849.0,-618.0,交易所披露单位,OK,东方财富期货库存数据,https://data.eastmoney.com/ifdata/kcsj.html
2026-07-20,ZN,121380.0,531.0,交易所披露单位,OK,东方财富期货库存数据,https://data.eastmoney.com/ifdata/kcsj.html
2026-07-21,ZN,119856.0,-1524.0,交易所披露单位,OK,东方财富期货库存数据,https://data.eastmoney.com/ifdata/kcsj.html
2026-07-22,ZN,119156.0,-700.0,交易所披露单位,OK,东方财富期货库存数据,https://data.eastmoney.com/ifdata/kcsj.html
2026-07-23,ZN,118633.0,-523.0,交易所披露单位,OK,东方财富期货库存数据,https://data.eastmoney.com/ifdata/kcsj.html
2026-07-24,ZN,117876.0,-757.0,交易所披露单位,OK,东方财富期货库存数据,https://data.eastmoney.com/ifdata/kcsj.html
2026-07-27,ZN,117704.0,-172.0,交易所披露单位,OK,东方财富期货库存数据,https://data.eastmoney.com/ifdata/kcsj.html
2026-07-28,ZN,117609.0,-95.0,交易所披露单位,OK,东方财富期货库存数据,https://data.eastmoney.com/ifdata/kcsj.html
2026-07-29,ZN,117307.0,-302.0,交易所披露单位,OK,东方财富期货库存数据,https://data.eastmoney.com/ifdata/kcsj.html
2026-07-30,ZN,117230.0,-77.0,交易所披露单位,OK,东方财富期货库存数据,https://data.eastmoney.com/ifdata/kcsj.html
