source_date,symbol,warehouse_receipt,change,unit,status,source,source_url
2026-07-07,A,39833.0,722.0,交易所披露单位,OK,东方财富期货库存数据,https://data.eastmoney.com/ifdata/kcsj.html
2026-07-08,A,40042.0,209.0,交易所披露单位,OK,东方财富期货库存数据,https://data.eastmoney.com/ifdata/kcsj.html
2026-07-09,A,40022.0,-20.0,交易所披露单位,OK,东方财富期货库存数据,https://data.eastmoney.com/ifdata/kcsj.html
2026-07-10,A,39891.0,-131.0,交易所披露单位,OK,东方财富期货库存数据,https://data.eastmoney.com/ifdata/kcsj.html
2026-07-13,A,39863.0,-28.0,交易所披露单位,OK,东方财富期货库存数据,https://data.eastmoney.com/ifdata/kcsj.html
2026-07-14,A,39863.0,,交易所披露单位,OK,东方财富期货库存数据,https://data.eastmoney.com/ifdata/kcsj.html
2026-07-15,A,39863.0,,交易所披露单位,OK,东方财富期货库存数据,https://data.eastmoney.com/ifdata/kcsj.html
2026-07-16,A,39863.0,,交易所披露单位,OK,东方财富期货库存数据,https://data.eastmoney.com/ifdata/kcsj.html
2026-07-17,A,40379.0,516.0,交易所披露单位,OK,东方财富期货库存数据,https://data.eastmoney.com/ifdata/kcsj.html
2026-07-20,A,41479.0,1100.0,交易所披露单位,OK,东方财富期货库存数据,https://data.eastmoney.com/ifdata/kcsj.html
2026-07-21,A,42035.0,556.0,交易所披露单位,OK,东方财富期货库存数据,https://data.eastmoney.com/ifdata/kcsj.html
2026-07-22,A,42805.0,770.0,交易所披露单位,OK,东方财富期货库存数据,https://data.eastmoney.com/ifdata/kcsj.html
2026-07-23,A,42805.0,,交易所披露单位,OK,东方财富期货库存数据,https://data.eastmoney.com/ifdata/kcsj.html
2026-07-24,A,42805.0,,交易所披露单位,OK,东方财富期货库存数据,https://data.eastmoney.com/ifdata/kcsj.html
2026-07-27,A,42965.0,160.0,交易所披露单位,OK,东方财富期货库存数据,https://data.eastmoney.com/ifdata/kcsj.html
2026-07-28,A,42965.0,,交易所披露单位,OK,东方财富期货库存数据,https://data.eastmoney.com/ifdata/kcsj.html
2026-07-29,A,43255.0,290.0,交易所披露单位,OK,东方财富期货库存数据,https://data.eastmoney.com/ifdata/kcsj.html
2026-07-30,A,43255.0,,交易所披露单位,OK,东方财富期货库存数据,https://data.eastmoney.com/ifdata/kcsj.html
2026-07-31,A,43235.0,-20.0,交易所披露单位,OK,东方财富期货库存数据,https://data.eastmoney.com/ifdata/kcsj.html
2026-08-03,A,43374.0,139.0,交易所披露单位,OK,东方财富期货库存数据,https://data.eastmoney.com/ifdata/kcsj.html
2026-08-04,A,43374.0,,交易所披露单位,OK,东方财富期货库存数据,https://data.eastmoney.com/ifdata/kcsj.html
2026-08-05,A,43364.0,-10.0,交易所披露单位,OK,东方财富期货库存数据,https://data.eastmoney.com/ifdata/kcsj.html
2026-08-06,A,43364.0,,交易所披露单位,OK,东方财富期货库存数据,https://data.eastmoney.com/ifdata/kcsj.html
2026-08-07,A,43364.0,,交易所披露单位,OK,东方财富期货库存数据,https://data.eastmoney.com/ifdata/kcsj.html
2026-08-10,A,43364.0,,交易所披露单位,OK,东方财富期货库存数据,https://data.eastmoney.com/ifdata/kcsj.html
2026-08-11,A,43344.0,-20.0,交易所披露单位,OK,东方财富期货库存数据,https://data.eastmoney.com/ifdata/kcsj.html
2026-08-12,A,43344.0,,交易所披露单位,OK,东方财富期货库存数据,https://data.eastmoney.com/ifdata/kcsj.html
2026-08-13,A,43627.0,283.0,交易所披露单位,OK,东方财富期货库存数据,https://data.eastmoney.com/ifdata/kcsj.html
2026-08-14,A,44401.0,774.0,交易所披露单位,OK,东方财富期货库存数据,https://data.eastmoney.com/ifdata/kcsj.html
2026-08-17,A,44401.0,,交易所披露单位,OK,东方财富期货库存数据,https://data.eastmoney.com/ifdata/kcsj.html
2026-07-07,AD,23237.0,-1016.0,交易所披露单位,OK,东方财富期货库存数据,https://data.eastmoney.com/ifdata/kcsj.html
2026-07-08,AD,22727.0,-510.0,交易所披露单位,OK,东方财富期货库存数据,https://data.eastmoney.com/ifdata/kcsj.html
2026-07-09,AD,22485.0,-242.0,交易所披露单位,OK,东方财富期货库存数据,https://data.eastmoney.com/ifdata/kcsj.html
2026-07-10,AD,22212.0,-273.0,交易所披露单位,OK,东方财富期货库存数据,https://data.eastmoney.com/ifdata/kcsj.html
2026-07-13,AD,21523.0,-689.0,交易所披露单位,OK,东方财富期货库存数据,https://data.eastmoney.com/ifdata/kcsj.html
2026-07-14,AD,21710.0,187.0,交易所披露单位,OK,东方财富期货库存数据,https://data.eastmoney.com/ifdata/kcsj.html
2026-07-15,AD,21196.0,-514.0,交易所披露单位,OK,东方财富期货库存数据,https://data.eastmoney.com/ifdata/kcsj.html
2026-07-16,AD,21105.0,-91.0,交易所披露单位,OK,东方财富期货库存数据,https://data.eastmoney.com/ifdata/kcsj.html
2026-07-17,AD,20805.0,-300.0,交易所披露单位,OK,东方财富期货库存数据,https://data.eastmoney.com/ifdata/kcsj.html
2026-07-20,AD,18698.0,-2107.0,交易所披露单位,OK,东方财富期货库存数据,https://data.eastmoney.com/ifdata/kcsj.html
2026-07-21,AD,18455.0,-243.0,交易所披露单位,OK,东方财富期货库存数据,https://data.eastmoney.com/ifdata/kcsj.html
2026-07-22,AD,18183.0,-272.0,交易所披露单位,OK,东方财富期货库存数据,https://data.eastmoney.com/ifdata/kcsj.html
2026-07-23,AD,18064.0,-119.0,交易所披露单位,OK,东方财富期货库存数据,https://data.eastmoney.com/ifdata/kcsj.html
2026-07-24,AD,17941.0,-123.0,交易所披露单位,OK,东方财富期货库存数据,https://data.eastmoney.com/ifdata/kcsj.html
2026-07-27,AD,17368.0,-573.0,交易所披露单位,OK,东方财富期货库存数据,https://data.eastmoney.com/ifdata/kcsj.html
2026-07-28,AD,17489.0,121.0,交易所披露单位,OK,东方财富期货库存数据,https://data.eastmoney.com/ifdata/kcsj.html
2026-07-29,AD,17341.0,-148.0,交易所披露单位,OK,东方财富期货库存数据,https://data.eastmoney.com/ifdata/kcsj.html
2026-07-30,AD,17731.0,390.0,交易所披露单位,OK,东方财富期货库存数据,https://data.eastmoney.com/ifdata/kcsj.html
2026-07-31,AD,17671.0,-60.0,交易所披露单位,OK,东方财富期货库存数据,https://data.eastmoney.com/ifdata/kcsj.html
2026-08-03,AD,17553.0,-118.0,交易所披露单位,OK,东方财富期货库存数据,https://data.eastmoney.com/ifdata/kcsj.html
2026-08-04,AD,17433.0,-120.0,交易所披露单位,OK,东方财富期货库存数据,https://data.eastmoney.com/ifdata/kcsj.html
2026-08-05,AD,17374.0,-59.0,交易所披露单位,OK,东方财富期货库存数据,https://data.eastmoney.com/ifdata/kcsj.html
2026-08-06,AD,17284.0,-90.0,交易所披露单位,OK,东方财富期货库存数据,https://data.eastmoney.com/ifdata/kcsj.html
2026-08-07,AD,17285.0,1.0,交易所披露单位,OK,东方财富期货库存数据,https://data.eastmoney.com/ifdata/kcsj.html
2026-08-10,AD,17315.0,30.0,交易所披露单位,OK,东方财富期货库存数据,https://data.eastmoney.com/ifdata/kcsj.html
2026-08-11,AD,17285.0,-30.0,交易所披露单位,OK,东方财富期货库存数据,https://data.eastmoney.com/ifdata/kcsj.html
2026-08-12,AD,17978.0,693.0,交易所披露单位,OK,东方财富期货库存数据,https://data.eastmoney.com/ifdata/kcsj.html
2026-08-13,AD,18311.0,333.0,交易所披露单位,OK,东方财富期货库存数据,https://data.eastmoney.com/ifdata/kcsj.html
2026-08-14,AD,18281.0,-30.0,交易所披露单位,OK,东方财富期货库存数据,https://data.eastmoney.com/ifdata/kcsj.html
2026-08-17,AD,19725.0,1444.0,交易所披露单位,OK,东方财富期货库存数据,https://data.eastmoney.com/ifdata/kcsj.html
2026-07-07,AG,844013.0,10494.0,交易所披露单位,OK,东方财富期货库存数据,https://data.eastmoney.com/ifdata/kcsj.html
2026-07-08,AG,849173.0,5160.0,交易所披露单位,OK,东方财富期货库存数据,https://data.eastmoney.com/ifdata/kcsj.html
2026-07-09,AG,830200.0,-18973.0,交易所披露单位,OK,东方财富期货库存数据,https://data.eastmoney.com/ifdata/kcsj.html
2026-07-10,AG,829858.0,-342.0,交易所披露单位,OK,东方财富期货库存数据,https://data.eastmoney.com/ifdata/kcsj.html
2026-07-13,AG,836651.0,6793.0,交易所披露单位,OK,东方财富期货库存数据,https://data.eastmoney.com/ifdata/kcsj.html
2026-07-14,AG,932061.0,95410.0,交易所披露单位,OK,东方财富期货库存数据,https://data.eastmoney.com/ifdata/kcsj.html
2026-07-15,AG,928570.0,-3491.0,交易所披露单位,OK,东方财富期货库存数据,https://data.eastmoney.com/ifdata/kcsj.html
2026-07-16,AG,936713.0,8143.0,交易所披露单位,OK,东方财富期货库存数据,https://data.eastmoney.com/ifdata/kcsj.html
2026-07-17,AG,990039.0,53326.0,交易所披露单位,OK,东方财富期货库存数据,https://data.eastmoney.com/ifdata/kcsj.html
2026-07-20,AG,977865.0,-12174.0,交易所披露单位,OK,东方财富期货库存数据,https://data.eastmoney.com/ifdata/kcsj.html
2026-07-21,AG,968622.0,-9243.0,交易所披露单位,OK,东方财富期货库存数据,https://data.eastmoney.com/ifdata/kcsj.html
2026-07-22,AG,971222.0,2600.0,交易所披露单位,OK,东方财富期货库存数据,https://data.eastmoney.com/ifdata/kcsj.html
2026-07-23,AG,972624.0,1402.0,交易所披露单位,OK,东方财富期货库存数据,https://data.eastmoney.com/ifdata/kcsj.html
2026-07-24,AG,978934.0,6310.0,交易所披露单位,OK,东方财富期货库存数据,https://data.eastmoney.com/ifdata/kcsj.html
2026-07-27,AG,1147906.0,168972.0,交易所披露单位,OK,东方财富期货库存数据,https://data.eastmoney.com/ifdata/kcsj.html
2026-07-28,AG,1141825.0,-6081.0,交易所披露单位,OK,东方财富期货库存数据,https://data.eastmoney.com/ifdata/kcsj.html
2026-07-29,AG,1166770.0,24945.0,交易所披露单位,OK,东方财富期货库存数据,https://data.eastmoney.com/ifdata/kcsj.html
2026-07-30,AG,1181187.0,14417.0,交易所披露单位,OK,东方财富期货库存数据,https://data.eastmoney.com/ifdata/kcsj.html
2026-07-31,AG,1191372.0,10185.0,交易所披露单位,OK,东方财富期货库存数据,https://data.eastmoney.com/ifdata/kcsj.html
2026-08-03,AG,1211930.0,20558.0,交易所披露单位,OK,东方财富期货库存数据,https://data.eastmoney.com/ifdata/kcsj.html
2026-08-04,AG,1245845.0,33915.0,交易所披露单位,OK,东方财富期货库存数据,https://data.eastmoney.com/ifdata/kcsj.html
2026-08-05,AG,1271758.0,25913.0,交易所披露单位,OK,东方财富期货库存数据,https://data.eastmoney.com/ifdata/kcsj.html
2026-08-06,AG,1259857.0,-11901.0,交易所披露单位,OK,东方财富期货库存数据,https://data.eastmoney.com/ifdata/kcsj.html
2026-08-07,AG,1261244.0,1387.0,交易所披露单位,OK,东方财富期货库存数据,https://data.eastmoney.com/ifdata/kcsj.html
2026-08-10,AG,1283967.0,22723.0,交易所披露单位,OK,东方财富期货库存数据,https://data.eastmoney.com/ifdata/kcsj.html
2026-08-11,AG,1300950.0,16983.0,交易所披露单位,OK,东方财富期货库存数据,https://data.eastmoney.com/ifdata/kcsj.html
2026-08-12,AG,1305953.0,5003.0,交易所披露单位,OK,东方财富期货库存数据,https://data.eastmoney.com/ifdata/kcsj.html
2026-08-13,AG,1313264.0,7311.0,交易所披露单位,OK,东方财富期货库存数据,https://data.eastmoney.com/ifdata/kcsj.html
2026-08-14,AG,1334644.0,21380.0,交易所披露单位,OK,东方财富期货库存数据,https://data.eastmoney.com/ifdata/kcsj.html
2026-08-17,AG,1356352.0,21708.0,交易所披露单位,OK,东方财富期货库存数据,https://data.eastmoney.com/ifdata/kcsj.html
2026-07-07,AL,397145.0,-1913.0,交易所披露单位,OK,东方财富期货库存数据,https://data.eastmoney.com/ifdata/kcsj.html
2026-07-08,AL,394028.0,-3117.0,交易所披露单位,OK,东方财富期货库存数据,https://data.eastmoney.com/ifdata/kcsj.html
2026-07-09,AL,391639.0,-2389.0,交易所披露单位,OK,东方财富期货库存数据,https://data.eastmoney.com/ifdata/kcsj.html
2026-07-10,AL,395143.0,3504.0,交易所披露单位,OK,东方财富期货库存数据,https://data.eastmoney.com/ifdata/kcsj.html
2026-07-13,AL,389605.0,-5538.0,交易所披露单位,OK,东方财富期货库存数据,https://data.eastmoney.com/ifdata/kcsj.html
2026-07-14,AL,385030.0,-4575.0,交易所披露单位,OK,东方财富期货库存数据,https://data.eastmoney.com/ifdata/kcsj.html
2026-07-15,AL,383779.0,-1251.0,交易所披露单位,OK,东方财富期货库存数据,https://data.eastmoney.com/ifdata/kcsj.html
2026-07-16,AL,381233.0,-2546.0,交易所披露单位,OK,东方财富期货库存数据,https://data.eastmoney.com/ifdata/kcsj.html
2026-07-17,AL,379791.0,-1442.0,交易所披露单位,OK,东方财富期货库存数据,https://data.eastmoney.com/ifdata/kcsj.html
2026-07-20,AL,374049.0,-5742.0,交易所披露单位,OK,东方财富期货库存数据,https://data.eastmoney.com/ifdata/kcsj.html
2026-07-21,AL,369690.0,-4359.0,交易所披露单位,OK,东方财富期货库存数据,https://data.eastmoney.com/ifdata/kcsj.html
2026-07-22,AL,365596.0,-4094.0,交易所披露单位,OK,东方财富期货库存数据,https://data.eastmoney.com/ifdata/kcsj.html
2026-07-23,AL,362106.0,-3490.0,交易所披露单位,OK,东方财富期货库存数据,https://data.eastmoney.com/ifdata/kcsj.html
2026-07-24,AL,355590.0,-6516.0,交易所披露单位,OK,东方财富期货库存数据,https://data.eastmoney.com/ifdata/kcsj.html
2026-07-27,AL,345962.0,-9628.0,交易所披露单位,OK,东方财富期货库存数据,https://data.eastmoney.com/ifdata/kcsj.html
2026-07-28,AL,338001.0,-7961.0,交易所披露单位,OK,东方财富期货库存数据,https://data.eastmoney.com/ifdata/kcsj.html
2026-07-29,AL,330389.0,-7612.0,交易所披露单位,OK,东方财富期货库存数据,https://data.eastmoney.com/ifdata/kcsj.html
2026-07-30,AL,325289.0,-5100.0,交易所披露单位,OK,东方财富期货库存数据,https://data.eastmoney.com/ifdata/kcsj.html
2026-07-31,AL,320224.0,-5065.0,交易所披露单位,OK,东方财富期货库存数据,https://data.eastmoney.com/ifdata/kcsj.html
2026-08-03,AL,317305.0,-2919.0,交易所披露单位,OK,东方财富期货库存数据,https://data.eastmoney.com/ifdata/kcsj.html
2026-08-04,AL,315319.0,-1986.0,交易所披露单位,OK,东方财富期货库存数据,https://data.eastmoney.com/ifdata/kcsj.html
2026-08-05,AL,311401.0,-3918.0,交易所披露单位,OK,东方财富期货库存数据,https://data.eastmoney.com/ifdata/kcsj.html
2026-08-06,AL,308803.0,-2598.0,交易所披露单位,OK,东方财富期货库存数据,https://data.eastmoney.com/ifdata/kcsj.html
2026-08-07,AL,307008.0,-1795.0,交易所披露单位,OK,东方财富期货库存数据,https://data.eastmoney.com/ifdata/kcsj.html
2026-08-10,AL,304741.0,-2267.0,交易所披露单位,OK,东方财富期货库存数据,https://data.eastmoney.com/ifdata/kcsj.html
2026-08-11,AL,304191.0,-550.0,交易所披露单位,OK,东方财富期货库存数据,https://data.eastmoney.com/ifdata/kcsj.html
2026-08-12,AL,303168.0,-1023.0,交易所披露单位,OK,东方财富期货库存数据,https://data.eastmoney.com/ifdata/kcsj.html
2026-08-13,AL,300070.0,-3098.0,交易所披露单位,OK,东方财富期货库存数据,https://data.eastmoney.com/ifdata/kcsj.html
2026-08-14,AL,297843.0,-2227.0,交易所披露单位,OK,东方财富期货库存数据,https://data.eastmoney.com/ifdata/kcsj.html
2026-08-17,AL,295845.0,-1998.0,交易所披露单位,OK,东方财富期货库存数据,https://data.eastmoney.com/ifdata/kcsj.html
2026-07-07,AO,264409.0,-6588.0,交易所披露单位,OK,东方财富期货库存数据,https://data.eastmoney.com/ifdata/kcsj.html
2026-07-08,AO,260505.0,-3904.0,交易所披露单位,OK,东方财富期货库存数据,https://data.eastmoney.com/ifdata/kcsj.html
2026-07-09,AO,261120.0,615.0,交易所披露单位,OK,东方财富期货库存数据,https://data.eastmoney.com/ifdata/kcsj.html
2026-07-10,AO,266527.0,5407.0,交易所披露单位,OK,东方财富期货库存数据,https://data.eastmoney.com/ifdata/kcsj.html
2026-07-13,AO,271010.0,4483.0,交易所披露单位,OK,东方财富期货库存数据,https://data.eastmoney.com/ifdata/kcsj.html
2026-07-14,AO,271010.0,,交易所披露单位,OK,东方财富期货库存数据,https://data.eastmoney.com/ifdata/kcsj.html
2026-07-15,AO,268905.0,-2105.0,交易所披露单位,OK,东方财富期货库存数据,https://data.eastmoney.com/ifdata/kcsj.html
2026-07-16,AO,276388.0,7483.0,交易所披露单位,OK,东方财富期货库存数据,https://data.eastmoney.com/ifdata/kcsj.html
2026-07-17,AO,286897.0,10509.0,交易所披露单位,OK,东方财富期货库存数据,https://data.eastmoney.com/ifdata/kcsj.html
2026-07-20,AO,222273.0,-64624.0,交易所披露单位,OK,东方财富期货库存数据,https://data.eastmoney.com/ifdata/kcsj.html
2026-07-21,AO,221370.0,-903.0,交易所披露单位,OK,东方财富期货库存数据,https://data.eastmoney.com/ifdata/kcsj.html
2026-07-22,AO,222275.0,905.0,交易所披露单位,OK,东方财富期货库存数据,https://data.eastmoney.com/ifdata/kcsj.html
2026-07-23,AO,229738.0,7463.0,交易所披露单位,OK,东方财富期货库存数据,https://data.eastmoney.com/ifdata/kcsj.html
2026-07-24,AO,237860.0,8122.0,交易所披露单位,OK,东方财富期货库存数据,https://data.eastmoney.com/ifdata/kcsj.html
2026-07-27,AO,239967.0,2107.0,交易所披露单位,OK,东方财富期货库存数据,https://data.eastmoney.com/ifdata/kcsj.html
2026-07-28,AO,239967.0,,交易所披露单位,OK,东方财富期货库存数据,https://data.eastmoney.com/ifdata/kcsj.html
2026-07-29,AO,245102.0,5135.0,交易所披露单位,OK,东方财富期货库存数据,https://data.eastmoney.com/ifdata/kcsj.html
2026-07-30,AO,252295.0,7193.0,交易所披露单位,OK,东方财富期货库存数据,https://data.eastmoney.com/ifdata/kcsj.html
2026-07-31,AO,250796.0,-1499.0,交易所披露单位,OK,东方财富期货库存数据,https://data.eastmoney.com/ifdata/kcsj.html
2026-08-03,AO,254694.0,3898.0,交易所披露单位,OK,东方财富期货库存数据,https://data.eastmoney.com/ifdata/kcsj.html
2026-08-04,AO,253176.0,-1518.0,交易所披露单位,OK,东方财富期货库存数据,https://data.eastmoney.com/ifdata/kcsj.html
2026-08-05,AO,249891.0,-3285.0,交易所披露单位,OK,东方财富期货库存数据,https://data.eastmoney.com/ifdata/kcsj.html
2026-08-06,AO,249891.0,,交易所披露单位,OK,东方财富期货库存数据,https://data.eastmoney.com/ifdata/kcsj.html
2026-08-07,AO,256485.0,6594.0,交易所披露单位,OK,东方财富期货库存数据,https://data.eastmoney.com/ifdata/kcsj.html
2026-08-10,AO,264286.0,7801.0,交易所披露单位,OK,东方财富期货库存数据,https://data.eastmoney.com/ifdata/kcsj.html
2026-08-11,AO,264286.0,,交易所披露单位,OK,东方财富期货库存数据,https://data.eastmoney.com/ifdata/kcsj.html
2026-08-12,AO,264286.0,,交易所披露单位,OK,东方财富期货库存数据,https://data.eastmoney.com/ifdata/kcsj.html
2026-08-13,AO,263984.0,-302.0,交易所披露单位,OK,东方财富期货库存数据,https://data.eastmoney.com/ifdata/kcsj.html
2026-08-14,AO,262190.0,-1794.0,交易所披露单位,OK,东方财富期货库存数据,https://data.eastmoney.com/ifdata/kcsj.html
2026-08-17,AO,262791.0,601.0,交易所披露单位,OK,东方财富期货库存数据,https://data.eastmoney.com/ifdata/kcsj.html
2026-07-07,AU,112647.0,,交易所披露单位,OK,东方财富期货库存数据,https://data.eastmoney.com/ifdata/kcsj.html
2026-07-08,AU,112647.0,,交易所披露单位,OK,东方财富期货库存数据,https://data.eastmoney.com/ifdata/kcsj.html
2026-07-09,AU,112647.0,,交易所披露单位,OK,东方财富期货库存数据,https://data.eastmoney.com/ifdata/kcsj.html
2026-07-10,AU,112647.0,,交易所披露单位,OK,东方财富期货库存数据,https://data.eastmoney.com/ifdata/kcsj.html
2026-07-13,AU,112647.0,,交易所披露单位,OK,东方财富期货库存数据,https://data.eastmoney.com/ifdata/kcsj.html
2026-07-14,AU,112647.0,,交易所披露单位,OK,东方财富期货库存数据,https://data.eastmoney.com/ifdata/kcsj.html
2026-07-15,AU,112647.0,,交易所披露单位,OK,东方财富期货库存数据,https://data.eastmoney.com/ifdata/kcsj.html
2026-07-16,AU,112647.0,,交易所披露单位,OK,东方财富期货库存数据,https://data.eastmoney.com/ifdata/kcsj.html
2026-07-17,AU,112647.0,,交易所披露单位,OK,东方财富期货库存数据,https://data.eastmoney.com/ifdata/kcsj.html
2026-07-20,AU,112641.0,-6.0,交易所披露单位,OK,东方财富期货库存数据,https://data.eastmoney.com/ifdata/kcsj.html
2026-07-21,AU,112641.0,,交易所披露单位,OK,东方财富期货库存数据,https://data.eastmoney.com/ifdata/kcsj.html
2026-07-22,AU,112641.0,,交易所披露单位,OK,东方财富期货库存数据,https://data.eastmoney.com/ifdata/kcsj.html
2026-07-23,AU,112641.0,,交易所披露单位,OK,东方财富期货库存数据,https://data.eastmoney.com/ifdata/kcsj.html
2026-07-24,AU,112641.0,,交易所披露单位,OK,东方财富期货库存数据,https://data.eastmoney.com/ifdata/kcsj.html
2026-07-27,AU,112641.0,,交易所披露单位,OK,东方财富期货库存数据,https://data.eastmoney.com/ifdata/kcsj.html
2026-07-28,AU,113622.0,981.0,交易所披露单位,OK,东方财富期货库存数据,https://data.eastmoney.com/ifdata/kcsj.html
2026-07-29,AU,113622.0,,交易所披露单位,OK,东方财富期货库存数据,https://data.eastmoney.com/ifdata/kcsj.html
2026-07-30,AU,113622.0,,交易所披露单位,OK,东方财富期货库存数据,https://data.eastmoney.com/ifdata/kcsj.html
2026-07-31,AU,113622.0,,交易所披露单位,OK,东方财富期货库存数据,https://data.eastmoney.com/ifdata/kcsj.html
2026-08-03,AU,113622.0,,交易所披露单位,OK,东方财富期货库存数据,https://data.eastmoney.com/ifdata/kcsj.html
2026-08-04,AU,113622.0,,交易所披露单位,OK,东方财富期货库存数据,https://data.eastmoney.com/ifdata/kcsj.html
2026-08-05,AU,113616.0,-6.0,交易所披露单位,OK,东方财富期货库存数据,https://data.eastmoney.com/ifdata/kcsj.html
2026-08-06,AU,113616.0,,交易所披露单位,OK,东方财富期货库存数据,https://data.eastmoney.com/ifdata/kcsj.html
2026-08-07,AU,113616.0,,交易所披露单位,OK,东方财富期货库存数据,https://data.eastmoney.com/ifdata/kcsj.html
2026-08-10,AU,113616.0,,交易所披露单位,OK,东方财富期货库存数据,https://data.eastmoney.com/ifdata/kcsj.html
2026-08-11,AU,113676.0,60.0,交易所披露单位,OK,东方财富期货库存数据,https://data.eastmoney.com/ifdata/kcsj.html
2026-08-12,AU,113676.0,,交易所披露单位,OK,东方财富期货库存数据,https://data.eastmoney.com/ifdata/kcsj.html
2026-08-13,AU,113676.0,,交易所披露单位,OK,东方财富期货库存数据,https://data.eastmoney.com/ifdata/kcsj.html
2026-08-14,AU,113676.0,,交易所披露单位,OK,东方财富期货库存数据,https://data.eastmoney.com/ifdata/kcsj.html
2026-08-17,AU,113676.0,,交易所披露单位,OK,东方财富期货库存数据,https://data.eastmoney.com/ifdata/kcsj.html
2026-07-07,B,3800.0,-900.0,交易所披露单位,OK,东方财富期货库存数据,https://data.eastmoney.com/ifdata/kcsj.html
2026-07-08,B,3600.0,-200.0,交易所披露单位,OK,东方财富期货库存数据,https://data.eastmoney.com/ifdata/kcsj.html
2026-07-09,B,2600.0,-1000.0,交易所披露单位,OK,东方财富期货库存数据,https://data.eastmoney.com/ifdata/kcsj.html
2026-07-10,B,2100.0,-500.0,交易所披露单位,OK,东方财富期货库存数据,https://data.eastmoney.com/ifdata/kcsj.html
2026-07-13,B,1700.0,-400.0,交易所披露单位,OK,东方财富期货库存数据,https://data.eastmoney.com/ifdata/kcsj.html
2026-07-14,B,1500.0,-200.0,交易所披露单位,OK,东方财富期货库存数据,https://data.eastmoney.com/ifdata/kcsj.html
2026-07-15,B,1400.0,-100.0,交易所披露单位,OK,东方财富期货库存数据,https://data.eastmoney.com/ifdata/kcsj.html
2026-07-16,B,1000.0,-400.0,交易所披露单位,OK,东方财富期货库存数据,https://data.eastmoney.com/ifdata/kcsj.html
2026-07-17,B,100.0,-900.0,交易所披露单位,OK,东方财富期货库存数据,https://data.eastmoney.com/ifdata/kcsj.html
2026-07-20,B,,-100.0,交易所披露单位,OK,东方财富期货库存数据,https://data.eastmoney.com/ifdata/kcsj.html
2026-08-03,B,1900.0,1900.0,交易所披露单位,OK,东方财富期货库存数据,https://data.eastmoney.com/ifdata/kcsj.html
2026-08-04,B,1900.0,,交易所披露单位,OK,东方财富期货库存数据,https://data.eastmoney.com/ifdata/kcsj.html
2026-08-05,B,1900.0,,交易所披露单位,OK,东方财富期货库存数据,https://data.eastmoney.com/ifdata/kcsj.html
2026-08-06,B,1900.0,,交易所披露单位,OK,东方财富期货库存数据,https://data.eastmoney.com/ifdata/kcsj.html
2026-08-07,B,1200.0,-700.0,交易所披露单位,OK,东方财富期货库存数据,https://data.eastmoney.com/ifdata/kcsj.html
2026-08-10,B,1200.0,,交易所披露单位,OK,东方财富期货库存数据,https://data.eastmoney.com/ifdata/kcsj.html
2026-08-11,B,1200.0,,交易所披露单位,OK,东方财富期货库存数据,https://data.eastmoney.com/ifdata/kcsj.html
2026-08-12,B,1200.0,,交易所披露单位,OK,东方财富期货库存数据,https://data.eastmoney.com/ifdata/kcsj.html
2026-08-13,B,1000.0,-200.0,交易所披露单位,OK,东方财富期货库存数据,https://data.eastmoney.com/ifdata/kcsj.html
2026-08-14,B,1000.0,,交易所披露单位,OK,东方财富期货库存数据,https://data.eastmoney.com/ifdata/kcsj.html
2026-08-17,B,900.0,-100.0,交易所披露单位,OK,东方财富期货库存数据,https://data.eastmoney.com/ifdata/kcsj.html
2026-07-07,BR,6720.0,-40.0,交易所披露单位,OK,东方财富期货库存数据,https://data.eastmoney.com/ifdata/kcsj.html
2026-07-08,BR,6590.0,-130.0,交易所披露单位,OK,东方财富期货库存数据,https://data.eastmoney.com/ifdata/kcsj.html
2026-07-09,BR,6590.0,,交易所披露单位,OK,东方财富期货库存数据,https://data.eastmoney.com/ifdata/kcsj.html
2026-07-10,BR,6430.0,-160.0,交易所披露单位,OK,东方财富期货库存数据,https://data.eastmoney.com/ifdata/kcsj.html
2026-07-13,BR,6430.0,,交易所披露单位,OK,东方财富期货库存数据,https://data.eastmoney.com/ifdata/kcsj.html
2026-07-14,BR,6430.0,,交易所披露单位,OK,东方财富期货库存数据,https://data.eastmoney.com/ifdata/kcsj.html
2026-07-15,BR,6490.0,60.0,交易所披露单位,OK,东方财富期货库存数据,https://data.eastmoney.com/ifdata/kcsj.html
2026-07-16,BR,6210.0,-280.0,交易所披露单位,OK,东方财富期货库存数据,https://data.eastmoney.com/ifdata/kcsj.html
2026-07-17,BR,6210.0,,交易所披露单位,OK,东方财富期货库存数据,https://data.eastmoney.com/ifdata/kcsj.html
2026-07-20,BR,5780.0,-430.0,交易所披露单位,OK,东方财富期货库存数据,https://data.eastmoney.com/ifdata/kcsj.html
2026-07-21,BR,5780.0,,交易所披露单位,OK,东方财富期货库存数据,https://data.eastmoney.com/ifdata/kcsj.html
2026-07-22,BR,5550.0,-230.0,交易所披露单位,OK,东方财富期货库存数据,https://data.eastmoney.com/ifdata/kcsj.html
2026-07-23,BR,5440.0,-110.0,交易所披露单位,OK,东方财富期货库存数据,https://data.eastmoney.com/ifdata/kcsj.html
2026-07-24,BR,5360.0,-80.0,交易所披露单位,OK,东方财富期货库存数据,https://data.eastmoney.com/ifdata/kcsj.html
2026-07-27,BR,4960.0,-400.0,交易所披露单位,OK,东方财富期货库存数据,https://data.eastmoney.com/ifdata/kcsj.html
2026-07-28,BR,4930.0,-30.0,交易所披露单位,OK,东方财富期货库存数据,https://data.eastmoney.com/ifdata/kcsj.html
2026-07-29,BR,4930.0,,交易所披露单位,OK,东方财富期货库存数据,https://data.eastmoney.com/ifdata/kcsj.html
2026-07-30,BR,4830.0,-100.0,交易所披露单位,OK,东方财富期货库存数据,https://data.eastmoney.com/ifdata/kcsj.html
2026-07-31,BR,4830.0,,交易所披露单位,OK,东方财富期货库存数据,https://data.eastmoney.com/ifdata/kcsj.html
2026-08-03,BR,4830.0,,交易所披露单位,OK,东方财富期货库存数据,https://data.eastmoney.com/ifdata/kcsj.html
2026-08-04,BR,4730.0,-100.0,交易所披露单位,OK,东方财富期货库存数据,https://data.eastmoney.com/ifdata/kcsj.html
2026-08-05,BR,4730.0,,交易所披露单位,OK,东方财富期货库存数据,https://data.eastmoney.com/ifdata/kcsj.html
2026-08-06,BR,4650.0,-80.0,交易所披露单位,OK,东方财富期货库存数据,https://data.eastmoney.com/ifdata/kcsj.html
2026-08-07,BR,4700.0,50.0,交易所披露单位,OK,东方财富期货库存数据,https://data.eastmoney.com/ifdata/kcsj.html
2026-08-10,BR,4880.0,180.0,交易所披露单位,OK,东方财富期货库存数据,https://data.eastmoney.com/ifdata/kcsj.html
2026-08-11,BR,4540.0,-340.0,交易所披露单位,OK,东方财富期货库存数据,https://data.eastmoney.com/ifdata/kcsj.html
2026-08-12,BR,4540.0,,交易所披露单位,OK,东方财富期货库存数据,https://data.eastmoney.com/ifdata/kcsj.html
2026-08-13,BR,4640.0,100.0,交易所披露单位,OK,东方财富期货库存数据,https://data.eastmoney.com/ifdata/kcsj.html
2026-08-14,BR,4410.0,-230.0,交易所披露单位,OK,东方财富期货库存数据,https://data.eastmoney.com/ifdata/kcsj.html
2026-08-17,BR,4410.0,,交易所披露单位,OK,东方财富期货库存数据,https://data.eastmoney.com/ifdata/kcsj.html
2026-07-07,BU,9310.0,,交易所披露单位,OK,东方财富期货库存数据,https://data.eastmoney.com/ifdata/kcsj.html
2026-07-08,BU,9310.0,,交易所披露单位,OK,东方财富期货库存数据,https://data.eastmoney.com/ifdata/kcsj.html
2026-07-09,BU,9310.0,,交易所披露单位,OK,东方财富期货库存数据,https://data.eastmoney.com/ifdata/kcsj.html
2026-07-10,BU,9310.0,,交易所披露单位,OK,东方财富期货库存数据,https://data.eastmoney.com/ifdata/kcsj.html
2026-07-13,BU,9310.0,,交易所披露单位,OK,东方财富期货库存数据,https://data.eastmoney.com/ifdata/kcsj.html
2026-07-14,BU,11290.0,1980.0,交易所披露单位,OK,东方财富期货库存数据,https://data.eastmoney.com/ifdata/kcsj.html
2026-07-15,BU,11290.0,,交易所披露单位,OK,东方财富期货库存数据,https://data.eastmoney.com/ifdata/kcsj.html
2026-07-16,BU,11290.0,,交易所披露单位,OK,东方财富期货库存数据,https://data.eastmoney.com/ifdata/kcsj.html
2026-07-17,BU,11290.0,,交易所披露单位,OK,东方财富期货库存数据,https://data.eastmoney.com/ifdata/kcsj.html
2026-07-20,BU,11290.0,,交易所披露单位,OK,东方财富期货库存数据,https://data.eastmoney.com/ifdata/kcsj.html
2026-07-21,BU,11290.0,,交易所披露单位,OK,东方财富期货库存数据,https://data.eastmoney.com/ifdata/kcsj.html
2026-07-22,BU,11290.0,,交易所披露单位,OK,东方财富期货库存数据,https://data.eastmoney.com/ifdata/kcsj.html
2026-07-23,BU,11290.0,,交易所披露单位,OK,东方财富期货库存数据,https://data.eastmoney.com/ifdata/kcsj.html
2026-07-24,BU,11290.0,,交易所披露单位,OK,东方财富期货库存数据,https://data.eastmoney.com/ifdata/kcsj.html
2026-07-27,BU,11290.0,,交易所披露单位,OK,东方财富期货库存数据,https://data.eastmoney.com/ifdata/kcsj.html
2026-07-28,BU,11290.0,,交易所披露单位,OK,东方财富期货库存数据,https://data.eastmoney.com/ifdata/kcsj.html
2026-07-29,BU,11290.0,,交易所披露单位,OK,东方财富期货库存数据,https://data.eastmoney.com/ifdata/kcsj.html
2026-07-30,BU,11290.0,,交易所披露单位,OK,东方财富期货库存数据,https://data.eastmoney.com/ifdata/kcsj.html
2026-07-31,BU,11290.0,,交易所披露单位,OK,东方财富期货库存数据,https://data.eastmoney.com/ifdata/kcsj.html
2026-08-03,BU,11290.0,,交易所披露单位,OK,东方财富期货库存数据,https://data.eastmoney.com/ifdata/kcsj.html
2026-08-04,BU,11290.0,,交易所披露单位,OK,东方财富期货库存数据,https://data.eastmoney.com/ifdata/kcsj.html
2026-08-05,BU,13260.0,1970.0,交易所披露单位,OK,东方财富期货库存数据,https://data.eastmoney.com/ifdata/kcsj.html
2026-08-06,BU,13260.0,,交易所披露单位,OK,东方财富期货库存数据,https://data.eastmoney.com/ifdata/kcsj.html
2026-08-07,BU,13260.0,,交易所披露单位,OK,东方财富期货库存数据,https://data.eastmoney.com/ifdata/kcsj.html
2026-08-10,BU,13260.0,,交易所披露单位,OK,东方财富期货库存数据,https://data.eastmoney.com/ifdata/kcsj.html
2026-08-11,BU,13260.0,,交易所披露单位,OK,东方财富期货库存数据,https://data.eastmoney.com/ifdata/kcsj.html
2026-08-12,BU,13260.0,,交易所披露单位,OK,东方财富期货库存数据,https://data.eastmoney.com/ifdata/kcsj.html
2026-08-13,BU,13260.0,,交易所披露单位,OK,东方财富期货库存数据,https://data.eastmoney.com/ifdata/kcsj.html
2026-08-14,BU,15550.0,2290.0,交易所披露单位,OK,东方财富期货库存数据,https://data.eastmoney.com/ifdata/kcsj.html
2026-08-17,BU,15550.0,,交易所披露单位,OK,东方财富期货库存数据,https://data.eastmoney.com/ifdata/kcsj.html
2026-07-20,BZ,200.0,200.0,交易所披露单位,OK,东方财富期货库存数据,https://data.eastmoney.com/ifdata/kcsj.html
2026-07-21,BZ,200.0,,交易所披露单位,OK,东方财富期货库存数据,https://data.eastmoney.com/ifdata/kcsj.html
2026-07-22,BZ,200.0,,交易所披露单位,OK,东方财富期货库存数据,https://data.eastmoney.com/ifdata/kcsj.html
2026-07-23,BZ,200.0,,交易所披露单位,OK,东方财富期货库存数据,https://data.eastmoney.com/ifdata/kcsj.html
2026-07-24,BZ,203.0,3.0,交易所披露单位,OK,东方财富期货库存数据,https://data.eastmoney.com/ifdata/kcsj.html
2026-07-27,BZ,203.0,,交易所披露单位,OK,东方财富期货库存数据,https://data.eastmoney.com/ifdata/kcsj.html
2026-07-28,BZ,200.0,-3.0,交易所披露单位,OK,东方财富期货库存数据,https://data.eastmoney.com/ifdata/kcsj.html
2026-07-29,BZ,200.0,,交易所披露单位,OK,东方财富期货库存数据,https://data.eastmoney.com/ifdata/kcsj.html
2026-07-30,BZ,200.0,,交易所披露单位,OK,东方财富期货库存数据,https://data.eastmoney.com/ifdata/kcsj.html
2026-07-31,BZ,,-200.0,交易所披露单位,OK,东方财富期货库存数据,https://data.eastmoney.com/ifdata/kcsj.html
2026-07-07,C,54888.0,381.0,交易所披露单位,OK,东方财富期货库存数据,https://data.eastmoney.com/ifdata/kcsj.html
2026-07-08,C,52887.0,-2001.0,交易所披露单位,OK,东方财富期货库存数据,https://data.eastmoney.com/ifdata/kcsj.html
2026-07-09,C,51223.0,-1664.0,交易所披露单位,OK,东方财富期货库存数据,https://data.eastmoney.com/ifdata/kcsj.html
2026-07-10,C,48358.0,-2865.0,交易所披露单位,OK,东方财富期货库存数据,https://data.eastmoney.com/ifdata/kcsj.html
2026-07-13,C,48358.0,,交易所披露单位,OK,东方财富期货库存数据,https://data.eastmoney.com/ifdata/kcsj.html
2026-07-14,C,47043.0,-1315.0,交易所披露单位,OK,东方财富期货库存数据,https://data.eastmoney.com/ifdata/kcsj.html
2026-07-15,C,45502.0,-1541.0,交易所披露单位,OK,东方财富期货库存数据,https://data.eastmoney.com/ifdata/kcsj.html
2026-07-16,C,45502.0,,交易所披露单位,OK,东方财富期货库存数据,https://data.eastmoney.com/ifdata/kcsj.html
2026-07-17,C,44382.0,-1120.0,交易所披露单位,OK,东方财富期货库存数据,https://data.eastmoney.com/ifdata/kcsj.html
2026-07-20,C,40128.0,-4254.0,交易所披露单位,OK,东方财富期货库存数据,https://data.eastmoney.com/ifdata/kcsj.html
2026-07-21,C,42921.0,2793.0,交易所披露单位,OK,东方财富期货库存数据,https://data.eastmoney.com/ifdata/kcsj.html
2026-07-22,C,40965.0,-1956.0,交易所披露单位,OK,东方财富期货库存数据,https://data.eastmoney.com/ifdata/kcsj.html
2026-07-23,C,40849.0,-116.0,交易所披露单位,OK,东方财富期货库存数据,https://data.eastmoney.com/ifdata/kcsj.html
2026-07-24,C,40725.0,-124.0,交易所披露单位,OK,东方财富期货库存数据,https://data.eastmoney.com/ifdata/kcsj.html
2026-07-27,C,40725.0,,交易所披露单位,OK,东方财富期货库存数据,https://data.eastmoney.com/ifdata/kcsj.html
2026-07-28,C,40725.0,,交易所披露单位,OK,东方财富期货库存数据,https://data.eastmoney.com/ifdata/kcsj.html
2026-07-29,C,40725.0,,交易所披露单位,OK,东方财富期货库存数据,https://data.eastmoney.com/ifdata/kcsj.html
2026-07-30,C,41725.0,1000.0,交易所披露单位,OK,东方财富期货库存数据,https://data.eastmoney.com/ifdata/kcsj.html
2026-07-31,C,44725.0,3000.0,交易所披露单位,OK,东方财富期货库存数据,https://data.eastmoney.com/ifdata/kcsj.html
2026-08-03,C,45725.0,1000.0,交易所披露单位,OK,东方财富期货库存数据,https://data.eastmoney.com/ifdata/kcsj.html
2026-08-04,C,45725.0,,交易所披露单位,OK,东方财富期货库存数据,https://data.eastmoney.com/ifdata/kcsj.html
2026-08-05,C,45725.0,,交易所披露单位,OK,东方财富期货库存数据,https://data.eastmoney.com/ifdata/kcsj.html
2026-08-06,C,45725.0,,交易所披露单位,OK,东方财富期货库存数据,https://data.eastmoney.com/ifdata/kcsj.html
2026-08-07,C,45725.0,,交易所披露单位,OK,东方财富期货库存数据,https://data.eastmoney.com/ifdata/kcsj.html
2026-08-10,C,45725.0,,交易所披露单位,OK,东方财富期货库存数据,https://data.eastmoney.com/ifdata/kcsj.html
2026-08-11,C,45725.0,,交易所披露单位,OK,东方财富期货库存数据,https://data.eastmoney.com/ifdata/kcsj.html
2026-08-12,C,45725.0,,交易所披露单位,OK,东方财富期货库存数据,https://data.eastmoney.com/ifdata/kcsj.html
2026-08-13,C,45725.0,,交易所披露单位,OK,东方财富期货库存数据,https://data.eastmoney.com/ifdata/kcsj.html
2026-08-14,C,45725.0,,交易所披露单位,OK,东方财富期货库存数据,https://data.eastmoney.com/ifdata/kcsj.html
2026-08-17,C,45725.0,,交易所披露单位,OK,东方财富期货库存数据,https://data.eastmoney.com/ifdata/kcsj.html
2026-07-07,CF,10885.0,-37.0,交易所披露单位,OK,东方财富期货库存数据,https://data.eastmoney.com/ifdata/kcsj.html
2026-07-08,CF,10879.0,-6.0,交易所披露单位,OK,东方财富期货库存数据,https://data.eastmoney.com/ifdata/kcsj.html
2026-07-09,CF,10850.0,-29.0,交易所披露单位,OK,东方财富期货库存数据,https://data.eastmoney.com/ifdata/kcsj.html
2026-07-10,CF,10829.0,-21.0,交易所披露单位,OK,东方财富期货库存数据,https://data.eastmoney.com/ifdata/kcsj.html
2026-07-13,CF,10812.0,-17.0,交易所披露单位,OK,东方财富期货库存数据,https://data.eastmoney.com/ifdata/kcsj.html
2026-07-14,CF,10782.0,-30.0,交易所披露单位,OK,东方财富期货库存数据,https://data.eastmoney.com/ifdata/kcsj.html
2026-07-15,CF,10720.0,-62.0,交易所披露单位,OK,东方财富期货库存数据,https://data.eastmoney.com/ifdata/kcsj.html
2026-07-16,CF,10681.0,-39.0,交易所披露单位,OK,东方财富期货库存数据,https://data.eastmoney.com/ifdata/kcsj.html
2026-07-17,CF,10620.0,-61.0,交易所披露单位,OK,东方财富期货库存数据,https://data.eastmoney.com/ifdata/kcsj.html
2026-07-20,CF,10568.0,-52.0,交易所披露单位,OK,东方财富期货库存数据,https://data.eastmoney.com/ifdata/kcsj.html
2026-07-21,CF,10502.0,-66.0,交易所披露单位,OK,东方财富期货库存数据,https://data.eastmoney.com/ifdata/kcsj.html
2026-07-22,CF,10451.0,-51.0,交易所披露单位,OK,东方财富期货库存数据,https://data.eastmoney.com/ifdata/kcsj.html
2026-07-23,CF,10413.0,-38.0,交易所披露单位,OK,东方财富期货库存数据,https://data.eastmoney.com/ifdata/kcsj.html
2026-07-24,CF,10380.0,-33.0,交易所披露单位,OK,东方财富期货库存数据,https://data.eastmoney.com/ifdata/kcsj.html
2026-07-27,CF,10346.0,-34.0,交易所披露单位,OK,东方财富期货库存数据,https://data.eastmoney.com/ifdata/kcsj.html
2026-07-28,CF,10280.0,-66.0,交易所披露单位,OK,东方财富期货库存数据,https://data.eastmoney.com/ifdata/kcsj.html
2026-07-29,CF,10209.0,-71.0,交易所披露单位,OK,东方财富期货库存数据,https://data.eastmoney.com/ifdata/kcsj.html
2026-07-30,CF,10155.0,-54.0,交易所披露单位,OK,东方财富期货库存数据,https://data.eastmoney.com/ifdata/kcsj.html
2026-07-31,CF,10074.0,-81.0,交易所披露单位,OK,东方财富期货库存数据,https://data.eastmoney.com/ifdata/kcsj.html
2026-08-03,CF,9972.0,-102.0,交易所披露单位,OK,东方财富期货库存数据,https://data.eastmoney.com/ifdata/kcsj.html
2026-08-04,CF,9903.0,-69.0,交易所披露单位,OK,东方财富期货库存数据,https://data.eastmoney.com/ifdata/kcsj.html
2026-08-05,CF,9849.0,-54.0,交易所披露单位,OK,东方财富期货库存数据,https://data.eastmoney.com/ifdata/kcsj.html
2026-08-06,CF,9815.0,-34.0,交易所披露单位,OK,东方财富期货库存数据,https://data.eastmoney.com/ifdata/kcsj.html
2026-08-07,CF,9790.0,-25.0,交易所披露单位,OK,东方财富期货库存数据,https://data.eastmoney.com/ifdata/kcsj.html
2026-08-10,CF,9764.0,-26.0,交易所披露单位,OK,东方财富期货库存数据,https://data.eastmoney.com/ifdata/kcsj.html
2026-08-11,CF,9723.0,-41.0,交易所披露单位,OK,东方财富期货库存数据,https://data.eastmoney.com/ifdata/kcsj.html
2026-08-12,CF,9672.0,-51.0,交易所披露单位,OK,东方财富期货库存数据,https://data.eastmoney.com/ifdata/kcsj.html
2026-08-13,CF,9639.0,-33.0,交易所披露单位,OK,东方财富期货库存数据,https://data.eastmoney.com/ifdata/kcsj.html
2026-08-14,CF,9595.0,-44.0,交易所披露单位,OK,东方财富期货库存数据,https://data.eastmoney.com/ifdata/kcsj.html
2026-08-17,CF,9562.0,-33.0,交易所披露单位,OK,东方财富期货库存数据,https://data.eastmoney.com/ifdata/kcsj.html
2026-07-07,CJ,8230.0,-6.0,交易所披露单位,OK,东方财富期货库存数据,https://data.eastmoney.com/ifdata/kcsj.html
2026-07-08,CJ,8223.0,-7.0,交易所披露单位,OK,东方财富期货库存数据,https://data.eastmoney.com/ifdata/kcsj.html
2026-07-09,CJ,8223.0,,交易所披露单位,OK,东方财富期货库存数据,https://data.eastmoney.com/ifdata/kcsj.html
2026-07-10,CJ,8182.0,-41.0,交易所披露单位,OK,东方财富期货库存数据,https://data.eastmoney.com/ifdata/kcsj.html
2026-07-13,CJ,8182.0,,交易所披露单位,OK,东方财富期货库存数据,https://data.eastmoney.com/ifdata/kcsj.html
2026-07-14,CJ,8593.0,411.0,交易所披露单位,OK,东方财富期货库存数据,https://data.eastmoney.com/ifdata/kcsj.html
2026-07-15,CJ,8587.0,-6.0,交易所披露单位,OK,东方财富期货库存数据,https://data.eastmoney.com/ifdata/kcsj.html
2026-07-16,CJ,8587.0,,交易所披露单位,OK,东方财富期货库存数据,https://data.eastmoney.com/ifdata/kcsj.html
2026-07-17,CJ,8580.0,-7.0,交易所披露单位,OK,东方财富期货库存数据,https://data.eastmoney.com/ifdata/kcsj.html
2026-07-20,CJ,8749.0,169.0,交易所披露单位,OK,东方财富期货库存数据,https://data.eastmoney.com/ifdata/kcsj.html
2026-07-21,CJ,8749.0,,交易所披露单位,OK,东方财富期货库存数据,https://data.eastmoney.com/ifdata/kcsj.html
2026-07-22,CJ,8681.0,-68.0,交易所披露单位,OK,东方财富期货库存数据,https://data.eastmoney.com/ifdata/kcsj.html
2026-07-23,CJ,8676.0,-5.0,交易所披露单位,OK,东方财富期货库存数据,https://data.eastmoney.com/ifdata/kcsj.html
2026-07-24,CJ,8663.0,-13.0,交易所披露单位,OK,东方财富期货库存数据,https://data.eastmoney.com/ifdata/kcsj.html
2026-07-27,CJ,8649.0,-14.0,交易所披露单位,OK,东方财富期货库存数据,https://data.eastmoney.com/ifdata/kcsj.html
2026-07-28,CJ,8640.0,-9.0,交易所披露单位,OK,东方财富期货库存数据,https://data.eastmoney.com/ifdata/kcsj.html
2026-07-29,CJ,8640.0,,交易所披露单位,OK,东方财富期货库存数据,https://data.eastmoney.com/ifdata/kcsj.html
2026-07-30,CJ,8636.0,-4.0,交易所披露单位,OK,东方财富期货库存数据,https://data.eastmoney.com/ifdata/kcsj.html
2026-07-31,CJ,8625.0,-11.0,交易所披露单位,OK,东方财富期货库存数据,https://data.eastmoney.com/ifdata/kcsj.html
2026-08-03,CJ,8613.0,-12.0,交易所披露单位,OK,东方财富期货库存数据,https://data.eastmoney.com/ifdata/kcsj.html
2026-08-04,CJ,8486.0,-127.0,交易所披露单位,OK,东方财富期货库存数据,https://data.eastmoney.com/ifdata/kcsj.html
2026-08-05,CJ,8478.0,-8.0,交易所披露单位,OK,东方财富期货库存数据,https://data.eastmoney.com/ifdata/kcsj.html
2026-08-06,CJ,8454.0,-24.0,交易所披露单位,OK,东方财富期货库存数据,https://data.eastmoney.com/ifdata/kcsj.html
2026-08-07,CJ,8436.0,-18.0,交易所披露单位,OK,东方财富期货库存数据,https://data.eastmoney.com/ifdata/kcsj.html
2026-08-10,CJ,8431.0,-5.0,交易所披露单位,OK,东方财富期货库存数据,https://data.eastmoney.com/ifdata/kcsj.html
2026-08-11,CJ,8267.0,-164.0,交易所披露单位,OK,东方财富期货库存数据,https://data.eastmoney.com/ifdata/kcsj.html
2026-08-12,CJ,8298.0,31.0,交易所披露单位,OK,东方财富期货库存数据,https://data.eastmoney.com/ifdata/kcsj.html
2026-08-13,CJ,8282.0,-16.0,交易所披露单位,OK,东方财富期货库存数据,https://data.eastmoney.com/ifdata/kcsj.html
2026-08-14,CJ,8277.0,-5.0,交易所披露单位,OK,东方财富期货库存数据,https://data.eastmoney.com/ifdata/kcsj.html
2026-08-17,CJ,8271.0,-6.0,交易所披露单位,OK,东方财富期货库存数据,https://data.eastmoney.com/ifdata/kcsj.html
2026-07-07,CU,60371.0,-3801.0,交易所披露单位,OK,东方财富期货库存数据,https://data.eastmoney.com/ifdata/kcsj.html
2026-07-08,CU,57336.0,-3035.0,交易所披露单位,OK,东方财富期货库存数据,https://data.eastmoney.com/ifdata/kcsj.html
2026-07-09,CU,53849.0,-3487.0,交易所披露单位,OK,东方财富期货库存数据,https://data.eastmoney.com/ifdata/kcsj.html
2026-07-10,CU,48410.0,-5439.0,交易所披露单位,OK,东方财富期货库存数据,https://data.eastmoney.com/ifdata/kcsj.html
2026-07-13,CU,47158.0,-1252.0,交易所披露单位,OK,东方财富期货库存数据,https://data.eastmoney.com/ifdata/kcsj.html
2026-07-14,CU,44697.0,-2461.0,交易所披露单位,OK,东方财富期货库存数据,https://data.eastmoney.com/ifdata/kcsj.html
2026-07-15,CU,43944.0,-753.0,交易所披露单位,OK,东方财富期货库存数据,https://data.eastmoney.com/ifdata/kcsj.html
2026-07-16,CU,42894.0,-1050.0,交易所披露单位,OK,东方财富期货库存数据,https://data.eastmoney.com/ifdata/kcsj.html
2026-07-17,CU,39652.0,-3242.0,交易所披露单位,OK,东方财富期货库存数据,https://data.eastmoney.com/ifdata/kcsj.html
2026-07-20,CU,35091.0,-4561.0,交易所披露单位,OK,东方财富期货库存数据,https://data.eastmoney.com/ifdata/kcsj.html
2026-07-21,CU,33415.0,-1676.0,交易所披露单位,OK,东方财富期货库存数据,https://data.eastmoney.com/ifdata/kcsj.html
2026-07-22,CU,32539.0,-876.0,交易所披露单位,OK,东方财富期货库存数据,https://data.eastmoney.com/ifdata/kcsj.html
2026-07-23,CU,31184.0,-1355.0,交易所披露单位,OK,东方财富期货库存数据,https://data.eastmoney.com/ifdata/kcsj.html
2026-07-24,CU,28668.0,-2516.0,交易所披露单位,OK,东方财富期货库存数据,https://data.eastmoney.com/ifdata/kcsj.html
2026-07-27,CU,27024.0,-1644.0,交易所披露单位,OK,东方财富期货库存数据,https://data.eastmoney.com/ifdata/kcsj.html
2026-07-28,CU,26924.0,-100.0,交易所披露单位,OK,东方财富期货库存数据,https://data.eastmoney.com/ifdata/kcsj.html
2026-07-29,CU,26161.0,-763.0,交易所披露单位,OK,东方财富期货库存数据,https://data.eastmoney.com/ifdata/kcsj.html
2026-07-30,CU,25737.0,-424.0,交易所披露单位,OK,东方财富期货库存数据,https://data.eastmoney.com/ifdata/kcsj.html
2026-07-31,CU,25563.0,-174.0,交易所披露单位,OK,东方财富期货库存数据,https://data.eastmoney.com/ifdata/kcsj.html
2026-08-03,CU,25138.0,-425.0,交易所披露单位,OK,东方财富期货库存数据,https://data.eastmoney.com/ifdata/kcsj.html
2026-08-04,CU,24907.0,-231.0,交易所披露单位,OK,东方财富期货库存数据,https://data.eastmoney.com/ifdata/kcsj.html
2026-08-05,CU,23727.0,-1180.0,交易所披露单位,OK,东方财富期货库存数据,https://data.eastmoney.com/ifdata/kcsj.html
2026-08-06,CU,23427.0,-300.0,交易所披露单位,OK,东方财富期货库存数据,https://data.eastmoney.com/ifdata/kcsj.html
2026-08-07,CU,22977.0,-450.0,交易所披露单位,OK,东方财富期货库存数据,https://data.eastmoney.com/ifdata/kcsj.html
2026-08-10,CU,23052.0,75.0,交易所披露单位,OK,东方财富期货库存数据,https://data.eastmoney.com/ifdata/kcsj.html
2026-08-11,CU,23178.0,126.0,交易所披露单位,OK,东方财富期货库存数据,https://data.eastmoney.com/ifdata/kcsj.html
2026-08-12,CU,24131.0,953.0,交易所披露单位,OK,东方财富期货库存数据,https://data.eastmoney.com/ifdata/kcsj.html
2026-08-13,CU,27208.0,3077.0,交易所披露单位,OK,东方财富期货库存数据,https://data.eastmoney.com/ifdata/kcsj.html
2026-08-14,CU,33676.0,6468.0,交易所披露单位,OK,东方财富期货库存数据,https://data.eastmoney.com/ifdata/kcsj.html
2026-08-17,CU,55292.0,21616.0,交易所披露单位,OK,东方财富期货库存数据,https://data.eastmoney.com/ifdata/kcsj.html
2026-07-07,CY,,,交易所披露单位,OK,东方财富期货库存数据,https://data.eastmoney.com/ifdata/kcsj.html
2026-07-08,CY,,,交易所披露单位,OK,东方财富期货库存数据,https://data.eastmoney.com/ifdata/kcsj.html
2026-07-09,CY,19.0,19.0,交易所披露单位,OK,东方财富期货库存数据,https://data.eastmoney.com/ifdata/kcsj.html
2026-07-10,CY,38.0,19.0,交易所披露单位,OK,东方财富期货库存数据,https://data.eastmoney.com/ifdata/kcsj.html
2026-07-13,CY,38.0,,交易所披露单位,OK,东方财富期货库存数据,https://data.eastmoney.com/ifdata/kcsj.html
2026-07-14,CY,38.0,,交易所披露单位,OK,东方财富期货库存数据,https://data.eastmoney.com/ifdata/kcsj.html
2026-07-15,CY,38.0,,交易所披露单位,OK,东方财富期货库存数据,https://data.eastmoney.com/ifdata/kcsj.html
2026-07-16,CY,38.0,,交易所披露单位,OK,东方财富期货库存数据,https://data.eastmoney.com/ifdata/kcsj.html
2026-07-17,CY,38.0,,交易所披露单位,OK,东方财富期货库存数据,https://data.eastmoney.com/ifdata/kcsj.html
2026-07-20,CY,30.0,-8.0,交易所披露单位,OK,东方财富期货库存数据,https://data.eastmoney.com/ifdata/kcsj.html
2026-07-21,CY,27.0,-3.0,交易所披露单位,OK,东方财富期货库存数据,https://data.eastmoney.com/ifdata/kcsj.html
2026-07-22,CY,25.0,-2.0,交易所披露单位,OK,东方财富期货库存数据,https://data.eastmoney.com/ifdata/kcsj.html
2026-07-23,CY,22.0,-3.0,交易所披露单位,OK,东方财富期货库存数据,https://data.eastmoney.com/ifdata/kcsj.html
2026-07-24,CY,22.0,,交易所披露单位,OK,东方财富期货库存数据,https://data.eastmoney.com/ifdata/kcsj.html
2026-07-27,CY,22.0,,交易所披露单位,OK,东方财富期货库存数据,https://data.eastmoney.com/ifdata/kcsj.html
2026-07-28,CY,22.0,,交易所披露单位,OK,东方财富期货库存数据,https://data.eastmoney.com/ifdata/kcsj.html
2026-07-29,CY,21.0,-1.0,交易所披露单位,OK,东方财富期货库存数据,https://data.eastmoney.com/ifdata/kcsj.html
2026-07-30,CY,18.0,-3.0,交易所披露单位,OK,东方财富期货库存数据,https://data.eastmoney.com/ifdata/kcsj.html
2026-07-31,CY,18.0,,交易所披露单位,OK,东方财富期货库存数据,https://data.eastmoney.com/ifdata/kcsj.html
2026-08-03,CY,17.0,-1.0,交易所披露单位,OK,东方财富期货库存数据,https://data.eastmoney.com/ifdata/kcsj.html
2026-08-04,CY,16.0,-1.0,交易所披露单位,OK,东方财富期货库存数据,https://data.eastmoney.com/ifdata/kcsj.html
2026-08-05,CY,15.0,-1.0,交易所披露单位,OK,东方财富期货库存数据,https://data.eastmoney.com/ifdata/kcsj.html
2026-08-06,CY,15.0,,交易所披露单位,OK,东方财富期货库存数据,https://data.eastmoney.com/ifdata/kcsj.html
2026-08-07,CY,15.0,,交易所披露单位,OK,东方财富期货库存数据,https://data.eastmoney.com/ifdata/kcsj.html
2026-08-10,CY,15.0,,交易所披露单位,OK,东方财富期货库存数据,https://data.eastmoney.com/ifdata/kcsj.html
2026-08-11,CY,15.0,,交易所披露单位,OK,东方财富期货库存数据,https://data.eastmoney.com/ifdata/kcsj.html
2026-08-12,CY,15.0,,交易所披露单位,OK,东方财富期货库存数据,https://data.eastmoney.com/ifdata/kcsj.html
2026-08-13,CY,15.0,,交易所披露单位,OK,东方财富期货库存数据,https://data.eastmoney.com/ifdata/kcsj.html
2026-08-14,CY,15.0,,交易所披露单位,OK,东方财富期货库存数据,https://data.eastmoney.com/ifdata/kcsj.html
2026-08-17,CY,15.0,,交易所披露单位,OK,东方财富期货库存数据,https://data.eastmoney.com/ifdata/kcsj.html
2026-07-07,EB,1504.0,-96.0,交易所披露单位,OK,东方财富期货库存数据,https://data.eastmoney.com/ifdata/kcsj.html
2026-07-08,EB,1504.0,,交易所披露单位,OK,东方财富期货库存数据,https://data.eastmoney.com/ifdata/kcsj.html
2026-07-09,EB,1504.0,,交易所披露单位,OK,东方财富期货库存数据,https://data.eastmoney.com/ifdata/kcsj.html
2026-07-10,EB,1504.0,,交易所披露单位,OK,东方财富期货库存数据,https://data.eastmoney.com/ifdata/kcsj.html
2026-07-13,EB,2104.0,600.0,交易所披露单位,OK,东方财富期货库存数据,https://data.eastmoney.com/ifdata/kcsj.html
2026-07-14,EB,2104.0,,交易所披露单位,OK,东方财富期货库存数据,https://data.eastmoney.com/ifdata/kcsj.html
2026-07-15,EB,2004.0,-100.0,交易所披露单位,OK,东方财富期货库存数据,https://data.eastmoney.com/ifdata/kcsj.html
2026-07-16,EB,2004.0,,交易所披露单位,OK,东方财富期货库存数据,https://data.eastmoney.com/ifdata/kcsj.html
2026-07-17,EB,1204.0,-800.0,交易所披露单位,OK,东方财富期货库存数据,https://data.eastmoney.com/ifdata/kcsj.html
2026-07-20,EB,904.0,-300.0,交易所披露单位,OK,东方财富期货库存数据,https://data.eastmoney.com/ifdata/kcsj.html
2026-07-21,EB,2041.0,1137.0,交易所披露单位,OK,东方财富期货库存数据,https://data.eastmoney.com/ifdata/kcsj.html
2026-07-22,EB,2037.0,-4.0,交易所披露单位,OK,东方财富期货库存数据,https://data.eastmoney.com/ifdata/kcsj.html
2026-07-23,EB,3165.0,1128.0,交易所披露单位,OK,东方财富期货库存数据,https://data.eastmoney.com/ifdata/kcsj.html
2026-07-24,EB,3885.0,720.0,交易所披露单位,OK,东方财富期货库存数据,https://data.eastmoney.com/ifdata/kcsj.html
2026-07-27,EB,5755.0,1870.0,交易所披露单位,OK,东方财富期货库存数据,https://data.eastmoney.com/ifdata/kcsj.html
2026-07-28,EB,5515.0,-240.0,交易所披露单位,OK,东方财富期货库存数据,https://data.eastmoney.com/ifdata/kcsj.html
2026-07-29,EB,5515.0,,交易所披露单位,OK,东方财富期货库存数据,https://data.eastmoney.com/ifdata/kcsj.html
2026-07-30,EB,4975.0,-540.0,交易所披露单位,OK,东方财富期货库存数据,https://data.eastmoney.com/ifdata/kcsj.html
2026-07-31,EB,,-4975.0,交易所披露单位,OK,东方财富期货库存数据,https://data.eastmoney.com/ifdata/kcsj.html
2026-07-07,EG,3283.0,-320.0,交易所披露单位,OK,东方财富期货库存数据,https://data.eastmoney.com/ifdata/kcsj.html
2026-07-08,EG,2783.0,-500.0,交易所披露单位,OK,东方财富期货库存数据,https://data.eastmoney.com/ifdata/kcsj.html
2026-07-09,EG,2483.0,-300.0,交易所披露单位,OK,东方财富期货库存数据,https://data.eastmoney.com/ifdata/kcsj.html
2026-07-10,EG,1972.0,-511.0,交易所披露单位,OK,东方财富期货库存数据,https://data.eastmoney.com/ifdata/kcsj.html
2026-07-13,EG,2072.0,100.0,交易所披露单位,OK,东方财富期货库存数据,https://data.eastmoney.com/ifdata/kcsj.html
2026-07-14,EG,2072.0,,交易所披露单位,OK,东方财富期货库存数据,https://data.eastmoney.com/ifdata/kcsj.html
2026-07-15,EG,2072.0,,交易所披露单位,OK,东方财富期货库存数据,https://data.eastmoney.com/ifdata/kcsj.html
2026-07-16,EG,2072.0,,交易所披露单位,OK,东方财富期货库存数据,https://data.eastmoney.com/ifdata/kcsj.html
2026-07-17,EG,2172.0,100.0,交易所披露单位,OK,东方财富期货库存数据,https://data.eastmoney.com/ifdata/kcsj.html
2026-07-20,EG,2172.0,,交易所披露单位,OK,东方财富期货库存数据,https://data.eastmoney.com/ifdata/kcsj.html
2026-07-21,EG,2472.0,300.0,交易所披露单位,OK,东方财富期货库存数据,https://data.eastmoney.com/ifdata/kcsj.html
2026-07-22,EG,2472.0,,交易所披露单位,OK,东方财富期货库存数据,https://data.eastmoney.com/ifdata/kcsj.html
2026-07-23,EG,2466.0,-6.0,交易所披露单位,OK,东方财富期货库存数据,https://data.eastmoney.com/ifdata/kcsj.html
2026-07-24,EG,2116.0,-350.0,交易所披露单位,OK,东方财富期货库存数据,https://data.eastmoney.com/ifdata/kcsj.html
2026-07-27,EG,2116.0,,交易所披露单位,OK,东方财富期货库存数据,https://data.eastmoney.com/ifdata/kcsj.html
2026-07-28,EG,2116.0,,交易所披露单位,OK,东方财富期货库存数据,https://data.eastmoney.com/ifdata/kcsj.html
2026-07-29,EG,4517.0,2401.0,交易所披露单位,OK,东方财富期货库存数据,https://data.eastmoney.com/ifdata/kcsj.html
2026-07-30,EG,4667.0,150.0,交易所披露单位,OK,东方财富期货库存数据,https://data.eastmoney.com/ifdata/kcsj.html
2026-07-31,EG,4667.0,,交易所披露单位,OK,东方财富期货库存数据,https://data.eastmoney.com/ifdata/kcsj.html
2026-08-03,EG,4667.0,,交易所披露单位,OK,东方财富期货库存数据,https://data.eastmoney.com/ifdata/kcsj.html
2026-08-04,EG,4537.0,-130.0,交易所披露单位,OK,东方财富期货库存数据,https://data.eastmoney.com/ifdata/kcsj.html
2026-08-05,EG,4537.0,,交易所披露单位,OK,东方财富期货库存数据,https://data.eastmoney.com/ifdata/kcsj.html
2026-08-06,EG,4282.0,-255.0,交易所披露单位,OK,东方财富期货库存数据,https://data.eastmoney.com/ifdata/kcsj.html
2026-08-07,EG,4282.0,,交易所披露单位,OK,东方财富期货库存数据,https://data.eastmoney.com/ifdata/kcsj.html
2026-08-10,EG,4282.0,,交易所披露单位,OK,东方财富期货库存数据,https://data.eastmoney.com/ifdata/kcsj.html
2026-08-11,EG,4270.0,-12.0,交易所披露单位,OK,东方财富期货库存数据,https://data.eastmoney.com/ifdata/kcsj.html
2026-08-12,EG,4220.0,-50.0,交易所披露单位,OK,东方财富期货库存数据,https://data.eastmoney.com/ifdata/kcsj.html
2026-08-13,EG,3146.0,-1074.0,交易所披露单位,OK,东方财富期货库存数据,https://data.eastmoney.com/ifdata/kcsj.html
2026-08-14,EG,2396.0,-750.0,交易所披露单位,OK,东方财富期货库存数据,https://data.eastmoney.com/ifdata/kcsj.html
2026-08-17,EG,2396.0,,交易所披露单位,OK,东方财富期货库存数据,https://data.eastmoney.com/ifdata/kcsj.html
2026-07-07,FG,798.0,-3.0,交易所披露单位,OK,东方财富期货库存数据,https://data.eastmoney.com/ifdata/kcsj.html
2026-07-08,FG,798.0,,交易所披露单位,OK,东方财富期货库存数据,https://data.eastmoney.com/ifdata/kcsj.html
2026-07-09,FG,798.0,,交易所披露单位,OK,东方财富期货库存数据,https://data.eastmoney.com/ifdata/kcsj.html
2026-07-10,FG,798.0,,交易所披露单位,OK,东方财富期货库存数据,https://data.eastmoney.com/ifdata/kcsj.html
2026-07-13,FG,798.0,,交易所披露单位,OK,东方财富期货库存数据,https://data.eastmoney.com/ifdata/kcsj.html
2026-07-14,FG,798.0,,交易所披露单位,OK,东方财富期货库存数据,https://data.eastmoney.com/ifdata/kcsj.html
2026-07-15,FG,798.0,,交易所披露单位,OK,东方财富期货库存数据,https://data.eastmoney.com/ifdata/kcsj.html
2026-07-16,FG,798.0,,交易所披露单位,OK,东方财富期货库存数据,https://data.eastmoney.com/ifdata/kcsj.html
2026-07-17,FG,768.0,-30.0,交易所披露单位,OK,东方财富期货库存数据,https://data.eastmoney.com/ifdata/kcsj.html
2026-07-20,FG,375.0,-393.0,交易所披露单位,OK,东方财富期货库存数据,https://data.eastmoney.com/ifdata/kcsj.html
2026-07-21,FG,,-375.0,交易所披露单位,OK,东方财富期货库存数据,https://data.eastmoney.com/ifdata/kcsj.html
2026-07-22,FG,,,交易所披露单位,OK,东方财富期货库存数据,https://data.eastmoney.com/ifdata/kcsj.html
2026-07-23,FG,,,交易所披露单位,OK,东方财富期货库存数据,https://data.eastmoney.com/ifdata/kcsj.html
2026-07-24,FG,,,交易所披露单位,OK,东方财富期货库存数据,https://data.eastmoney.com/ifdata/kcsj.html
2026-07-27,FG,,,交易所披露单位,OK,东方财富期货库存数据,https://data.eastmoney.com/ifdata/kcsj.html
2026-07-28,FG,,,交易所披露单位,OK,东方财富期货库存数据,https://data.eastmoney.com/ifdata/kcsj.html
2026-07-29,FG,,,交易所披露单位,OK,东方财富期货库存数据,https://data.eastmoney.com/ifdata/kcsj.html
2026-07-30,FG,,,交易所披露单位,OK,东方财富期货库存数据,https://data.eastmoney.com/ifdata/kcsj.html
2026-07-31,FG,,,交易所披露单位,OK,东方财富期货库存数据,https://data.eastmoney.com/ifdata/kcsj.html
2026-08-03,FG,,,交易所披露单位,OK,东方财富期货库存数据,https://data.eastmoney.com/ifdata/kcsj.html
2026-08-04,FG,,,交易所披露单位,OK,东方财富期货库存数据,https://data.eastmoney.com/ifdata/kcsj.html
2026-08-05,FG,,,交易所披露单位,OK,东方财富期货库存数据,https://data.eastmoney.com/ifdata/kcsj.html
2026-08-06,FG,500.0,500.0,交易所披露单位,OK,东方财富期货库存数据,https://data.eastmoney.com/ifdata/kcsj.html
2026-08-07,FG,500.0,,交易所披露单位,OK,东方财富期货库存数据,https://data.eastmoney.com/ifdata/kcsj.html
2026-08-10,FG,1311.0,811.0,交易所披露单位,OK,东方财富期货库存数据,https://data.eastmoney.com/ifdata/kcsj.html
2026-08-11,FG,1311.0,,交易所披露单位,OK,东方财富期货库存数据,https://data.eastmoney.com/ifdata/kcsj.html
2026-08-12,FG,1311.0,,交易所披露单位,OK,东方财富期货库存数据,https://data.eastmoney.com/ifdata/kcsj.html
2026-08-13,FG,1311.0,,交易所披露单位,OK,东方财富期货库存数据,https://data.eastmoney.com/ifdata/kcsj.html
2026-08-14,FG,1311.0,,交易所披露单位,OK,东方财富期货库存数据,https://data.eastmoney.com/ifdata/kcsj.html
2026-08-17,FG,1311.0,,交易所披露单位,OK,东方财富期货库存数据,https://data.eastmoney.com/ifdata/kcsj.html
2026-07-07,HC,358724.0,-3234.0,交易所披露单位,OK,东方财富期货库存数据,https://data.eastmoney.com/ifdata/kcsj.html
2026-07-08,HC,357258.0,-1466.0,交易所披露单位,OK,东方财富期货库存数据,https://data.eastmoney.com/ifdata/kcsj.html
2026-07-09,HC,364419.0,7161.0,交易所披露单位,OK,东方财富期货库存数据,https://data.eastmoney.com/ifdata/kcsj.html
2026-07-10,HC,361474.0,-2945.0,交易所披露单位,OK,东方财富期货库存数据,https://data.eastmoney.com/ifdata/kcsj.html
2026-07-13,HC,357941.0,-3533.0,交易所披露单位,OK,东方财富期货库存数据,https://data.eastmoney.com/ifdata/kcsj.html
2026-07-14,HC,354400.0,-3541.0,交易所披露单位,OK,东方财富期货库存数据,https://data.eastmoney.com/ifdata/kcsj.html
2026-07-15,HC,348200.0,-6200.0,交易所披露单位,OK,东方财富期货库存数据,https://data.eastmoney.com/ifdata/kcsj.html
2026-07-16,HC,347320.0,-880.0,交易所披露单位,OK,东方财富期货库存数据,https://data.eastmoney.com/ifdata/kcsj.html
2026-07-17,HC,345554.0,-1766.0,交易所披露单位,OK,东方财富期货库存数据,https://data.eastmoney.com/ifdata/kcsj.html
2026-07-20,HC,337865.0,-7689.0,交易所披露单位,OK,东方财富期货库存数据,https://data.eastmoney.com/ifdata/kcsj.html
2026-07-21,HC,334032.0,-3833.0,交易所披露单位,OK,东方财富期货库存数据,https://data.eastmoney.com/ifdata/kcsj.html
2026-07-22,HC,326362.0,-7670.0,交易所披露单位,OK,东方财富期货库存数据,https://data.eastmoney.com/ifdata/kcsj.html
2026-07-23,HC,322220.0,-4142.0,交易所披露单位,OK,东方财富期货库存数据,https://data.eastmoney.com/ifdata/kcsj.html
2026-07-24,HC,314840.0,-7380.0,交易所披露单位,OK,东方财富期货库存数据,https://data.eastmoney.com/ifdata/kcsj.html
2026-07-27,HC,313071.0,-1769.0,交易所披露单位,OK,东方财富期货库存数据,https://data.eastmoney.com/ifdata/kcsj.html
2026-07-28,HC,307475.0,-5596.0,交易所披露单位,OK,东方财富期货库存数据,https://data.eastmoney.com/ifdata/kcsj.html
2026-07-29,HC,302769.0,-4706.0,交易所披露单位,OK,东方财富期货库存数据,https://data.eastmoney.com/ifdata/kcsj.html
2026-07-30,HC,295130.0,-7639.0,交易所披露单位,OK,东方财富期货库存数据,https://data.eastmoney.com/ifdata/kcsj.html
2026-07-31,HC,293057.0,-2073.0,交易所披露单位,OK,东方财富期货库存数据,https://data.eastmoney.com/ifdata/kcsj.html
2026-08-03,HC,277458.0,-15599.0,交易所披露单位,OK,东方财富期货库存数据,https://data.eastmoney.com/ifdata/kcsj.html
2026-08-04,HC,272153.0,-5305.0,交易所披露单位,OK,东方财富期货库存数据,https://data.eastmoney.com/ifdata/kcsj.html
2026-08-05,HC,268925.0,-3228.0,交易所披露单位,OK,东方财富期货库存数据,https://data.eastmoney.com/ifdata/kcsj.html
2026-08-06,HC,264230.0,-4695.0,交易所披露单位,OK,东方财富期货库存数据,https://data.eastmoney.com/ifdata/kcsj.html
2026-08-07,HC,261579.0,-2651.0,交易所披露单位,OK,东方财富期货库存数据,https://data.eastmoney.com/ifdata/kcsj.html
2026-08-10,HC,260107.0,-1472.0,交易所披露单位,OK,东方财富期货库存数据,https://data.eastmoney.com/ifdata/kcsj.html
2026-08-11,HC,253918.0,-6189.0,交易所披露单位,OK,东方财富期货库存数据,https://data.eastmoney.com/ifdata/kcsj.html
2026-08-12,HC,252743.0,-1175.0,交易所披露单位,OK,东方财富期货库存数据,https://data.eastmoney.com/ifdata/kcsj.html
2026-08-13,HC,250979.0,-1764.0,交易所披露单位,OK,东方财富期货库存数据,https://data.eastmoney.com/ifdata/kcsj.html
2026-08-14,HC,239797.0,-11182.0,交易所披露单位,OK,东方财富期货库存数据,https://data.eastmoney.com/ifdata/kcsj.html
2026-08-17,HC,238032.0,-1765.0,交易所披露单位,OK,东方财富期货库存数据,https://data.eastmoney.com/ifdata/kcsj.html
2026-07-07,I,3950.0,,交易所披露单位,OK,东方财富期货库存数据,https://data.eastmoney.com/ifdata/kcsj.html
2026-07-08,I,3950.0,,交易所披露单位,OK,东方财富期货库存数据,https://data.eastmoney.com/ifdata/kcsj.html
2026-07-09,I,3950.0,,交易所披露单位,OK,东方财富期货库存数据,https://data.eastmoney.com/ifdata/kcsj.html
2026-07-10,I,3950.0,,交易所披露单位,OK,东方财富期货库存数据,https://data.eastmoney.com/ifdata/kcsj.html
2026-07-13,I,2550.0,-1400.0,交易所披露单位,OK,东方财富期货库存数据,https://data.eastmoney.com/ifdata/kcsj.html
2026-07-14,I,3800.0,1250.0,交易所披露单位,OK,东方财富期货库存数据,https://data.eastmoney.com/ifdata/kcsj.html
2026-07-15,I,3800.0,,交易所披露单位,OK,东方财富期货库存数据,https://data.eastmoney.com/ifdata/kcsj.html
2026-07-16,I,4150.0,350.0,交易所披露单位,OK,东方财富期货库存数据,https://data.eastmoney.com/ifdata/kcsj.html
2026-07-17,I,4150.0,,交易所披露单位,OK,东方财富期货库存数据,https://data.eastmoney.com/ifdata/kcsj.html
2026-07-20,I,2650.0,-1500.0,交易所披露单位,OK,东方财富期货库存数据,https://data.eastmoney.com/ifdata/kcsj.html
2026-07-21,I,2650.0,,交易所披露单位,OK,东方财富期货库存数据,https://data.eastmoney.com/ifdata/kcsj.html
2026-07-22,I,2650.0,,交易所披露单位,OK,东方财富期货库存数据,https://data.eastmoney.com/ifdata/kcsj.html
2026-07-23,I,2650.0,,交易所披露单位,OK,东方财富期货库存数据,https://data.eastmoney.com/ifdata/kcsj.html
2026-07-24,I,2650.0,,交易所披露单位,OK,东方财富期货库存数据,https://data.eastmoney.com/ifdata/kcsj.html
2026-07-27,I,2650.0,,交易所披露单位,OK,东方财富期货库存数据,https://data.eastmoney.com/ifdata/kcsj.html
2026-07-28,I,2650.0,,交易所披露单位,OK,东方财富期货库存数据,https://data.eastmoney.com/ifdata/kcsj.html
2026-07-29,I,2650.0,,交易所披露单位,OK,东方财富期货库存数据,https://data.eastmoney.com/ifdata/kcsj.html
2026-07-30,I,2650.0,,交易所披露单位,OK,东方财富期货库存数据,https://data.eastmoney.com/ifdata/kcsj.html
2026-07-31,I,2650.0,,交易所披露单位,OK,东方财富期货库存数据,https://data.eastmoney.com/ifdata/kcsj.html
2026-08-03,I,3050.0,400.0,交易所披露单位,OK,东方财富期货库存数据,https://data.eastmoney.com/ifdata/kcsj.html
2026-08-04,I,3050.0,,交易所披露单位,OK,东方财富期货库存数据,https://data.eastmoney.com/ifdata/kcsj.html
2026-08-05,I,3150.0,100.0,交易所披露单位,OK,东方财富期货库存数据,https://data.eastmoney.com/ifdata/kcsj.html
2026-08-06,I,2550.0,-600.0,交易所披露单位,OK,东方财富期货库存数据,https://data.eastmoney.com/ifdata/kcsj.html
2026-08-07,I,3000.0,450.0,交易所披露单位,OK,东方财富期货库存数据,https://data.eastmoney.com/ifdata/kcsj.html
2026-08-10,I,4800.0,1800.0,交易所披露单位,OK,东方财富期货库存数据,https://data.eastmoney.com/ifdata/kcsj.html
2026-08-11,I,4800.0,,交易所披露单位,OK,东方财富期货库存数据,https://data.eastmoney.com/ifdata/kcsj.html
2026-08-12,I,4800.0,,交易所披露单位,OK,东方财富期货库存数据,https://data.eastmoney.com/ifdata/kcsj.html
2026-08-13,I,4800.0,,交易所披露单位,OK,东方财富期货库存数据,https://data.eastmoney.com/ifdata/kcsj.html
2026-08-14,I,4800.0,,交易所披露单位,OK,东方财富期货库存数据,https://data.eastmoney.com/ifdata/kcsj.html
2026-08-17,I,4800.0,,交易所披露单位,OK,东方财富期货库存数据,https://data.eastmoney.com/ifdata/kcsj.html
2026-07-07,J,1567.0,,交易所披露单位,OK,东方财富期货库存数据,https://data.eastmoney.com/ifdata/kcsj.html
2026-07-08,J,1567.0,,交易所披露单位,OK,东方财富期货库存数据,https://data.eastmoney.com/ifdata/kcsj.html
2026-07-09,J,1567.0,,交易所披露单位,OK,东方财富期货库存数据,https://data.eastmoney.com/ifdata/kcsj.html
2026-07-10,J,1507.0,-60.0,交易所披露单位,OK,东方财富期货库存数据,https://data.eastmoney.com/ifdata/kcsj.html
2026-07-13,J,1467.0,-40.0,交易所披露单位,OK,东方财富期货库存数据,https://data.eastmoney.com/ifdata/kcsj.html
2026-07-14,J,1437.0,-30.0,交易所披露单位,OK,东方财富期货库存数据,https://data.eastmoney.com/ifdata/kcsj.html
2026-07-15,J,1437.0,,交易所披露单位,OK,东方财富期货库存数据,https://data.eastmoney.com/ifdata/kcsj.html
2026-07-16,J,1437.0,,交易所披露单位,OK,东方财富期货库存数据,https://data.eastmoney.com/ifdata/kcsj.html
2026-07-17,J,1437.0,,交易所披露单位,OK,东方财富期货库存数据,https://data.eastmoney.com/ifdata/kcsj.html
2026-07-20,J,1437.0,,交易所披露单位,OK,东方财富期货库存数据,https://data.eastmoney.com/ifdata/kcsj.html
2026-07-21,J,1437.0,,交易所披露单位,OK,东方财富期货库存数据,https://data.eastmoney.com/ifdata/kcsj.html
2026-07-22,J,1437.0,,交易所披露单位,OK,东方财富期货库存数据,https://data.eastmoney.com/ifdata/kcsj.html
2026-07-23,J,1437.0,,交易所披露单位,OK,东方财富期货库存数据,https://data.eastmoney.com/ifdata/kcsj.html
2026-07-24,J,1437.0,,交易所披露单位,OK,东方财富期货库存数据,https://data.eastmoney.com/ifdata/kcsj.html
2026-07-27,J,1437.0,,交易所披露单位,OK,东方财富期货库存数据,https://data.eastmoney.com/ifdata/kcsj.html
2026-07-28,J,1437.0,,交易所披露单位,OK,东方财富期货库存数据,https://data.eastmoney.com/ifdata/kcsj.html
2026-07-29,J,1437.0,,交易所披露单位,OK,东方财富期货库存数据,https://data.eastmoney.com/ifdata/kcsj.html
2026-07-30,J,1437.0,,交易所披露单位,OK,东方财富期货库存数据,https://data.eastmoney.com/ifdata/kcsj.html
2026-07-31,J,1437.0,,交易所披露单位,OK,东方财富期货库存数据,https://data.eastmoney.com/ifdata/kcsj.html
2026-08-03,J,1437.0,,交易所披露单位,OK,东方财富期货库存数据,https://data.eastmoney.com/ifdata/kcsj.html
2026-08-04,J,1437.0,,交易所披露单位,OK,东方财富期货库存数据,https://data.eastmoney.com/ifdata/kcsj.html
2026-08-05,J,1437.0,,交易所披露单位,OK,东方财富期货库存数据,https://data.eastmoney.com/ifdata/kcsj.html
2026-08-06,J,1437.0,,交易所披露单位,OK,东方财富期货库存数据,https://data.eastmoney.com/ifdata/kcsj.html
2026-08-07,J,1375.0,-62.0,交易所披露单位,OK,东方财富期货库存数据,https://data.eastmoney.com/ifdata/kcsj.html
2026-08-10,J,1481.0,106.0,交易所披露单位,OK,东方财富期货库存数据,https://data.eastmoney.com/ifdata/kcsj.html
2026-08-11,J,1481.0,,交易所披露单位,OK,东方财富期货库存数据,https://data.eastmoney.com/ifdata/kcsj.html
2026-08-12,J,1481.0,,交易所披露单位,OK,东方财富期货库存数据,https://data.eastmoney.com/ifdata/kcsj.html
2026-08-13,J,1481.0,,交易所披露单位,OK,东方财富期货库存数据,https://data.eastmoney.com/ifdata/kcsj.html
2026-08-14,J,1481.0,,交易所披露单位,OK,东方财富期货库存数据,https://data.eastmoney.com/ifdata/kcsj.html
2026-08-17,J,1481.0,,交易所披露单位,OK,东方财富期货库存数据,https://data.eastmoney.com/ifdata/kcsj.html
2026-08-03,JD,2.0,2.0,交易所披露单位,OK,东方财富期货库存数据,https://data.eastmoney.com/ifdata/kcsj.html
2026-08-04,JD,2.0,,交易所披露单位,OK,东方财富期货库存数据,https://data.eastmoney.com/ifdata/kcsj.html
2026-08-05,JD,,-2.0,交易所披露单位,OK,东方财富期货库存数据,https://data.eastmoney.com/ifdata/kcsj.html
2026-07-07,JM,550.0,550.0,交易所披露单位,OK,东方财富期货库存数据,https://data.eastmoney.com/ifdata/kcsj.html
2026-07-08,JM,550.0,,交易所披露单位,OK,东方财富期货库存数据,https://data.eastmoney.com/ifdata/kcsj.html
2026-07-09,JM,550.0,,交易所披露单位,OK,东方财富期货库存数据,https://data.eastmoney.com/ifdata/kcsj.html
2026-07-10,JM,150.0,-400.0,交易所披露单位,OK,东方财富期货库存数据,https://data.eastmoney.com/ifdata/kcsj.html
2026-07-13,JM,250.0,100.0,交易所披露单位,OK,东方财富期货库存数据,https://data.eastmoney.com/ifdata/kcsj.html
2026-07-14,JM,450.0,200.0,交易所披露单位,OK,东方财富期货库存数据,https://data.eastmoney.com/ifdata/kcsj.html
2026-07-15,JM,450.0,,交易所披露单位,OK,东方财富期货库存数据,https://data.eastmoney.com/ifdata/kcsj.html
2026-07-16,JM,200.0,-250.0,交易所披露单位,OK,东方财富期货库存数据,https://data.eastmoney.com/ifdata/kcsj.html
2026-07-17,JM,200.0,,交易所披露单位,OK,东方财富期货库存数据,https://data.eastmoney.com/ifdata/kcsj.html
2026-07-20,JM,,-200.0,交易所披露单位,OK,东方财富期货库存数据,https://data.eastmoney.com/ifdata/kcsj.html
2026-07-28,JM,400.0,400.0,交易所披露单位,OK,东方财富期货库存数据,https://data.eastmoney.com/ifdata/kcsj.html
2026-07-29,JM,1401.0,1001.0,交易所披露单位,OK,东方财富期货库存数据,https://data.eastmoney.com/ifdata/kcsj.html
2026-07-30,JM,1601.0,200.0,交易所披露单位,OK,东方财富期货库存数据,https://data.eastmoney.com/ifdata/kcsj.html
2026-07-31,JM,1901.0,300.0,交易所披露单位,OK,东方财富期货库存数据,https://data.eastmoney.com/ifdata/kcsj.html
2026-08-03,JM,1901.0,,交易所披露单位,OK,东方财富期货库存数据,https://data.eastmoney.com/ifdata/kcsj.html
2026-08-04,JM,2201.0,300.0,交易所披露单位,OK,东方财富期货库存数据,https://data.eastmoney.com/ifdata/kcsj.html
2026-08-05,JM,2201.0,,交易所披露单位,OK,东方财富期货库存数据,https://data.eastmoney.com/ifdata/kcsj.html
2026-08-06,JM,2201.0,,交易所披露单位,OK,东方财富期货库存数据,https://data.eastmoney.com/ifdata/kcsj.html
2026-08-07,JM,1600.0,-601.0,交易所披露单位,OK,东方财富期货库存数据,https://data.eastmoney.com/ifdata/kcsj.html
2026-08-10,JM,2200.0,600.0,交易所披露单位,OK,东方财富期货库存数据,https://data.eastmoney.com/ifdata/kcsj.html
2026-08-11,JM,2100.0,-100.0,交易所披露单位,OK,东方财富期货库存数据,https://data.eastmoney.com/ifdata/kcsj.html
2026-08-12,JM,2499.0,399.0,交易所披露单位,OK,东方财富期货库存数据,https://data.eastmoney.com/ifdata/kcsj.html
2026-08-13,JM,2651.0,152.0,交易所披露单位,OK,东方财富期货库存数据,https://data.eastmoney.com/ifdata/kcsj.html
2026-08-14,JM,2055.0,-596.0,交易所披露单位,OK,东方财富期货库存数据,https://data.eastmoney.com/ifdata/kcsj.html
2026-08-17,JM,1661.0,-394.0,交易所披露单位,OK,东方财富期货库存数据,https://data.eastmoney.com/ifdata/kcsj.html
2026-07-07,L,5489.0,-93.0,交易所披露单位,OK,东方财富期货库存数据,https://data.eastmoney.com/ifdata/kcsj.html
2026-07-08,L,5379.0,-110.0,交易所披露单位,OK,东方财富期货库存数据,https://data.eastmoney.com/ifdata/kcsj.html
2026-07-09,L,5006.0,-373.0,交易所披露单位,OK,东方财富期货库存数据,https://data.eastmoney.com/ifdata/kcsj.html
2026-07-10,L,5251.0,245.0,交易所披露单位,OK,东方财富期货库存数据,https://data.eastmoney.com/ifdata/kcsj.html
2026-07-13,L,5515.0,264.0,交易所披露单位,OK,东方财富期货库存数据,https://data.eastmoney.com/ifdata/kcsj.html
2026-07-14,L,5515.0,,交易所披露单位,OK,东方财富期货库存数据,https://data.eastmoney.com/ifdata/kcsj.html
2026-07-15,L,5505.0,-10.0,交易所披露单位,OK,东方财富期货库存数据,https://data.eastmoney.com/ifdata/kcsj.html
2026-07-16,L,5505.0,,交易所披露单位,OK,东方财富期货库存数据,https://data.eastmoney.com/ifdata/kcsj.html
2026-07-17,L,5505.0,,交易所披露单位,OK,东方财富期货库存数据,https://data.eastmoney.com/ifdata/kcsj.html
2026-07-20,L,4811.0,-694.0,交易所披露单位,OK,东方财富期货库存数据,https://data.eastmoney.com/ifdata/kcsj.html
2026-07-21,L,4773.0,-38.0,交易所披露单位,OK,东方财富期货库存数据,https://data.eastmoney.com/ifdata/kcsj.html
2026-07-22,L,4773.0,,交易所披露单位,OK,东方财富期货库存数据,https://data.eastmoney.com/ifdata/kcsj.html
2026-07-23,L,4773.0,,交易所披露单位,OK,东方财富期货库存数据,https://data.eastmoney.com/ifdata/kcsj.html
2026-07-24,L,4773.0,,交易所披露单位,OK,东方财富期货库存数据,https://data.eastmoney.com/ifdata/kcsj.html
2026-07-27,L,3373.0,-1400.0,交易所披露单位,OK,东方财富期货库存数据,https://data.eastmoney.com/ifdata/kcsj.html
2026-07-28,L,3373.0,,交易所披露单位,OK,东方财富期货库存数据,https://data.eastmoney.com/ifdata/kcsj.html
2026-07-29,L,3373.0,,交易所披露单位,OK,东方财富期货库存数据,https://data.eastmoney.com/ifdata/kcsj.html
2026-07-30,L,3373.0,,交易所披露单位,OK,东方财富期货库存数据,https://data.eastmoney.com/ifdata/kcsj.html
2026-07-31,L,4273.0,900.0,交易所披露单位,OK,东方财富期货库存数据,https://data.eastmoney.com/ifdata/kcsj.html
2026-08-03,L,4273.0,,交易所披露单位,OK,东方财富期货库存数据,https://data.eastmoney.com/ifdata/kcsj.html
2026-08-04,L,4273.0,,交易所披露单位,OK,东方财富期货库存数据,https://data.eastmoney.com/ifdata/kcsj.html
2026-08-05,L,4273.0,,交易所披露单位,OK,东方财富期货库存数据,https://data.eastmoney.com/ifdata/kcsj.html
2026-08-06,L,4273.0,,交易所披露单位,OK,东方财富期货库存数据,https://data.eastmoney.com/ifdata/kcsj.html
2026-08-07,L,4663.0,390.0,交易所披露单位,OK,东方财富期货库存数据,https://data.eastmoney.com/ifdata/kcsj.html
2026-08-10,L,4663.0,,交易所披露单位,OK,东方财富期货库存数据,https://data.eastmoney.com/ifdata/kcsj.html
2026-08-11,L,5535.0,872.0,交易所披露单位,OK,东方财富期货库存数据,https://data.eastmoney.com/ifdata/kcsj.html
2026-08-12,L,5535.0,,交易所披露单位,OK,东方财富期货库存数据,https://data.eastmoney.com/ifdata/kcsj.html
2026-08-13,L,5623.0,88.0,交易所披露单位,OK,东方财富期货库存数据,https://data.eastmoney.com/ifdata/kcsj.html
2026-08-14,L,5623.0,,交易所披露单位,OK,东方财富期货库存数据,https://data.eastmoney.com/ifdata/kcsj.html
2026-08-17,L,5623.0,,交易所披露单位,OK,东方财富期货库存数据,https://data.eastmoney.com/ifdata/kcsj.html
2026-07-07,LC,46085.0,-623.0,交易所披露单位,OK,东方财富期货库存数据,https://data.eastmoney.com/ifdata/kcsj.html
2026-07-08,LC,43640.0,-2445.0,交易所披露单位,OK,东方财富期货库存数据,https://data.eastmoney.com/ifdata/kcsj.html
2026-07-09,LC,44020.0,380.0,交易所披露单位,OK,东方财富期货库存数据,https://data.eastmoney.com/ifdata/kcsj.html
2026-07-10,LC,42067.0,-1953.0,交易所披露单位,OK,东方财富期货库存数据,https://data.eastmoney.com/ifdata/kcsj.html
2026-07-13,LC,42406.0,339.0,交易所披露单位,OK,东方财富期货库存数据,https://data.eastmoney.com/ifdata/kcsj.html
2026-07-14,LC,42903.0,497.0,交易所披露单位,OK,东方财富期货库存数据,https://data.eastmoney.com/ifdata/kcsj.html
2026-07-15,LC,42420.0,-483.0,交易所披露单位,OK,东方财富期货库存数据,https://data.eastmoney.com/ifdata/kcsj.html
2026-07-16,LC,41231.0,-1189.0,交易所披露单位,OK,东方财富期货库存数据,https://data.eastmoney.com/ifdata/kcsj.html
2026-07-17,LC,40345.0,-886.0,交易所披露单位,OK,东方财富期货库存数据,https://data.eastmoney.com/ifdata/kcsj.html
2026-07-20,LC,41359.0,1014.0,交易所披露单位,OK,东方财富期货库存数据,https://data.eastmoney.com/ifdata/kcsj.html
2026-07-21,LC,41023.0,-336.0,交易所披露单位,OK,东方财富期货库存数据,https://data.eastmoney.com/ifdata/kcsj.html
2026-07-22,LC,40865.0,-158.0,交易所披露单位,OK,东方财富期货库存数据,https://data.eastmoney.com/ifdata/kcsj.html
2026-07-23,LC,40334.0,-531.0,交易所披露单位,OK,东方财富期货库存数据,https://data.eastmoney.com/ifdata/kcsj.html
2026-07-24,LC,39879.0,-455.0,交易所披露单位,OK,东方财富期货库存数据,https://data.eastmoney.com/ifdata/kcsj.html
2026-07-27,LC,38418.0,-1461.0,交易所披露单位,OK,东方财富期货库存数据,https://data.eastmoney.com/ifdata/kcsj.html
2026-07-28,LC,38278.0,-140.0,交易所披露单位,OK,东方财富期货库存数据,https://data.eastmoney.com/ifdata/kcsj.html
2026-07-29,LC,39315.0,1037.0,交易所披露单位,OK,东方财富期货库存数据,https://data.eastmoney.com/ifdata/kcsj.html
2026-07-30,LC,38981.0,-334.0,交易所披露单位,OK,东方财富期货库存数据,https://data.eastmoney.com/ifdata/kcsj.html
2026-07-31,LC,25042.0,-13939.0,交易所披露单位,OK,东方财富期货库存数据,https://data.eastmoney.com/ifdata/kcsj.html
2026-08-03,LC,26552.0,1510.0,交易所披露单位,OK,东方财富期货库存数据,https://data.eastmoney.com/ifdata/kcsj.html
2026-08-04,LC,27653.0,1101.0,交易所披露单位,OK,东方财富期货库存数据,https://data.eastmoney.com/ifdata/kcsj.html
2026-08-05,LC,28123.0,470.0,交易所披露单位,OK,东方财富期货库存数据,https://data.eastmoney.com/ifdata/kcsj.html
2026-08-06,LC,28453.0,330.0,交易所披露单位,OK,东方财富期货库存数据,https://data.eastmoney.com/ifdata/kcsj.html
2026-08-07,LC,29873.0,1420.0,交易所披露单位,OK,东方财富期货库存数据,https://data.eastmoney.com/ifdata/kcsj.html
2026-08-10,LC,31621.0,1748.0,交易所披露单位,OK,东方财富期货库存数据,https://data.eastmoney.com/ifdata/kcsj.html
2026-08-11,LC,32551.0,930.0,交易所披露单位,OK,东方财富期货库存数据,https://data.eastmoney.com/ifdata/kcsj.html
2026-08-12,LC,35101.0,2550.0,交易所披露单位,OK,东方财富期货库存数据,https://data.eastmoney.com/ifdata/kcsj.html
2026-08-13,LC,35508.0,407.0,交易所披露单位,OK,东方财富期货库存数据,https://data.eastmoney.com/ifdata/kcsj.html
2026-08-14,LC,36098.0,590.0,交易所披露单位,OK,东方财富期货库存数据,https://data.eastmoney.com/ifdata/kcsj.html
2026-08-17,LC,36689.0,591.0,交易所披露单位,OK,东方财富期货库存数据,https://data.eastmoney.com/ifdata/kcsj.html
2026-07-07,LH,1319.0,-2.0,交易所披露单位,OK,东方财富期货库存数据,https://data.eastmoney.com/ifdata/kcsj.html
2026-07-08,LH,1311.0,-8.0,交易所披露单位,OK,东方财富期货库存数据,https://data.eastmoney.com/ifdata/kcsj.html
2026-07-09,LH,1306.0,-5.0,交易所披露单位,OK,东方财富期货库存数据,https://data.eastmoney.com/ifdata/kcsj.html
2026-07-10,LH,1203.0,-103.0,交易所披露单位,OK,东方财富期货库存数据,https://data.eastmoney.com/ifdata/kcsj.html
2026-07-13,LH,1195.0,-8.0,交易所披露单位,OK,东方财富期货库存数据,https://data.eastmoney.com/ifdata/kcsj.html
2026-07-14,LH,1195.0,,交易所披露单位,OK,东方财富期货库存数据,https://data.eastmoney.com/ifdata/kcsj.html
2026-07-15,LH,1172.0,-23.0,交易所披露单位,OK,东方财富期货库存数据,https://data.eastmoney.com/ifdata/kcsj.html
2026-07-16,LH,1140.0,-32.0,交易所披露单位,OK,东方财富期货库存数据,https://data.eastmoney.com/ifdata/kcsj.html
2026-07-17,LH,1119.0,-21.0,交易所披露单位,OK,东方财富期货库存数据,https://data.eastmoney.com/ifdata/kcsj.html
2026-07-20,LH,1106.0,-13.0,交易所披露单位,OK,东方财富期货库存数据,https://data.eastmoney.com/ifdata/kcsj.html
2026-07-21,LH,1088.0,-18.0,交易所披露单位,OK,东方财富期货库存数据,https://data.eastmoney.com/ifdata/kcsj.html
2026-07-22,LH,1084.0,-4.0,交易所披露单位,OK,东方财富期货库存数据,https://data.eastmoney.com/ifdata/kcsj.html
2026-07-23,LH,1084.0,,交易所披露单位,OK,东方财富期货库存数据,https://data.eastmoney.com/ifdata/kcsj.html
2026-07-24,LH,1082.0,-2.0,交易所披露单位,OK,东方财富期货库存数据,https://data.eastmoney.com/ifdata/kcsj.html
2026-07-27,LH,736.0,-346.0,交易所披露单位,OK,东方财富期货库存数据,https://data.eastmoney.com/ifdata/kcsj.html
2026-07-28,LH,710.0,-26.0,交易所披露单位,OK,东方财富期货库存数据,https://data.eastmoney.com/ifdata/kcsj.html
2026-07-29,LH,710.0,,交易所披露单位,OK,东方财富期货库存数据,https://data.eastmoney.com/ifdata/kcsj.html
2026-07-30,LH,635.0,-75.0,交易所披露单位,OK,东方财富期货库存数据,https://data.eastmoney.com/ifdata/kcsj.html
2026-07-31,LH,,-635.0,交易所披露单位,OK,东方财富期货库存数据,https://data.eastmoney.com/ifdata/kcsj.html
2026-08-03,LH,200.0,200.0,交易所披露单位,OK,东方财富期货库存数据,https://data.eastmoney.com/ifdata/kcsj.html
2026-08-04,LH,350.0,150.0,交易所披露单位,OK,东方财富期货库存数据,https://data.eastmoney.com/ifdata/kcsj.html
2026-08-05,LH,350.0,,交易所披露单位,OK,东方财富期货库存数据,https://data.eastmoney.com/ifdata/kcsj.html
2026-08-06,LH,350.0,,交易所披露单位,OK,东方财富期货库存数据,https://data.eastmoney.com/ifdata/kcsj.html
2026-08-07,LH,350.0,,交易所披露单位,OK,东方财富期货库存数据,https://data.eastmoney.com/ifdata/kcsj.html
2026-08-10,LH,350.0,,交易所披露单位,OK,东方财富期货库存数据,https://data.eastmoney.com/ifdata/kcsj.html
2026-08-11,LH,430.0,80.0,交易所披露单位,OK,东方财富期货库存数据,https://data.eastmoney.com/ifdata/kcsj.html
2026-08-12,LH,430.0,,交易所披露单位,OK,东方财富期货库存数据,https://data.eastmoney.com/ifdata/kcsj.html
2026-08-13,LH,430.0,,交易所披露单位,OK,东方财富期货库存数据,https://data.eastmoney.com/ifdata/kcsj.html
2026-08-14,LH,430.0,,交易所披露单位,OK,东方财富期货库存数据,https://data.eastmoney.com/ifdata/kcsj.html
2026-08-17,LH,430.0,,交易所披露单位,OK,东方财富期货库存数据,https://data.eastmoney.com/ifdata/kcsj.html
2026-07-07,LU,,,交易所披露单位,OK,东方财富期货库存数据,https://data.eastmoney.com/ifdata/kcsj.html
2026-07-08,LU,,,交易所披露单位,OK,东方财富期货库存数据,https://data.eastmoney.com/ifdata/kcsj.html
2026-07-09,LU,,,交易所披露单位,OK,东方财富期货库存数据,https://data.eastmoney.com/ifdata/kcsj.html
2026-07-10,LU,,,交易所披露单位,OK,东方财富期货库存数据,https://data.eastmoney.com/ifdata/kcsj.html
2026-07-13,LU,,,交易所披露单位,OK,东方财富期货库存数据,https://data.eastmoney.com/ifdata/kcsj.html
2026-07-14,LU,,,交易所披露单位,OK,东方财富期货库存数据,https://data.eastmoney.com/ifdata/kcsj.html
2026-07-15,LU,,,交易所披露单位,OK,东方财富期货库存数据,https://data.eastmoney.com/ifdata/kcsj.html
2026-07-16,LU,,,交易所披露单位,OK,东方财富期货库存数据,https://data.eastmoney.com/ifdata/kcsj.html
2026-07-17,LU,,,交易所披露单位,OK,东方财富期货库存数据,https://data.eastmoney.com/ifdata/kcsj.html
2026-07-20,LU,,,交易所披露单位,OK,东方财富期货库存数据,https://data.eastmoney.com/ifdata/kcsj.html
2026-07-21,LU,,,交易所披露单位,OK,东方财富期货库存数据,https://data.eastmoney.com/ifdata/kcsj.html
2026-07-22,LU,,,交易所披露单位,OK,东方财富期货库存数据,https://data.eastmoney.com/ifdata/kcsj.html
2026-07-23,LU,,,交易所披露单位,OK,东方财富期货库存数据,https://data.eastmoney.com/ifdata/kcsj.html
2026-07-24,LU,,,交易所披露单位,OK,东方财富期货库存数据,https://data.eastmoney.com/ifdata/kcsj.html
2026-07-27,LU,,,交易所披露单位,OK,东方财富期货库存数据,https://data.eastmoney.com/ifdata/kcsj.html
2026-07-28,LU,,,交易所披露单位,OK,东方财富期货库存数据,https://data.eastmoney.com/ifdata/kcsj.html
2026-07-29,LU,,,交易所披露单位,OK,东方财富期货库存数据,https://data.eastmoney.com/ifdata/kcsj.html
2026-07-30,LU,5000.0,5000.0,交易所披露单位,OK,东方财富期货库存数据,https://data.eastmoney.com/ifdata/kcsj.html
2026-07-31,LU,5000.0,,交易所披露单位,OK,东方财富期货库存数据,https://data.eastmoney.com/ifdata/kcsj.html
2026-08-03,LU,5000.0,,交易所披露单位,OK,东方财富期货库存数据,https://data.eastmoney.com/ifdata/kcsj.html
2026-08-04,LU,5000.0,,交易所披露单位,OK,东方财富期货库存数据,https://data.eastmoney.com/ifdata/kcsj.html
2026-08-05,LU,5000.0,,交易所披露单位,OK,东方财富期货库存数据,https://data.eastmoney.com/ifdata/kcsj.html
2026-08-06,LU,5000.0,,交易所披露单位,OK,东方财富期货库存数据,https://data.eastmoney.com/ifdata/kcsj.html
2026-08-07,LU,3930.0,-1070.0,交易所披露单位,OK,东方财富期货库存数据,https://data.eastmoney.com/ifdata/kcsj.html
2026-08-10,LU,3930.0,,交易所披露单位,OK,东方财富期货库存数据,https://data.eastmoney.com/ifdata/kcsj.html
2026-08-11,LU,330.0,-3600.0,交易所披露单位,OK,东方财富期货库存数据,https://data.eastmoney.com/ifdata/kcsj.html
2026-08-12,LU,330.0,,交易所披露单位,OK,东方财富期货库存数据,https://data.eastmoney.com/ifdata/kcsj.html
2026-08-13,LU,330.0,,交易所披露单位,OK,东方财富期货库存数据,https://data.eastmoney.com/ifdata/kcsj.html
2026-08-14,LU,330.0,,交易所披露单位,OK,东方财富期货库存数据,https://data.eastmoney.com/ifdata/kcsj.html
2026-08-17,LU,330.0,,交易所披露单位,OK,东方财富期货库存数据,https://data.eastmoney.com/ifdata/kcsj.html
2026-07-07,M,41667.0,,交易所披露单位,OK,东方财富期货库存数据,https://data.eastmoney.com/ifdata/kcsj.html
2026-07-08,M,41667.0,,交易所披露单位,OK,东方财富期货库存数据,https://data.eastmoney.com/ifdata/kcsj.html
2026-07-09,M,41467.0,-200.0,交易所披露单位,OK,东方财富期货库存数据,https://data.eastmoney.com/ifdata/kcsj.html
2026-07-10,M,41467.0,,交易所披露单位,OK,东方财富期货库存数据,https://data.eastmoney.com/ifdata/kcsj.html
2026-07-13,M,41467.0,,交易所披露单位,OK,东方财富期货库存数据,https://data.eastmoney.com/ifdata/kcsj.html
2026-07-14,M,41397.0,-70.0,交易所披露单位,OK,东方财富期货库存数据,https://data.eastmoney.com/ifdata/kcsj.html
2026-07-15,M,41356.0,-41.0,交易所披露单位,OK,东方财富期货库存数据,https://data.eastmoney.com/ifdata/kcsj.html
2026-07-16,M,41239.0,-117.0,交易所披露单位,OK,东方财富期货库存数据,https://data.eastmoney.com/ifdata/kcsj.html
2026-07-17,M,41044.0,-195.0,交易所披露单位,OK,东方财富期货库存数据,https://data.eastmoney.com/ifdata/kcsj.html
2026-07-20,M,40911.0,-133.0,交易所披露单位,OK,东方财富期货库存数据,https://data.eastmoney.com/ifdata/kcsj.html
2026-07-21,M,40733.0,-178.0,交易所披露单位,OK,东方财富期货库存数据,https://data.eastmoney.com/ifdata/kcsj.html
2026-07-22,M,40655.0,-78.0,交易所披露单位,OK,东方财富期货库存数据,https://data.eastmoney.com/ifdata/kcsj.html
2026-07-23,M,40518.0,-137.0,交易所披露单位,OK,东方财富期货库存数据,https://data.eastmoney.com/ifdata/kcsj.html
2026-07-24,M,40352.0,-166.0,交易所披露单位,OK,东方财富期货库存数据,https://data.eastmoney.com/ifdata/kcsj.html
2026-07-27,M,40269.0,-83.0,交易所披露单位,OK,东方财富期货库存数据,https://data.eastmoney.com/ifdata/kcsj.html
2026-07-28,M,40213.0,-56.0,交易所披露单位,OK,东方财富期货库存数据,https://data.eastmoney.com/ifdata/kcsj.html
2026-07-29,M,32628.0,-7585.0,交易所披露单位,OK,东方财富期货库存数据,https://data.eastmoney.com/ifdata/kcsj.html
2026-07-30,M,25706.0,-6922.0,交易所披露单位,OK,东方财富期货库存数据,https://data.eastmoney.com/ifdata/kcsj.html
2026-07-31,M,,-25706.0,交易所披露单位,OK,东方财富期货库存数据,https://data.eastmoney.com/ifdata/kcsj.html
2026-08-03,M,13075.0,13075.0,交易所披露单位,OK,东方财富期货库存数据,https://data.eastmoney.com/ifdata/kcsj.html
2026-08-04,M,20600.0,7525.0,交易所披露单位,OK,东方财富期货库存数据,https://data.eastmoney.com/ifdata/kcsj.html
2026-08-05,M,25100.0,4500.0,交易所披露单位,OK,东方财富期货库存数据,https://data.eastmoney.com/ifdata/kcsj.html
2026-08-06,M,25100.0,,交易所披露单位,OK,东方财富期货库存数据,https://data.eastmoney.com/ifdata/kcsj.html
2026-08-07,M,25100.0,,交易所披露单位,OK,东方财富期货库存数据,https://data.eastmoney.com/ifdata/kcsj.html
2026-08-10,M,25100.0,,交易所披露单位,OK,东方财富期货库存数据,https://data.eastmoney.com/ifdata/kcsj.html
2026-08-11,M,25100.0,,交易所披露单位,OK,东方财富期货库存数据,https://data.eastmoney.com/ifdata/kcsj.html
2026-08-12,M,28270.0,3170.0,交易所披露单位,OK,东方财富期货库存数据,https://data.eastmoney.com/ifdata/kcsj.html
2026-08-13,M,28270.0,,交易所披露单位,OK,东方财富期货库存数据,https://data.eastmoney.com/ifdata/kcsj.html
2026-08-14,M,31270.0,3000.0,交易所披露单位,OK,东方财富期货库存数据,https://data.eastmoney.com/ifdata/kcsj.html
2026-08-17,M,31270.0,,交易所披露单位,OK,东方财富期货库存数据,https://data.eastmoney.com/ifdata/kcsj.html
2026-07-07,MA,4970.0,-120.0,交易所披露单位,OK,东方财富期货库存数据,https://data.eastmoney.com/ifdata/kcsj.html
2026-07-08,MA,4878.0,-92.0,交易所披露单位,OK,东方财富期货库存数据,https://data.eastmoney.com/ifdata/kcsj.html
2026-07-09,MA,4828.0,-50.0,交易所披露单位,OK,东方财富期货库存数据,https://data.eastmoney.com/ifdata/kcsj.html
2026-07-10,MA,6481.0,1653.0,交易所披露单位,OK,东方财富期货库存数据,https://data.eastmoney.com/ifdata/kcsj.html
2026-07-13,MA,6300.0,-181.0,交易所披露单位,OK,东方财富期货库存数据,https://data.eastmoney.com/ifdata/kcsj.html
2026-07-14,MA,6100.0,-200.0,交易所披露单位,OK,东方财富期货库存数据,https://data.eastmoney.com/ifdata/kcsj.html
2026-07-15,MA,6100.0,,交易所披露单位,OK,东方财富期货库存数据,https://data.eastmoney.com/ifdata/kcsj.html
2026-07-16,MA,7100.0,1000.0,交易所披露单位,OK,东方财富期货库存数据,https://data.eastmoney.com/ifdata/kcsj.html
2026-07-17,MA,6710.0,-390.0,交易所披露单位,OK,东方财富期货库存数据,https://data.eastmoney.com/ifdata/kcsj.html
2026-07-20,MA,6595.0,-115.0,交易所披露单位,OK,东方财富期货库存数据,https://data.eastmoney.com/ifdata/kcsj.html
2026-07-21,MA,5878.0,-717.0,交易所披露单位,OK,东方财富期货库存数据,https://data.eastmoney.com/ifdata/kcsj.html
2026-07-22,MA,5878.0,,交易所披露单位,OK,东方财富期货库存数据,https://data.eastmoney.com/ifdata/kcsj.html
2026-07-23,MA,5802.0,-76.0,交易所披露单位,OK,东方财富期货库存数据,https://data.eastmoney.com/ifdata/kcsj.html
2026-07-24,MA,5862.0,60.0,交易所披露单位,OK,东方财富期货库存数据,https://data.eastmoney.com/ifdata/kcsj.html
2026-07-27,MA,5612.0,-250.0,交易所披露单位,OK,东方财富期货库存数据,https://data.eastmoney.com/ifdata/kcsj.html
2026-07-28,MA,5150.0,-462.0,交易所披露单位,OK,东方财富期货库存数据,https://data.eastmoney.com/ifdata/kcsj.html
2026-07-29,MA,5150.0,,交易所披露单位,OK,东方财富期货库存数据,https://data.eastmoney.com/ifdata/kcsj.html
2026-07-30,MA,5150.0,,交易所披露单位,OK,东方财富期货库存数据,https://data.eastmoney.com/ifdata/kcsj.html
2026-07-31,MA,5150.0,,交易所披露单位,OK,东方财富期货库存数据,https://data.eastmoney.com/ifdata/kcsj.html
2026-08-03,MA,5150.0,,交易所披露单位,OK,东方财富期货库存数据,https://data.eastmoney.com/ifdata/kcsj.html
2026-08-04,MA,5150.0,,交易所披露单位,OK,东方财富期货库存数据,https://data.eastmoney.com/ifdata/kcsj.html
2026-08-05,MA,5150.0,,交易所披露单位,OK,东方财富期货库存数据,https://data.eastmoney.com/ifdata/kcsj.html
2026-08-06,MA,6025.0,875.0,交易所披露单位,OK,东方财富期货库存数据,https://data.eastmoney.com/ifdata/kcsj.html
2026-08-07,MA,5975.0,-50.0,交易所披露单位,OK,东方财富期货库存数据,https://data.eastmoney.com/ifdata/kcsj.html
2026-08-10,MA,5928.0,-47.0,交易所披露单位,OK,东方财富期货库存数据,https://data.eastmoney.com/ifdata/kcsj.html
2026-08-11,MA,5928.0,,交易所披露单位,OK,东方财富期货库存数据,https://data.eastmoney.com/ifdata/kcsj.html
2026-08-12,MA,5928.0,,交易所披露单位,OK,东方财富期货库存数据,https://data.eastmoney.com/ifdata/kcsj.html
2026-08-13,MA,5928.0,,交易所披露单位,OK,东方财富期货库存数据,https://data.eastmoney.com/ifdata/kcsj.html
2026-08-14,MA,5928.0,,交易所披露单位,OK,东方财富期货库存数据,https://data.eastmoney.com/ifdata/kcsj.html
2026-08-17,MA,5734.0,-194.0,交易所披露单位,OK,东方财富期货库存数据,https://data.eastmoney.com/ifdata/kcsj.html
2026-07-07,NI,98094.0,42.0,交易所披露单位,OK,东方财富期货库存数据,https://data.eastmoney.com/ifdata/kcsj.html
2026-07-08,NI,98183.0,89.0,交易所披露单位,OK,东方财富期货库存数据,https://data.eastmoney.com/ifdata/kcsj.html
2026-07-09,NI,98183.0,,交易所披露单位,OK,东方财富期货库存数据,https://data.eastmoney.com/ifdata/kcsj.html
2026-07-10,NI,98099.0,-84.0,交易所披露单位,OK,东方财富期货库存数据,https://data.eastmoney.com/ifdata/kcsj.html
2026-07-13,NI,98082.0,-17.0,交易所披露单位,OK,东方财富期货库存数据,https://data.eastmoney.com/ifdata/kcsj.html
2026-07-14,NI,98088.0,6.0,交易所披露单位,OK,东方财富期货库存数据,https://data.eastmoney.com/ifdata/kcsj.html
2026-07-15,NI,98076.0,-12.0,交易所披露单位,OK,东方财富期货库存数据,https://data.eastmoney.com/ifdata/kcsj.html
2026-07-16,NI,98451.0,375.0,交易所披露单位,OK,东方财富期货库存数据,https://data.eastmoney.com/ifdata/kcsj.html
2026-07-17,NI,99316.0,865.0,交易所披露单位,OK,东方财富期货库存数据,https://data.eastmoney.com/ifdata/kcsj.html
2026-07-20,NI,99383.0,67.0,交易所披露单位,OK,东方财富期货库存数据,https://data.eastmoney.com/ifdata/kcsj.html
2026-07-21,NI,100294.0,911.0,交易所披露单位,OK,东方财富期货库存数据,https://data.eastmoney.com/ifdata/kcsj.html
2026-07-22,NI,99703.0,-591.0,交易所披露单位,OK,东方财富期货库存数据,https://data.eastmoney.com/ifdata/kcsj.html
2026-07-23,NI,99613.0,-90.0,交易所披露单位,OK,东方财富期货库存数据,https://data.eastmoney.com/ifdata/kcsj.html
2026-07-24,NI,99783.0,170.0,交易所披露单位,OK,东方财富期货库存数据,https://data.eastmoney.com/ifdata/kcsj.html
2026-07-27,NI,99596.0,-187.0,交易所披露单位,OK,东方财富期货库存数据,https://data.eastmoney.com/ifdata/kcsj.html
2026-07-28,NI,99638.0,42.0,交易所披露单位,OK,东方财富期货库存数据,https://data.eastmoney.com/ifdata/kcsj.html
2026-07-29,NI,99663.0,25.0,交易所披露单位,OK,东方财富期货库存数据,https://data.eastmoney.com/ifdata/kcsj.html
2026-07-30,NI,100960.0,1297.0,交易所披露单位,OK,东方财富期货库存数据,https://data.eastmoney.com/ifdata/kcsj.html
2026-07-31,NI,101152.0,192.0,交易所披露单位,OK,东方财富期货库存数据,https://data.eastmoney.com/ifdata/kcsj.html
2026-08-03,NI,101115.0,-37.0,交易所披露单位,OK,东方财富期货库存数据,https://data.eastmoney.com/ifdata/kcsj.html
2026-08-04,NI,101001.0,-114.0,交易所披露单位,OK,东方财富期货库存数据,https://data.eastmoney.com/ifdata/kcsj.html
2026-08-05,NI,100857.0,-144.0,交易所披露单位,OK,东方财富期货库存数据,https://data.eastmoney.com/ifdata/kcsj.html
2026-08-06,NI,100791.0,-66.0,交易所披露单位,OK,东方财富期货库存数据,https://data.eastmoney.com/ifdata/kcsj.html
2026-08-07,NI,100395.0,-396.0,交易所披露单位,OK,东方财富期货库存数据,https://data.eastmoney.com/ifdata/kcsj.html
2026-08-10,NI,100656.0,261.0,交易所披露单位,OK,东方财富期货库存数据,https://data.eastmoney.com/ifdata/kcsj.html
2026-08-11,NI,100927.0,271.0,交易所披露单位,OK,东方财富期货库存数据,https://data.eastmoney.com/ifdata/kcsj.html
2026-08-12,NI,100769.0,-158.0,交易所披露单位,OK,东方财富期货库存数据,https://data.eastmoney.com/ifdata/kcsj.html
2026-08-13,NI,100799.0,30.0,交易所披露单位,OK,东方财富期货库存数据,https://data.eastmoney.com/ifdata/kcsj.html
2026-08-14,NI,101387.0,588.0,交易所披露单位,OK,东方财富期货库存数据,https://data.eastmoney.com/ifdata/kcsj.html
2026-08-17,NI,101831.0,444.0,交易所披露单位,OK,东方财富期货库存数据,https://data.eastmoney.com/ifdata/kcsj.html
2026-07-07,NR,21065.0,-605.0,交易所披露单位,OK,东方财富期货库存数据,https://data.eastmoney.com/ifdata/kcsj.html
2026-07-08,NR,21065.0,,交易所披露单位,OK,东方财富期货库存数据,https://data.eastmoney.com/ifdata/kcsj.html
2026-07-09,NR,21065.0,,交易所披露单位,OK,东方财富期货库存数据,https://data.eastmoney.com/ifdata/kcsj.html
2026-07-10,NR,20964.0,-101.0,交易所披露单位,OK,东方财富期货库存数据,https://data.eastmoney.com/ifdata/kcsj.html
2026-07-13,NR,20964.0,,交易所披露单位,OK,东方财富期货库存数据,https://data.eastmoney.com/ifdata/kcsj.html
2026-07-14,NR,20964.0,,交易所披露单位,OK,东方财富期货库存数据,https://data.eastmoney.com/ifdata/kcsj.html
2026-07-15,NR,20964.0,,交易所披露单位,OK,东方财富期货库存数据,https://data.eastmoney.com/ifdata/kcsj.html
2026-07-16,NR,20863.0,-101.0,交易所披露单位,OK,东方财富期货库存数据,https://data.eastmoney.com/ifdata/kcsj.html
2026-07-17,NR,19452.0,-1411.0,交易所披露单位,OK,东方财富期货库存数据,https://data.eastmoney.com/ifdata/kcsj.html
2026-07-20,NR,19452.0,,交易所披露单位,OK,东方财富期货库存数据,https://data.eastmoney.com/ifdata/kcsj.html
2026-07-21,NR,19452.0,,交易所披露单位,OK,东方财富期货库存数据,https://data.eastmoney.com/ifdata/kcsj.html
2026-07-22,NR,18344.0,-1108.0,交易所披露单位,OK,东方财富期货库存数据,https://data.eastmoney.com/ifdata/kcsj.html
2026-07-23,NR,18243.0,-101.0,交易所披露单位,OK,东方财富期货库存数据,https://data.eastmoney.com/ifdata/kcsj.html
2026-07-24,NR,18243.0,,交易所披露单位,OK,东方财富期货库存数据,https://data.eastmoney.com/ifdata/kcsj.html
2026-07-27,NR,18243.0,,交易所披露单位,OK,东方财富期货库存数据,https://data.eastmoney.com/ifdata/kcsj.html
2026-07-28,NR,18243.0,,交易所披露单位,OK,东方财富期货库存数据,https://data.eastmoney.com/ifdata/kcsj.html
2026-07-29,NR,17035.0,-1208.0,交易所披露单位,OK,东方财富期货库存数据,https://data.eastmoney.com/ifdata/kcsj.html
2026-07-30,NR,16934.0,-101.0,交易所披露单位,OK,东方财富期货库存数据,https://data.eastmoney.com/ifdata/kcsj.html
2026-07-31,NR,16934.0,,交易所披露单位,OK,东方财富期货库存数据,https://data.eastmoney.com/ifdata/kcsj.html
2026-08-03,NR,16934.0,,交易所披露单位,OK,东方财富期货库存数据,https://data.eastmoney.com/ifdata/kcsj.html
2026-08-04,NR,16733.0,-201.0,交易所披露单位,OK,东方财富期货库存数据,https://data.eastmoney.com/ifdata/kcsj.html
2026-08-05,NR,16733.0,,交易所披露单位,OK,东方财富期货库存数据,https://data.eastmoney.com/ifdata/kcsj.html
2026-08-06,NR,16733.0,,交易所披露单位,OK,东方财富期货库存数据,https://data.eastmoney.com/ifdata/kcsj.html
2026-08-07,NR,16632.0,-101.0,交易所披露单位,OK,东方财富期货库存数据,https://data.eastmoney.com/ifdata/kcsj.html
2026-08-10,NR,16632.0,,交易所披露单位,OK,东方财富期货库存数据,https://data.eastmoney.com/ifdata/kcsj.html
2026-08-11,NR,16632.0,,交易所披露单位,OK,东方财富期货库存数据,https://data.eastmoney.com/ifdata/kcsj.html
2026-08-12,NR,16632.0,,交易所披露单位,OK,东方财富期货库存数据,https://data.eastmoney.com/ifdata/kcsj.html
2026-08-13,NR,16632.0,,交易所披露单位,OK,东方财富期货库存数据,https://data.eastmoney.com/ifdata/kcsj.html
2026-08-14,NR,15624.0,-1008.0,交易所披露单位,OK,东方财富期货库存数据,https://data.eastmoney.com/ifdata/kcsj.html
2026-08-17,NR,15423.0,-201.0,交易所披露单位,OK,东方财富期货库存数据,https://data.eastmoney.com/ifdata/kcsj.html
2026-07-07,OI,383.0,-200.0,交易所披露单位,OK,东方财富期货库存数据,https://data.eastmoney.com/ifdata/kcsj.html
2026-07-08,OI,880.0,497.0,交易所披露单位,OK,东方财富期货库存数据,https://data.eastmoney.com/ifdata/kcsj.html
2026-07-09,OI,933.0,53.0,交易所披露单位,OK,东方财富期货库存数据,https://data.eastmoney.com/ifdata/kcsj.html
2026-07-10,OI,733.0,-200.0,交易所披露单位,OK,东方财富期货库存数据,https://data.eastmoney.com/ifdata/kcsj.html
2026-07-13,OI,1634.0,901.0,交易所披露单位,OK,东方财富期货库存数据,https://data.eastmoney.com/ifdata/kcsj.html
2026-07-14,OI,1644.0,10.0,交易所披露单位,OK,东方财富期货库存数据,https://data.eastmoney.com/ifdata/kcsj.html
2026-07-15,OI,1644.0,,交易所披露单位,OK,东方财富期货库存数据,https://data.eastmoney.com/ifdata/kcsj.html
2026-07-16,OI,1644.0,,交易所披露单位,OK,东方财富期货库存数据,https://data.eastmoney.com/ifdata/kcsj.html
2026-07-17,OI,1644.0,,交易所披露单位,OK,东方财富期货库存数据,https://data.eastmoney.com/ifdata/kcsj.html
2026-07-20,OI,1644.0,,交易所披露单位,OK,东方财富期货库存数据,https://data.eastmoney.com/ifdata/kcsj.html
2026-07-21,OI,1644.0,,交易所披露单位,OK,东方财富期货库存数据,https://data.eastmoney.com/ifdata/kcsj.html
2026-07-22,OI,1644.0,,交易所披露单位,OK,东方财富期货库存数据,https://data.eastmoney.com/ifdata/kcsj.html
2026-07-23,OI,1644.0,,交易所披露单位,OK,东方财富期货库存数据,https://data.eastmoney.com/ifdata/kcsj.html
2026-07-24,OI,1644.0,,交易所披露单位,OK,东方财富期货库存数据,https://data.eastmoney.com/ifdata/kcsj.html
2026-07-27,OI,1644.0,,交易所披露单位,OK,东方财富期货库存数据,https://data.eastmoney.com/ifdata/kcsj.html
2026-07-28,OI,1444.0,-200.0,交易所披露单位,OK,东方财富期货库存数据,https://data.eastmoney.com/ifdata/kcsj.html
2026-07-29,OI,1444.0,,交易所披露单位,OK,东方财富期货库存数据,https://data.eastmoney.com/ifdata/kcsj.html
2026-07-30,OI,1444.0,,交易所披露单位,OK,东方财富期货库存数据,https://data.eastmoney.com/ifdata/kcsj.html
2026-07-31,OI,1444.0,,交易所披露单位,OK,东方财富期货库存数据,https://data.eastmoney.com/ifdata/kcsj.html
2026-08-03,OI,1444.0,,交易所披露单位,OK,东方财富期货库存数据,https://data.eastmoney.com/ifdata/kcsj.html
2026-08-04,OI,1444.0,,交易所披露单位,OK,东方财富期货库存数据,https://data.eastmoney.com/ifdata/kcsj.html
2026-08-05,OI,1444.0,,交易所披露单位,OK,东方财富期货库存数据,https://data.eastmoney.com/ifdata/kcsj.html
2026-08-06,OI,1244.0,-200.0,交易所披露单位,OK,东方财富期货库存数据,https://data.eastmoney.com/ifdata/kcsj.html
2026-08-07,OI,1244.0,,交易所披露单位,OK,东方财富期货库存数据,https://data.eastmoney.com/ifdata/kcsj.html
2026-08-10,OI,1244.0,,交易所披露单位,OK,东方财富期货库存数据,https://data.eastmoney.com/ifdata/kcsj.html
2026-08-11,OI,1244.0,,交易所披露单位,OK,东方财富期货库存数据,https://data.eastmoney.com/ifdata/kcsj.html
2026-08-12,OI,1244.0,,交易所披露单位,OK,东方财富期货库存数据,https://data.eastmoney.com/ifdata/kcsj.html
2026-08-13,OI,944.0,-300.0,交易所披露单位,OK,东方财富期货库存数据,https://data.eastmoney.com/ifdata/kcsj.html
2026-08-14,OI,944.0,,交易所披露单位,OK,东方财富期货库存数据,https://data.eastmoney.com/ifdata/kcsj.html
2026-08-17,OI,944.0,,交易所披露单位,OK,东方财富期货库存数据,https://data.eastmoney.com/ifdata/kcsj.html
2026-07-07,OP,1557.0,,交易所披露单位,OK,东方财富期货库存数据,https://data.eastmoney.com/ifdata/kcsj.html
2026-07-08,OP,1557.0,,交易所披露单位,OK,东方财富期货库存数据,https://data.eastmoney.com/ifdata/kcsj.html
2026-07-09,OP,1557.0,,交易所披露单位,OK,东方财富期货库存数据,https://data.eastmoney.com/ifdata/kcsj.html
2026-07-10,OP,1557.0,,交易所披露单位,OK,东方财富期货库存数据,https://data.eastmoney.com/ifdata/kcsj.html
2026-07-13,OP,1916.0,359.0,交易所披露单位,OK,东方财富期货库存数据,https://data.eastmoney.com/ifdata/kcsj.html
2026-07-14,OP,2758.0,842.0,交易所披露单位,OK,东方财富期货库存数据,https://data.eastmoney.com/ifdata/kcsj.html
2026-07-15,OP,2758.0,,交易所披露单位,OK,东方财富期货库存数据,https://data.eastmoney.com/ifdata/kcsj.html
2026-07-16,OP,2758.0,,交易所披露单位,OK,东方财富期货库存数据,https://data.eastmoney.com/ifdata/kcsj.html
2026-07-17,OP,2758.0,,交易所披露单位,OK,东方财富期货库存数据,https://data.eastmoney.com/ifdata/kcsj.html
2026-07-20,OP,2758.0,,交易所披露单位,OK,东方财富期货库存数据,https://data.eastmoney.com/ifdata/kcsj.html
2026-07-21,OP,2758.0,,交易所披露单位,OK,东方财富期货库存数据,https://data.eastmoney.com/ifdata/kcsj.html
2026-07-22,OP,2758.0,,交易所披露单位,OK,东方财富期货库存数据,https://data.eastmoney.com/ifdata/kcsj.html
2026-07-23,OP,2758.0,,交易所披露单位,OK,东方财富期货库存数据,https://data.eastmoney.com/ifdata/kcsj.html
2026-07-24,OP,2758.0,,交易所披露单位,OK,东方财富期货库存数据,https://data.eastmoney.com/ifdata/kcsj.html
2026-07-27,OP,2758.0,,交易所披露单位,OK,东方财富期货库存数据,https://data.eastmoney.com/ifdata/kcsj.html
2026-07-28,OP,2758.0,,交易所披露单位,OK,东方财富期货库存数据,https://data.eastmoney.com/ifdata/kcsj.html
2026-07-29,OP,2758.0,,交易所披露单位,OK,东方财富期货库存数据,https://data.eastmoney.com/ifdata/kcsj.html
2026-07-30,OP,2758.0,,交易所披露单位,OK,东方财富期货库存数据,https://data.eastmoney.com/ifdata/kcsj.html
2026-07-31,OP,2758.0,,交易所披露单位,OK,东方财富期货库存数据,https://data.eastmoney.com/ifdata/kcsj.html
2026-08-03,OP,2758.0,,交易所披露单位,OK,东方财富期货库存数据,https://data.eastmoney.com/ifdata/kcsj.html
2026-08-04,OP,2758.0,,交易所披露单位,OK,东方财富期货库存数据,https://data.eastmoney.com/ifdata/kcsj.html
2026-08-05,OP,2758.0,,交易所披露单位,OK,东方财富期货库存数据,https://data.eastmoney.com/ifdata/kcsj.html
2026-08-06,OP,2758.0,,交易所披露单位,OK,东方财富期货库存数据,https://data.eastmoney.com/ifdata/kcsj.html
2026-08-07,OP,2758.0,,交易所披露单位,OK,东方财富期货库存数据,https://data.eastmoney.com/ifdata/kcsj.html
2026-08-10,OP,2758.0,,交易所披露单位,OK,东方财富期货库存数据,https://data.eastmoney.com/ifdata/kcsj.html
2026-08-11,OP,2758.0,,交易所披露单位,OK,东方财富期货库存数据,https://data.eastmoney.com/ifdata/kcsj.html
2026-08-12,OP,2758.0,,交易所披露单位,OK,东方财富期货库存数据,https://data.eastmoney.com/ifdata/kcsj.html
2026-08-13,OP,2758.0,,交易所披露单位,OK,东方财富期货库存数据,https://data.eastmoney.com/ifdata/kcsj.html
2026-08-14,OP,2758.0,,交易所披露单位,OK,东方财富期货库存数据,https://data.eastmoney.com/ifdata/kcsj.html
2026-08-17,OP,2758.0,,交易所披露单位,OK,东方财富期货库存数据,https://data.eastmoney.com/ifdata/kcsj.html
2026-07-07,P,543.0,,交易所披露单位,OK,东方财富期货库存数据,https://data.eastmoney.com/ifdata/kcsj.html
2026-07-08,P,543.0,,交易所披露单位,OK,东方财富期货库存数据,https://data.eastmoney.com/ifdata/kcsj.html
2026-07-09,P,1013.0,470.0,交易所披露单位,OK,东方财富期货库存数据,https://data.eastmoney.com/ifdata/kcsj.html
2026-07-10,P,1013.0,,交易所披露单位,OK,东方财富期货库存数据,https://data.eastmoney.com/ifdata/kcsj.html
2026-07-13,P,1346.0,333.0,交易所披露单位,OK,东方财富期货库存数据,https://data.eastmoney.com/ifdata/kcsj.html
2026-07-14,P,1346.0,,交易所披露单位,OK,东方财富期货库存数据,https://data.eastmoney.com/ifdata/kcsj.html
2026-07-15,P,1346.0,,交易所披露单位,OK,东方财富期货库存数据,https://data.eastmoney.com/ifdata/kcsj.html
2026-07-16,P,1346.0,,交易所披露单位,OK,东方财富期货库存数据,https://data.eastmoney.com/ifdata/kcsj.html
2026-07-17,P,1346.0,,交易所披露单位,OK,东方财富期货库存数据,https://data.eastmoney.com/ifdata/kcsj.html
2026-07-20,P,953.0,-393.0,交易所披露单位,OK,东方财富期货库存数据,https://data.eastmoney.com/ifdata/kcsj.html
2026-07-21,P,10.0,-943.0,交易所披露单位,OK,东方财富期货库存数据,https://data.eastmoney.com/ifdata/kcsj.html
2026-07-22,P,,-10.0,交易所披露单位,OK,东方财富期货库存数据,https://data.eastmoney.com/ifdata/kcsj.html
2026-07-27,P,400.0,400.0,交易所披露单位,OK,东方财富期货库存数据,https://data.eastmoney.com/ifdata/kcsj.html
2026-07-28,P,400.0,,交易所披露单位,OK,东方财富期货库存数据,https://data.eastmoney.com/ifdata/kcsj.html
2026-07-29,P,400.0,,交易所披露单位,OK,东方财富期货库存数据,https://data.eastmoney.com/ifdata/kcsj.html
2026-07-30,P,400.0,,交易所披露单位,OK,东方财富期货库存数据,https://data.eastmoney.com/ifdata/kcsj.html
2026-07-31,P,738.0,338.0,交易所披露单位,OK,东方财富期货库存数据,https://data.eastmoney.com/ifdata/kcsj.html
2026-08-03,P,738.0,,交易所披露单位,OK,东方财富期货库存数据,https://data.eastmoney.com/ifdata/kcsj.html
2026-08-04,P,738.0,,交易所披露单位,OK,东方财富期货库存数据,https://data.eastmoney.com/ifdata/kcsj.html
2026-08-05,P,738.0,,交易所披露单位,OK,东方财富期货库存数据,https://data.eastmoney.com/ifdata/kcsj.html
2026-08-06,P,738.0,,交易所披露单位,OK,东方财富期货库存数据,https://data.eastmoney.com/ifdata/kcsj.html
2026-08-07,P,738.0,,交易所披露单位,OK,东方财富期货库存数据,https://data.eastmoney.com/ifdata/kcsj.html
2026-08-10,P,738.0,,交易所披露单位,OK,东方财富期货库存数据,https://data.eastmoney.com/ifdata/kcsj.html
2026-08-11,P,738.0,,交易所披露单位,OK,东方财富期货库存数据,https://data.eastmoney.com/ifdata/kcsj.html
2026-08-12,P,738.0,,交易所披露单位,OK,东方财富期货库存数据,https://data.eastmoney.com/ifdata/kcsj.html
2026-08-13,P,738.0,,交易所披露单位,OK,东方财富期货库存数据,https://data.eastmoney.com/ifdata/kcsj.html
2026-08-14,P,738.0,,交易所披露单位,OK,东方财富期货库存数据,https://data.eastmoney.com/ifdata/kcsj.html
2026-08-17,P,738.0,,交易所披露单位,OK,东方财富期货库存数据,https://data.eastmoney.com/ifdata/kcsj.html
2026-07-07,PB,62076.0,-776.0,交易所披露单位,OK,东方财富期货库存数据,https://data.eastmoney.com/ifdata/kcsj.html
2026-07-08,PB,61432.0,-644.0,交易所披露单位,OK,东方财富期货库存数据,https://data.eastmoney.com/ifdata/kcsj.html
2026-07-09,PB,63466.0,2034.0,交易所披露单位,OK,东方财富期货库存数据,https://data.eastmoney.com/ifdata/kcsj.html
2026-07-10,PB,64087.0,621.0,交易所披露单位,OK,东方财富期货库存数据,https://data.eastmoney.com/ifdata/kcsj.html
2026-07-13,PB,63017.0,-1070.0,交易所披露单位,OK,东方财富期货库存数据,https://data.eastmoney.com/ifdata/kcsj.html
2026-07-14,PB,62967.0,-50.0,交易所披露单位,OK,东方财富期货库存数据,https://data.eastmoney.com/ifdata/kcsj.html
2026-07-15,PB,65913.0,2946.0,交易所披露单位,OK,东方财富期货库存数据,https://data.eastmoney.com/ifdata/kcsj.html
2026-07-16,PB,64245.0,-1668.0,交易所披露单位,OK,东方财富期货库存数据,https://data.eastmoney.com/ifdata/kcsj.html
2026-07-17,PB,62644.0,-1601.0,交易所披露单位,OK,东方财富期货库存数据,https://data.eastmoney.com/ifdata/kcsj.html
2026-07-20,PB,57927.0,-4717.0,交易所披露单位,OK,东方财富期货库存数据,https://data.eastmoney.com/ifdata/kcsj.html
2026-07-21,PB,58052.0,125.0,交易所披露单位,OK,东方财富期货库存数据,https://data.eastmoney.com/ifdata/kcsj.html
2026-07-22,PB,57952.0,-100.0,交易所披露单位,OK,东方财富期货库存数据,https://data.eastmoney.com/ifdata/kcsj.html
2026-07-23,PB,57779.0,-173.0,交易所披露单位,OK,东方财富期货库存数据,https://data.eastmoney.com/ifdata/kcsj.html
2026-07-24,PB,57729.0,-50.0,交易所披露单位,OK,东方财富期货库存数据,https://data.eastmoney.com/ifdata/kcsj.html
2026-07-27,PB,57729.0,,交易所披露单位,OK,东方财富期货库存数据,https://data.eastmoney.com/ifdata/kcsj.html
2026-07-28,PB,57602.0,-127.0,交易所披露单位,OK,东方财富期货库存数据,https://data.eastmoney.com/ifdata/kcsj.html
2026-07-29,PB,57578.0,-24.0,交易所披露单位,OK,东方财富期货库存数据,https://data.eastmoney.com/ifdata/kcsj.html
2026-07-30,PB,57727.0,149.0,交易所披露单位,OK,东方财富期货库存数据,https://data.eastmoney.com/ifdata/kcsj.html
2026-07-31,PB,59972.0,2245.0,交易所披露单位,OK,东方财富期货库存数据,https://data.eastmoney.com/ifdata/kcsj.html
2026-08-03,PB,60895.0,923.0,交易所披露单位,OK,东方财富期货库存数据,https://data.eastmoney.com/ifdata/kcsj.html
2026-08-04,PB,58953.0,-1942.0,交易所披露单位,OK,东方财富期货库存数据,https://data.eastmoney.com/ifdata/kcsj.html
2026-08-05,PB,59253.0,300.0,交易所披露单位,OK,东方财富期货库存数据,https://data.eastmoney.com/ifdata/kcsj.html
2026-08-06,PB,57482.0,-1771.0,交易所披露单位,OK,东方财富期货库存数据,https://data.eastmoney.com/ifdata/kcsj.html
2026-08-07,PB,56636.0,-846.0,交易所披露单位,OK,东方财富期货库存数据,https://data.eastmoney.com/ifdata/kcsj.html
2026-08-10,PB,57053.0,417.0,交易所披露单位,OK,东方财富期货库存数据,https://data.eastmoney.com/ifdata/kcsj.html
2026-08-11,PB,60927.0,3874.0,交易所披露单位,OK,东方财富期货库存数据,https://data.eastmoney.com/ifdata/kcsj.html
2026-08-12,PB,61228.0,301.0,交易所披露单位,OK,东方财富期货库存数据,https://data.eastmoney.com/ifdata/kcsj.html
2026-08-13,PB,65691.0,4463.0,交易所披露单位,OK,东方财富期货库存数据,https://data.eastmoney.com/ifdata/kcsj.html
2026-08-14,PB,65864.0,173.0,交易所披露单位,OK,东方财富期货库存数据,https://data.eastmoney.com/ifdata/kcsj.html
2026-08-17,PB,65889.0,25.0,交易所披露单位,OK,东方财富期货库存数据,https://data.eastmoney.com/ifdata/kcsj.html
2026-07-07,PF,2400.0,,交易所披露单位,OK,东方财富期货库存数据,https://data.eastmoney.com/ifdata/kcsj.html
2026-07-08,PF,2512.0,112.0,交易所披露单位,OK,东方财富期货库存数据,https://data.eastmoney.com/ifdata/kcsj.html
2026-07-09,PF,2400.0,-112.0,交易所披露单位,OK,东方财富期货库存数据,https://data.eastmoney.com/ifdata/kcsj.html
2026-07-10,PF,2400.0,,交易所披露单位,OK,东方财富期货库存数据,https://data.eastmoney.com/ifdata/kcsj.html
2026-07-13,PF,2400.0,,交易所披露单位,OK,东方财富期货库存数据,https://data.eastmoney.com/ifdata/kcsj.html
2026-07-14,PF,2400.0,,交易所披露单位,OK,东方财富期货库存数据,https://data.eastmoney.com/ifdata/kcsj.html
2026-07-15,PF,2400.0,,交易所披露单位,OK,东方财富期货库存数据,https://data.eastmoney.com/ifdata/kcsj.html
2026-07-16,PF,2400.0,,交易所披露单位,OK,东方财富期货库存数据,https://data.eastmoney.com/ifdata/kcsj.html
2026-07-17,PF,2400.0,,交易所披露单位,OK,东方财富期货库存数据,https://data.eastmoney.com/ifdata/kcsj.html
2026-07-20,PF,2400.0,,交易所披露单位,OK,东方财富期货库存数据,https://data.eastmoney.com/ifdata/kcsj.html
2026-07-21,PF,2400.0,,交易所披露单位,OK,东方财富期货库存数据,https://data.eastmoney.com/ifdata/kcsj.html
2026-07-22,PF,2666.0,266.0,交易所披露单位,OK,东方财富期货库存数据,https://data.eastmoney.com/ifdata/kcsj.html
2026-07-23,PF,2666.0,,交易所披露单位,OK,东方财富期货库存数据,https://data.eastmoney.com/ifdata/kcsj.html
2026-07-24,PF,2666.0,,交易所披露单位,OK,东方财富期货库存数据,https://data.eastmoney.com/ifdata/kcsj.html
2026-07-27,PF,2666.0,,交易所披露单位,OK,东方财富期货库存数据,https://data.eastmoney.com/ifdata/kcsj.html
2026-07-28,PF,2666.0,,交易所披露单位,OK,东方财富期货库存数据,https://data.eastmoney.com/ifdata/kcsj.html
2026-07-29,PF,2666.0,,交易所披露单位,OK,东方财富期货库存数据,https://data.eastmoney.com/ifdata/kcsj.html
2026-07-30,PF,2666.0,,交易所披露单位,OK,东方财富期货库存数据,https://data.eastmoney.com/ifdata/kcsj.html
2026-07-31,PF,2609.0,-57.0,交易所披露单位,OK,东方财富期货库存数据,https://data.eastmoney.com/ifdata/kcsj.html
2026-08-03,PF,2609.0,,交易所披露单位,OK,东方财富期货库存数据,https://data.eastmoney.com/ifdata/kcsj.html
2026-08-04,PF,2609.0,,交易所披露单位,OK,东方财富期货库存数据,https://data.eastmoney.com/ifdata/kcsj.html
2026-08-05,PF,2609.0,,交易所披露单位,OK,东方财富期货库存数据,https://data.eastmoney.com/ifdata/kcsj.html
2026-08-06,PF,2609.0,,交易所披露单位,OK,东方财富期货库存数据,https://data.eastmoney.com/ifdata/kcsj.html
2026-08-07,PF,2609.0,,交易所披露单位,OK,东方财富期货库存数据,https://data.eastmoney.com/ifdata/kcsj.html
2026-08-10,PF,2609.0,,交易所披露单位,OK,东方财富期货库存数据,https://data.eastmoney.com/ifdata/kcsj.html
2026-08-11,PF,2318.0,-291.0,交易所披露单位,OK,东方财富期货库存数据,https://data.eastmoney.com/ifdata/kcsj.html
2026-08-12,PF,2318.0,,交易所披露单位,OK,东方财富期货库存数据,https://data.eastmoney.com/ifdata/kcsj.html
2026-08-13,PF,2318.0,,交易所披露单位,OK,东方财富期货库存数据,https://data.eastmoney.com/ifdata/kcsj.html
2026-08-14,PF,2318.0,,交易所披露单位,OK,东方财富期货库存数据,https://data.eastmoney.com/ifdata/kcsj.html
2026-08-17,PF,2318.0,,交易所披露单位,OK,东方财富期货库存数据,https://data.eastmoney.com/ifdata/kcsj.html
2026-07-07,PG,2069.0,,交易所披露单位,OK,东方财富期货库存数据,https://data.eastmoney.com/ifdata/kcsj.html
2026-07-08,PG,2054.0,-15.0,交易所披露单位,OK,东方财富期货库存数据,https://data.eastmoney.com/ifdata/kcsj.html
2026-07-09,PG,2054.0,,交易所披露单位,OK,东方财富期货库存数据,https://data.eastmoney.com/ifdata/kcsj.html
2026-07-10,PG,2054.0,,交易所披露单位,OK,东方财富期货库存数据,https://data.eastmoney.com/ifdata/kcsj.html
2026-07-13,PG,2048.0,-6.0,交易所披露单位,OK,东方财富期货库存数据,https://data.eastmoney.com/ifdata/kcsj.html
2026-07-14,PG,2048.0,,交易所披露单位,OK,东方财富期货库存数据,https://data.eastmoney.com/ifdata/kcsj.html
2026-07-15,PG,1994.0,-54.0,交易所披露单位,OK,东方财富期货库存数据,https://data.eastmoney.com/ifdata/kcsj.html
2026-07-16,PG,1994.0,,交易所披露单位,OK,东方财富期货库存数据,https://data.eastmoney.com/ifdata/kcsj.html
2026-07-17,PG,1994.0,,交易所披露单位,OK,东方财富期货库存数据,https://data.eastmoney.com/ifdata/kcsj.html
2026-07-20,PG,2494.0,500.0,交易所披露单位,OK,东方财富期货库存数据,https://data.eastmoney.com/ifdata/kcsj.html
2026-07-21,PG,2994.0,500.0,交易所披露单位,OK,东方财富期货库存数据,https://data.eastmoney.com/ifdata/kcsj.html
2026-07-22,PG,3588.0,594.0,交易所披露单位,OK,东方财富期货库存数据,https://data.eastmoney.com/ifdata/kcsj.html
2026-07-23,PG,3588.0,,交易所披露单位,OK,东方财富期货库存数据,https://data.eastmoney.com/ifdata/kcsj.html
2026-07-24,PG,3588.0,,交易所披露单位,OK,东方财富期货库存数据,https://data.eastmoney.com/ifdata/kcsj.html
2026-07-27,PG,3588.0,,交易所披露单位,OK,东方财富期货库存数据,https://data.eastmoney.com/ifdata/kcsj.html
2026-07-28,PG,3588.0,,交易所披露单位,OK,东方财富期货库存数据,https://data.eastmoney.com/ifdata/kcsj.html
2026-07-29,PG,3588.0,,交易所披露单位,OK,东方财富期货库存数据,https://data.eastmoney.com/ifdata/kcsj.html
2026-07-30,PG,3326.0,-262.0,交易所披露单位,OK,东方财富期货库存数据,https://data.eastmoney.com/ifdata/kcsj.html
2026-07-31,PG,3350.0,24.0,交易所披露单位,OK,东方财富期货库存数据,https://data.eastmoney.com/ifdata/kcsj.html
2026-08-03,PG,3308.0,-42.0,交易所披露单位,OK,东方财富期货库存数据,https://data.eastmoney.com/ifdata/kcsj.html
2026-08-04,PG,3303.0,-5.0,交易所披露单位,OK,东方财富期货库存数据,https://data.eastmoney.com/ifdata/kcsj.html
2026-08-05,PG,3303.0,,交易所披露单位,OK,东方财富期货库存数据,https://data.eastmoney.com/ifdata/kcsj.html
2026-08-06,PG,3303.0,,交易所披露单位,OK,东方财富期货库存数据,https://data.eastmoney.com/ifdata/kcsj.html
2026-08-07,PG,3303.0,,交易所披露单位,OK,东方财富期货库存数据,https://data.eastmoney.com/ifdata/kcsj.html
2026-08-10,PG,3303.0,,交易所披露单位,OK,东方财富期货库存数据,https://data.eastmoney.com/ifdata/kcsj.html
2026-08-11,PG,3303.0,,交易所披露单位,OK,东方财富期货库存数据,https://data.eastmoney.com/ifdata/kcsj.html
2026-08-12,PG,3303.0,,交易所披露单位,OK,东方财富期货库存数据,https://data.eastmoney.com/ifdata/kcsj.html
2026-08-13,PG,3303.0,,交易所披露单位,OK,东方财富期货库存数据,https://data.eastmoney.com/ifdata/kcsj.html
2026-08-14,PG,3303.0,,交易所披露单位,OK,东方财富期货库存数据,https://data.eastmoney.com/ifdata/kcsj.html
2026-08-17,PG,3303.0,,交易所披露单位,OK,东方财富期货库存数据,https://data.eastmoney.com/ifdata/kcsj.html
2026-07-07,PK,,,交易所披露单位,OK,东方财富期货库存数据,https://data.eastmoney.com/ifdata/kcsj.html
2026-07-08,PK,,,交易所披露单位,OK,东方财富期货库存数据,https://data.eastmoney.com/ifdata/kcsj.html
2026-07-09,PK,,,交易所披露单位,OK,东方财富期货库存数据,https://data.eastmoney.com/ifdata/kcsj.html
2026-07-10,PK,,,交易所披露单位,OK,东方财富期货库存数据,https://data.eastmoney.com/ifdata/kcsj.html
2026-07-13,PK,,,交易所披露单位,OK,东方财富期货库存数据,https://data.eastmoney.com/ifdata/kcsj.html
2026-07-14,PK,,,交易所披露单位,OK,东方财富期货库存数据,https://data.eastmoney.com/ifdata/kcsj.html
2026-07-15,PK,,,交易所披露单位,OK,东方财富期货库存数据,https://data.eastmoney.com/ifdata/kcsj.html
2026-07-16,PK,,,交易所披露单位,OK,东方财富期货库存数据,https://data.eastmoney.com/ifdata/kcsj.html
2026-07-17,PK,,,交易所披露单位,OK,东方财富期货库存数据,https://data.eastmoney.com/ifdata/kcsj.html
2026-07-20,PK,,,交易所披露单位,OK,东方财富期货库存数据,https://data.eastmoney.com/ifdata/kcsj.html
2026-07-21,PK,,,交易所披露单位,OK,东方财富期货库存数据,https://data.eastmoney.com/ifdata/kcsj.html
2026-07-22,PK,,,交易所披露单位,OK,东方财富期货库存数据,https://data.eastmoney.com/ifdata/kcsj.html
2026-07-23,PK,,,交易所披露单位,OK,东方财富期货库存数据,https://data.eastmoney.com/ifdata/kcsj.html
2026-07-24,PK,,,交易所披露单位,OK,东方财富期货库存数据,https://data.eastmoney.com/ifdata/kcsj.html
2026-07-27,PK,,,交易所披露单位,OK,东方财富期货库存数据,https://data.eastmoney.com/ifdata/kcsj.html
2026-07-28,PK,,,交易所披露单位,OK,东方财富期货库存数据,https://data.eastmoney.com/ifdata/kcsj.html
2026-07-29,PK,,,交易所披露单位,OK,东方财富期货库存数据,https://data.eastmoney.com/ifdata/kcsj.html
2026-07-30,PK,,,交易所披露单位,OK,东方财富期货库存数据,https://data.eastmoney.com/ifdata/kcsj.html
2026-07-31,PK,,,交易所披露单位,OK,东方财富期货库存数据,https://data.eastmoney.com/ifdata/kcsj.html
2026-08-03,PK,,,交易所披露单位,OK,东方财富期货库存数据,https://data.eastmoney.com/ifdata/kcsj.html
2026-08-04,PK,,,交易所披露单位,OK,东方财富期货库存数据,https://data.eastmoney.com/ifdata/kcsj.html
2026-08-05,PK,,,交易所披露单位,OK,东方财富期货库存数据,https://data.eastmoney.com/ifdata/kcsj.html
2026-08-06,PK,,,交易所披露单位,OK,东方财富期货库存数据,https://data.eastmoney.com/ifdata/kcsj.html
2026-08-07,PK,,,交易所披露单位,OK,东方财富期货库存数据,https://data.eastmoney.com/ifdata/kcsj.html
2026-08-10,PK,,,交易所披露单位,OK,东方财富期货库存数据,https://data.eastmoney.com/ifdata/kcsj.html
2026-08-11,PK,,,交易所披露单位,OK,东方财富期货库存数据,https://data.eastmoney.com/ifdata/kcsj.html
2026-08-12,PK,,,交易所披露单位,OK,东方财富期货库存数据,https://data.eastmoney.com/ifdata/kcsj.html
2026-08-13,PK,,,交易所披露单位,OK,东方财富期货库存数据,https://data.eastmoney.com/ifdata/kcsj.html
2026-08-14,PK,,,交易所披露单位,OK,东方财富期货库存数据,https://data.eastmoney.com/ifdata/kcsj.html
2026-08-17,PK,,,交易所披露单位,OK,东方财富期货库存数据,https://data.eastmoney.com/ifdata/kcsj.html
2026-07-07,PL,486.0,1.0,交易所披露单位,OK,东方财富期货库存数据,https://data.eastmoney.com/ifdata/kcsj.html
2026-07-08,PL,541.0,55.0,交易所披露单位,OK,东方财富期货库存数据,https://data.eastmoney.com/ifdata/kcsj.html
2026-07-09,PL,532.0,-9.0,交易所披露单位,OK,东方财富期货库存数据,https://data.eastmoney.com/ifdata/kcsj.html
2026-07-10,PL,412.0,-120.0,交易所披露单位,OK,东方财富期货库存数据,https://data.eastmoney.com/ifdata/kcsj.html
2026-07-13,PL,392.0,-20.0,交易所披露单位,OK,东方财富期货库存数据,https://data.eastmoney.com/ifdata/kcsj.html
2026-07-14,PL,392.0,,交易所披露单位,OK,东方财富期货库存数据,https://data.eastmoney.com/ifdata/kcsj.html
2026-07-15,PL,382.0,-10.0,交易所披露单位,OK,东方财富期货库存数据,https://data.eastmoney.com/ifdata/kcsj.html
2026-07-16,PL,382.0,,交易所披露单位,OK,东方财富期货库存数据,https://data.eastmoney.com/ifdata/kcsj.html
2026-07-17,PL,177.0,-205.0,交易所披露单位,OK,东方财富期货库存数据,https://data.eastmoney.com/ifdata/kcsj.html
2026-07-20,PL,140.0,-37.0,交易所披露单位,OK,东方财富期货库存数据,https://data.eastmoney.com/ifdata/kcsj.html
2026-07-21,PL,,-140.0,交易所披露单位,OK,东方财富期货库存数据,https://data.eastmoney.com/ifdata/kcsj.html
2026-07-22,PL,,,交易所披露单位,OK,东方财富期货库存数据,https://data.eastmoney.com/ifdata/kcsj.html
2026-07-23,PL,,,交易所披露单位,OK,东方财富期货库存数据,https://data.eastmoney.com/ifdata/kcsj.html
2026-07-24,PL,,,交易所披露单位,OK,东方财富期货库存数据,https://data.eastmoney.com/ifdata/kcsj.html
2026-07-27,PL,,,交易所披露单位,OK,东方财富期货库存数据,https://data.eastmoney.com/ifdata/kcsj.html
2026-07-28,PL,100.0,100.0,交易所披露单位,OK,东方财富期货库存数据,https://data.eastmoney.com/ifdata/kcsj.html
2026-07-29,PL,100.0,,交易所披露单位,OK,东方财富期货库存数据,https://data.eastmoney.com/ifdata/kcsj.html
2026-07-30,PL,125.0,25.0,交易所披露单位,OK,东方财富期货库存数据,https://data.eastmoney.com/ifdata/kcsj.html
2026-07-31,PL,125.0,,交易所披露单位,OK,东方财富期货库存数据,https://data.eastmoney.com/ifdata/kcsj.html
2026-08-03,PL,628.0,503.0,交易所披露单位,OK,东方财富期货库存数据,https://data.eastmoney.com/ifdata/kcsj.html
2026-08-04,PL,643.0,15.0,交易所披露单位,OK,东方财富期货库存数据,https://data.eastmoney.com/ifdata/kcsj.html
2026-08-05,PL,543.0,-100.0,交易所披露单位,OK,东方财富期货库存数据,https://data.eastmoney.com/ifdata/kcsj.html
2026-08-06,PL,432.0,-111.0,交易所披露单位,OK,东方财富期货库存数据,https://data.eastmoney.com/ifdata/kcsj.html
2026-08-07,PL,329.0,-103.0,交易所披露单位,OK,东方财富期货库存数据,https://data.eastmoney.com/ifdata/kcsj.html
2026-08-10,PL,384.0,55.0,交易所披露单位,OK,东方财富期货库存数据,https://data.eastmoney.com/ifdata/kcsj.html
2026-08-11,PL,400.0,16.0,交易所披露单位,OK,东方财富期货库存数据,https://data.eastmoney.com/ifdata/kcsj.html
2026-08-12,PL,400.0,,交易所披露单位,OK,东方财富期货库存数据,https://data.eastmoney.com/ifdata/kcsj.html
2026-08-13,PL,312.0,-88.0,交易所披露单位,OK,东方财富期货库存数据,https://data.eastmoney.com/ifdata/kcsj.html
2026-08-14,PL,312.0,,交易所披露单位,OK,东方财富期货库存数据,https://data.eastmoney.com/ifdata/kcsj.html
2026-08-17,PL,312.0,,交易所披露单位,OK,东方财富期货库存数据,https://data.eastmoney.com/ifdata/kcsj.html
2026-07-07,PP,25780.0,,交易所披露单位,OK,东方财富期货库存数据,https://data.eastmoney.com/ifdata/kcsj.html
2026-07-08,PP,25140.0,-640.0,交易所披露单位,OK,东方财富期货库存数据,https://data.eastmoney.com/ifdata/kcsj.html
2026-07-09,PP,25830.0,690.0,交易所披露单位,OK,东方财富期货库存数据,https://data.eastmoney.com/ifdata/kcsj.html
2026-07-10,PP,25830.0,,交易所披露单位,OK,东方财富期货库存数据,https://data.eastmoney.com/ifdata/kcsj.html
2026-07-13,PP,25830.0,,交易所披露单位,OK,东方财富期货库存数据,https://data.eastmoney.com/ifdata/kcsj.html
2026-07-14,PP,25830.0,,交易所披露单位,OK,东方财富期货库存数据,https://data.eastmoney.com/ifdata/kcsj.html
2026-07-15,PP,26349.0,519.0,交易所披露单位,OK,东方财富期货库存数据,https://data.eastmoney.com/ifdata/kcsj.html
2026-07-16,PP,26349.0,,交易所披露单位,OK,东方财富期货库存数据,https://data.eastmoney.com/ifdata/kcsj.html
2026-07-17,PP,26349.0,,交易所披露单位,OK,东方财富期货库存数据,https://data.eastmoney.com/ifdata/kcsj.html
2026-07-20,PP,25886.0,-463.0,交易所披露单位,OK,东方财富期货库存数据,https://data.eastmoney.com/ifdata/kcsj.html
2026-07-21,PP,25992.0,106.0,交易所披露单位,OK,东方财富期货库存数据,https://data.eastmoney.com/ifdata/kcsj.html
2026-07-22,PP,25979.0,-13.0,交易所披露单位,OK,东方财富期货库存数据,https://data.eastmoney.com/ifdata/kcsj.html
2026-07-23,PP,25739.0,-240.0,交易所披露单位,OK,东方财富期货库存数据,https://data.eastmoney.com/ifdata/kcsj.html
2026-07-24,PP,25073.0,-666.0,交易所披露单位,OK,东方财富期货库存数据,https://data.eastmoney.com/ifdata/kcsj.html
2026-07-27,PP,24933.0,-140.0,交易所披露单位,OK,东方财富期货库存数据,https://data.eastmoney.com/ifdata/kcsj.html
2026-07-28,PP,24672.0,-261.0,交易所披露单位,OK,东方财富期货库存数据,https://data.eastmoney.com/ifdata/kcsj.html
2026-07-29,PP,24672.0,,交易所披露单位,OK,东方财富期货库存数据,https://data.eastmoney.com/ifdata/kcsj.html
2026-07-30,PP,24672.0,,交易所披露单位,OK,东方财富期货库存数据,https://data.eastmoney.com/ifdata/kcsj.html
2026-07-31,PP,24506.0,-166.0,交易所披露单位,OK,东方财富期货库存数据,https://data.eastmoney.com/ifdata/kcsj.html
2026-08-03,PP,24506.0,,交易所披露单位,OK,东方财富期货库存数据,https://data.eastmoney.com/ifdata/kcsj.html
2026-08-04,PP,25226.0,720.0,交易所披露单位,OK,东方财富期货库存数据,https://data.eastmoney.com/ifdata/kcsj.html
2026-08-05,PP,25226.0,,交易所披露单位,OK,东方财富期货库存数据,https://data.eastmoney.com/ifdata/kcsj.html
2026-08-06,PP,26326.0,1100.0,交易所披露单位,OK,东方财富期货库存数据,https://data.eastmoney.com/ifdata/kcsj.html
2026-08-07,PP,26326.0,,交易所披露单位,OK,东方财富期货库存数据,https://data.eastmoney.com/ifdata/kcsj.html
2026-08-10,PP,25679.0,-647.0,交易所披露单位,OK,东方财富期货库存数据,https://data.eastmoney.com/ifdata/kcsj.html
2026-08-11,PP,26379.0,700.0,交易所披露单位,OK,东方财富期货库存数据,https://data.eastmoney.com/ifdata/kcsj.html
2026-08-12,PP,26879.0,500.0,交易所披露单位,OK,东方财富期货库存数据,https://data.eastmoney.com/ifdata/kcsj.html
2026-08-13,PP,27054.0,175.0,交易所披露单位,OK,东方财富期货库存数据,https://data.eastmoney.com/ifdata/kcsj.html
2026-08-14,PP,27129.0,75.0,交易所披露单位,OK,东方财富期货库存数据,https://data.eastmoney.com/ifdata/kcsj.html
2026-08-17,PP,27129.0,,交易所披露单位,OK,东方财富期货库存数据,https://data.eastmoney.com/ifdata/kcsj.html
2026-07-07,PR,11.0,,交易所披露单位,OK,东方财富期货库存数据,https://data.eastmoney.com/ifdata/kcsj.html
2026-07-08,PR,11.0,,交易所披露单位,OK,东方财富期货库存数据,https://data.eastmoney.com/ifdata/kcsj.html
2026-07-09,PR,11.0,,交易所披露单位,OK,东方财富期货库存数据,https://data.eastmoney.com/ifdata/kcsj.html
2026-07-10,PR,22.0,11.0,交易所披露单位,OK,东方财富期货库存数据,https://data.eastmoney.com/ifdata/kcsj.html
2026-07-13,PR,22.0,,交易所披露单位,OK,东方财富期货库存数据,https://data.eastmoney.com/ifdata/kcsj.html
2026-07-14,PR,22.0,,交易所披露单位,OK,东方财富期货库存数据,https://data.eastmoney.com/ifdata/kcsj.html
2026-07-15,PR,22.0,,交易所披露单位,OK,东方财富期货库存数据,https://data.eastmoney.com/ifdata/kcsj.html
2026-07-16,PR,22.0,,交易所披露单位,OK,东方财富期货库存数据,https://data.eastmoney.com/ifdata/kcsj.html
2026-07-17,PR,2.0,-20.0,交易所披露单位,OK,东方财富期货库存数据,https://data.eastmoney.com/ifdata/kcsj.html
2026-07-20,PR,2.0,,交易所披露单位,OK,东方财富期货库存数据,https://data.eastmoney.com/ifdata/kcsj.html
2026-07-21,PR,,-2.0,交易所披露单位,OK,东方财富期货库存数据,https://data.eastmoney.com/ifdata/kcsj.html
2026-07-22,PR,,,交易所披露单位,OK,东方财富期货库存数据,https://data.eastmoney.com/ifdata/kcsj.html
2026-07-23,PR,,,交易所披露单位,OK,东方财富期货库存数据,https://data.eastmoney.com/ifdata/kcsj.html
2026-07-24,PR,,,交易所披露单位,OK,东方财富期货库存数据,https://data.eastmoney.com/ifdata/kcsj.html
2026-07-27,PR,,,交易所披露单位,OK,东方财富期货库存数据,https://data.eastmoney.com/ifdata/kcsj.html
2026-07-28,PR,,,交易所披露单位,OK,东方财富期货库存数据,https://data.eastmoney.com/ifdata/kcsj.html
2026-07-29,PR,,,交易所披露单位,OK,东方财富期货库存数据,https://data.eastmoney.com/ifdata/kcsj.html
2026-07-30,PR,,,交易所披露单位,OK,东方财富期货库存数据,https://data.eastmoney.com/ifdata/kcsj.html
2026-07-31,PR,,,交易所披露单位,OK,东方财富期货库存数据,https://data.eastmoney.com/ifdata/kcsj.html
2026-08-03,PR,99.0,99.0,交易所披露单位,OK,东方财富期货库存数据,https://data.eastmoney.com/ifdata/kcsj.html
2026-08-04,PR,99.0,,交易所披露单位,OK,东方财富期货库存数据,https://data.eastmoney.com/ifdata/kcsj.html
2026-08-05,PR,99.0,,交易所披露单位,OK,东方财富期货库存数据,https://data.eastmoney.com/ifdata/kcsj.html
2026-08-06,PR,110.0,11.0,交易所披露单位,OK,东方财富期货库存数据,https://data.eastmoney.com/ifdata/kcsj.html
2026-08-07,PR,110.0,,交易所披露单位,OK,东方财富期货库存数据,https://data.eastmoney.com/ifdata/kcsj.html
2026-08-10,PR,110.0,,交易所披露单位,OK,东方财富期货库存数据,https://data.eastmoney.com/ifdata/kcsj.html
2026-08-11,PR,187.0,77.0,交易所披露单位,OK,东方财富期货库存数据,https://data.eastmoney.com/ifdata/kcsj.html
2026-08-12,PR,187.0,,交易所披露单位,OK,东方财富期货库存数据,https://data.eastmoney.com/ifdata/kcsj.html
2026-08-13,PR,187.0,,交易所披露单位,OK,东方财富期货库存数据,https://data.eastmoney.com/ifdata/kcsj.html
2026-08-14,PR,187.0,,交易所披露单位,OK,东方财富期货库存数据,https://data.eastmoney.com/ifdata/kcsj.html
2026-08-17,PR,187.0,,交易所披露单位,OK,东方财富期货库存数据,https://data.eastmoney.com/ifdata/kcsj.html
2026-07-07,PS,16880.0,,交易所披露单位,OK,东方财富期货库存数据,https://data.eastmoney.com/ifdata/kcsj.html
2026-07-08,PS,16880.0,,交易所披露单位,OK,东方财富期货库存数据,https://data.eastmoney.com/ifdata/kcsj.html
2026-07-09,PS,17150.0,270.0,交易所披露单位,OK,东方财富期货库存数据,https://data.eastmoney.com/ifdata/kcsj.html
2026-07-10,PS,17270.0,120.0,交易所披露单位,OK,东方财富期货库存数据,https://data.eastmoney.com/ifdata/kcsj.html
2026-07-13,PS,17400.0,130.0,交易所披露单位,OK,东方财富期货库存数据,https://data.eastmoney.com/ifdata/kcsj.html
2026-07-14,PS,17400.0,,交易所披露单位,OK,东方财富期货库存数据,https://data.eastmoney.com/ifdata/kcsj.html
2026-07-15,PS,17860.0,460.0,交易所披露单位,OK,东方财富期货库存数据,https://data.eastmoney.com/ifdata/kcsj.html
2026-07-16,PS,17900.0,40.0,交易所披露单位,OK,东方财富期货库存数据,https://data.eastmoney.com/ifdata/kcsj.html
2026-07-17,PS,18260.0,360.0,交易所披露单位,OK,东方财富期货库存数据,https://data.eastmoney.com/ifdata/kcsj.html
2026-07-20,PS,18480.0,220.0,交易所披露单位,OK,东方财富期货库存数据,https://data.eastmoney.com/ifdata/kcsj.html
2026-07-21,PS,18720.0,240.0,交易所披露单位,OK,东方财富期货库存数据,https://data.eastmoney.com/ifdata/kcsj.html
2026-07-22,PS,18730.0,10.0,交易所披露单位,OK,东方财富期货库存数据,https://data.eastmoney.com/ifdata/kcsj.html
2026-07-23,PS,18820.0,90.0,交易所披露单位,OK,东方财富期货库存数据,https://data.eastmoney.com/ifdata/kcsj.html
2026-07-24,PS,19330.0,510.0,交易所披露单位,OK,东方财富期货库存数据,https://data.eastmoney.com/ifdata/kcsj.html
2026-07-27,PS,19380.0,50.0,交易所披露单位,OK,东方财富期货库存数据,https://data.eastmoney.com/ifdata/kcsj.html
2026-07-28,PS,20250.0,870.0,交易所披露单位,OK,东方财富期货库存数据,https://data.eastmoney.com/ifdata/kcsj.html
2026-07-29,PS,20250.0,,交易所披露单位,OK,东方财富期货库存数据,https://data.eastmoney.com/ifdata/kcsj.html
2026-07-30,PS,20440.0,190.0,交易所披露单位,OK,东方财富期货库存数据,https://data.eastmoney.com/ifdata/kcsj.html
2026-07-31,PS,20790.0,350.0,交易所披露单位,OK,东方财富期货库存数据,https://data.eastmoney.com/ifdata/kcsj.html
2026-08-03,PS,21120.0,330.0,交易所披露单位,OK,东方财富期货库存数据,https://data.eastmoney.com/ifdata/kcsj.html
2026-08-04,PS,21180.0,60.0,交易所披露单位,OK,东方财富期货库存数据,https://data.eastmoney.com/ifdata/kcsj.html
2026-08-05,PS,21250.0,70.0,交易所披露单位,OK,东方财富期货库存数据,https://data.eastmoney.com/ifdata/kcsj.html
2026-08-06,PS,21390.0,140.0,交易所披露单位,OK,东方财富期货库存数据,https://data.eastmoney.com/ifdata/kcsj.html
2026-08-07,PS,21470.0,80.0,交易所披露单位,OK,东方财富期货库存数据,https://data.eastmoney.com/ifdata/kcsj.html
2026-08-10,PS,21660.0,190.0,交易所披露单位,OK,东方财富期货库存数据,https://data.eastmoney.com/ifdata/kcsj.html
2026-08-11,PS,21900.0,240.0,交易所披露单位,OK,东方财富期货库存数据,https://data.eastmoney.com/ifdata/kcsj.html
2026-08-12,PS,21930.0,30.0,交易所披露单位,OK,东方财富期货库存数据,https://data.eastmoney.com/ifdata/kcsj.html
2026-08-13,PS,22020.0,90.0,交易所披露单位,OK,东方财富期货库存数据,https://data.eastmoney.com/ifdata/kcsj.html
2026-08-14,PS,22240.0,220.0,交易所披露单位,OK,东方财富期货库存数据,https://data.eastmoney.com/ifdata/kcsj.html
2026-08-17,PS,22310.0,70.0,交易所披露单位,OK,东方财富期货库存数据,https://data.eastmoney.com/ifdata/kcsj.html
2026-07-07,PX,3025.0,1980.0,交易所披露单位,OK,东方财富期货库存数据,https://data.eastmoney.com/ifdata/kcsj.html
2026-07-08,PX,3025.0,,交易所披露单位,OK,东方财富期货库存数据,https://data.eastmoney.com/ifdata/kcsj.html
2026-07-09,PX,3022.0,-3.0,交易所披露单位,OK,东方财富期货库存数据,https://data.eastmoney.com/ifdata/kcsj.html
2026-07-10,PX,3022.0,,交易所披露单位,OK,东方财富期货库存数据,https://data.eastmoney.com/ifdata/kcsj.html
2026-07-13,PX,3022.0,,交易所披露单位,OK,东方财富期货库存数据,https://data.eastmoney.com/ifdata/kcsj.html
2026-07-14,PX,3022.0,,交易所披露单位,OK,东方财富期货库存数据,https://data.eastmoney.com/ifdata/kcsj.html
2026-07-15,PX,3022.0,,交易所披露单位,OK,东方财富期货库存数据,https://data.eastmoney.com/ifdata/kcsj.html
2026-07-16,PX,3022.0,,交易所披露单位,OK,东方财富期货库存数据,https://data.eastmoney.com/ifdata/kcsj.html
2026-07-17,PX,980.0,-2042.0,交易所披露单位,OK,东方财富期货库存数据,https://data.eastmoney.com/ifdata/kcsj.html
2026-07-20,PX,980.0,,交易所披露单位,OK,东方财富期货库存数据,https://data.eastmoney.com/ifdata/kcsj.html
2026-07-21,PX,,-980.0,交易所披露单位,OK,东方财富期货库存数据,https://data.eastmoney.com/ifdata/kcsj.html
2026-07-22,PX,,,交易所披露单位,OK,东方财富期货库存数据,https://data.eastmoney.com/ifdata/kcsj.html
2026-07-23,PX,,,交易所披露单位,OK,东方财富期货库存数据,https://data.eastmoney.com/ifdata/kcsj.html
2026-07-24,PX,,,交易所披露单位,OK,东方财富期货库存数据,https://data.eastmoney.com/ifdata/kcsj.html
2026-07-27,PX,,,交易所披露单位,OK,东方财富期货库存数据,https://data.eastmoney.com/ifdata/kcsj.html
2026-07-28,PX,,,交易所披露单位,OK,东方财富期货库存数据,https://data.eastmoney.com/ifdata/kcsj.html
2026-07-29,PX,,,交易所披露单位,OK,东方财富期货库存数据,https://data.eastmoney.com/ifdata/kcsj.html
2026-07-30,PX,,,交易所披露单位,OK,东方财富期货库存数据,https://data.eastmoney.com/ifdata/kcsj.html
2026-07-31,PX,,,交易所披露单位,OK,东方财富期货库存数据,https://data.eastmoney.com/ifdata/kcsj.html
2026-08-03,PX,,,交易所披露单位,OK,东方财富期货库存数据,https://data.eastmoney.com/ifdata/kcsj.html
2026-08-04,PX,,,交易所披露单位,OK,东方财富期货库存数据,https://data.eastmoney.com/ifdata/kcsj.html
2026-08-05,PX,,,交易所披露单位,OK,东方财富期货库存数据,https://data.eastmoney.com/ifdata/kcsj.html
2026-08-06,PX,,,交易所披露单位,OK,东方财富期货库存数据,https://data.eastmoney.com/ifdata/kcsj.html
2026-08-07,PX,,,交易所披露单位,OK,东方财富期货库存数据,https://data.eastmoney.com/ifdata/kcsj.html
2026-08-10,PX,,,交易所披露单位,OK,东方财富期货库存数据,https://data.eastmoney.com/ifdata/kcsj.html
2026-08-11,PX,1978.0,1978.0,交易所披露单位,OK,东方财富期货库存数据,https://data.eastmoney.com/ifdata/kcsj.html
2026-08-12,PX,,-1978.0,交易所披露单位,OK,东方财富期货库存数据,https://data.eastmoney.com/ifdata/kcsj.html
2026-08-13,PX,,,交易所披露单位,OK,东方财富期货库存数据,https://data.eastmoney.com/ifdata/kcsj.html
2026-08-14,PX,,,交易所披露单位,OK,东方财富期货库存数据,https://data.eastmoney.com/ifdata/kcsj.html
2026-08-17,PX,,,交易所披露单位,OK,东方财富期货库存数据,https://data.eastmoney.com/ifdata/kcsj.html
2026-07-07,RB,29571.0,1796.0,交易所披露单位,OK,东方财富期货库存数据,https://data.eastmoney.com/ifdata/kcsj.html
2026-07-08,RB,40352.0,10781.0,交易所披露单位,OK,东方财富期货库存数据,https://data.eastmoney.com/ifdata/kcsj.html
2026-07-09,RB,42791.0,2439.0,交易所披露单位,OK,东方财富期货库存数据,https://data.eastmoney.com/ifdata/kcsj.html
2026-07-10,RB,42791.0,,交易所披露单位,OK,东方财富期货库存数据,https://data.eastmoney.com/ifdata/kcsj.html
2026-07-13,RB,51609.0,8818.0,交易所披露单位,OK,东方财富期货库存数据,https://data.eastmoney.com/ifdata/kcsj.html
2026-07-14,RB,51609.0,,交易所披露单位,OK,东方财富期货库存数据,https://data.eastmoney.com/ifdata/kcsj.html
2026-07-15,RB,50410.0,-1199.0,交易所披露单位,OK,东方财富期货库存数据,https://data.eastmoney.com/ifdata/kcsj.html
2026-07-16,RB,51306.0,896.0,交易所披露单位,OK,东方财富期货库存数据,https://data.eastmoney.com/ifdata/kcsj.html
2026-07-17,RB,50108.0,-1198.0,交易所披露单位,OK,东方财富期货库存数据,https://data.eastmoney.com/ifdata/kcsj.html
2026-07-20,RB,26522.0,-23586.0,交易所披露单位,OK,东方财富期货库存数据,https://data.eastmoney.com/ifdata/kcsj.html
2026-07-21,RB,28960.0,2438.0,交易所披露单位,OK,东方财富期货库存数据,https://data.eastmoney.com/ifdata/kcsj.html
2026-07-22,RB,28960.0,,交易所披露单位,OK,东方财富期货库存数据,https://data.eastmoney.com/ifdata/kcsj.html
2026-07-23,RB,28961.0,1.0,交易所披露单位,OK,东方财富期货库存数据,https://data.eastmoney.com/ifdata/kcsj.html
2026-07-24,RB,26866.0,-2095.0,交易所披露单位,OK,东方财富期货库存数据,https://data.eastmoney.com/ifdata/kcsj.html
2026-07-27,RB,26866.0,,交易所披露单位,OK,东方财富期货库存数据,https://data.eastmoney.com/ifdata/kcsj.html
2026-07-28,RB,26866.0,,交易所披露单位,OK,东方财富期货库存数据,https://data.eastmoney.com/ifdata/kcsj.html
2026-07-29,RB,26866.0,,交易所披露单位,OK,东方财富期货库存数据,https://data.eastmoney.com/ifdata/kcsj.html
2026-07-30,RB,28390.0,1524.0,交易所披露单位,OK,东方财富期货库存数据,https://data.eastmoney.com/ifdata/kcsj.html
2026-07-31,RB,28390.0,,交易所披露单位,OK,东方财富期货库存数据,https://data.eastmoney.com/ifdata/kcsj.html
2026-08-03,RB,26894.0,-1496.0,交易所披露单位,OK,东方财富期货库存数据,https://data.eastmoney.com/ifdata/kcsj.html
2026-08-04,RB,26894.0,,交易所披露单位,OK,东方财富期货库存数据,https://data.eastmoney.com/ifdata/kcsj.html
2026-08-05,RB,26894.0,,交易所披露单位,OK,东方财富期货库存数据,https://data.eastmoney.com/ifdata/kcsj.html
2026-08-06,RB,30203.0,3309.0,交易所披露单位,OK,东方财富期货库存数据,https://data.eastmoney.com/ifdata/kcsj.html
2026-08-07,RB,30203.0,,交易所披露单位,OK,东方财富期货库存数据,https://data.eastmoney.com/ifdata/kcsj.html
2026-08-10,RB,35015.0,4812.0,交易所披露单位,OK,东方财富期货库存数据,https://data.eastmoney.com/ifdata/kcsj.html
2026-08-11,RB,36512.0,1497.0,交易所披露单位,OK,东方财富期货库存数据,https://data.eastmoney.com/ifdata/kcsj.html
2026-08-12,RB,36512.0,,交易所披露单位,OK,东方财富期货库存数据,https://data.eastmoney.com/ifdata/kcsj.html
2026-08-13,RB,34417.0,-2095.0,交易所披露单位,OK,东方财富期货库存数据,https://data.eastmoney.com/ifdata/kcsj.html
2026-08-14,RB,34417.0,,交易所披露单位,OK,东方财富期货库存数据,https://data.eastmoney.com/ifdata/kcsj.html
2026-08-17,RB,34417.0,,交易所披露单位,OK,东方财富期货库存数据,https://data.eastmoney.com/ifdata/kcsj.html
2026-07-07,RM,2271.0,,交易所披露单位,OK,东方财富期货库存数据,https://data.eastmoney.com/ifdata/kcsj.html
2026-07-08,RM,2175.0,-96.0,交易所披露单位,OK,东方财富期货库存数据,https://data.eastmoney.com/ifdata/kcsj.html
2026-07-09,RM,2175.0,,交易所披露单位,OK,东方财富期货库存数据,https://data.eastmoney.com/ifdata/kcsj.html
2026-07-10,RM,2175.0,,交易所披露单位,OK,东方财富期货库存数据,https://data.eastmoney.com/ifdata/kcsj.html
2026-07-13,RM,2045.0,-130.0,交易所披露单位,OK,东方财富期货库存数据,https://data.eastmoney.com/ifdata/kcsj.html
2026-07-14,RM,1745.0,-300.0,交易所披露单位,OK,东方财富期货库存数据,https://data.eastmoney.com/ifdata/kcsj.html
2026-07-15,RM,1701.0,-44.0,交易所披露单位,OK,东方财富期货库存数据,https://data.eastmoney.com/ifdata/kcsj.html
2026-07-16,RM,1671.0,-30.0,交易所披露单位,OK,东方财富期货库存数据,https://data.eastmoney.com/ifdata/kcsj.html
2026-07-17,RM,1587.0,-84.0,交易所披露单位,OK,东方财富期货库存数据,https://data.eastmoney.com/ifdata/kcsj.html
2026-07-20,RM,1452.0,-135.0,交易所披露单位,OK,东方财富期货库存数据,https://data.eastmoney.com/ifdata/kcsj.html
2026-07-21,RM,,-1452.0,交易所披露单位,OK,东方财富期货库存数据,https://data.eastmoney.com/ifdata/kcsj.html
2026-07-22,RM,,,交易所披露单位,OK,东方财富期货库存数据,https://data.eastmoney.com/ifdata/kcsj.html
2026-07-23,RM,,,交易所披露单位,OK,东方财富期货库存数据,https://data.eastmoney.com/ifdata/kcsj.html
2026-07-24,RM,,,交易所披露单位,OK,东方财富期货库存数据,https://data.eastmoney.com/ifdata/kcsj.html
2026-07-27,RM,,,交易所披露单位,OK,东方财富期货库存数据,https://data.eastmoney.com/ifdata/kcsj.html
2026-07-28,RM,,,交易所披露单位,OK,东方财富期货库存数据,https://data.eastmoney.com/ifdata/kcsj.html
2026-07-29,RM,,,交易所披露单位,OK,东方财富期货库存数据,https://data.eastmoney.com/ifdata/kcsj.html
2026-07-30,RM,,,交易所披露单位,OK,东方财富期货库存数据,https://data.eastmoney.com/ifdata/kcsj.html
2026-07-31,RM,,,交易所披露单位,OK,东方财富期货库存数据,https://data.eastmoney.com/ifdata/kcsj.html
2026-08-03,RM,,,交易所披露单位,OK,东方财富期货库存数据,https://data.eastmoney.com/ifdata/kcsj.html
2026-08-04,RM,,,交易所披露单位,OK,东方财富期货库存数据,https://data.eastmoney.com/ifdata/kcsj.html
2026-08-05,RM,,,交易所披露单位,OK,东方财富期货库存数据,https://data.eastmoney.com/ifdata/kcsj.html
2026-08-06,RM,200.0,200.0,交易所披露单位,OK,东方财富期货库存数据,https://data.eastmoney.com/ifdata/kcsj.html
2026-08-07,RM,200.0,,交易所披露单位,OK,东方财富期货库存数据,https://data.eastmoney.com/ifdata/kcsj.html
2026-08-10,RM,200.0,,交易所披露单位,OK,东方财富期货库存数据,https://data.eastmoney.com/ifdata/kcsj.html
2026-08-11,RM,183.0,-17.0,交易所披露单位,OK,东方财富期货库存数据,https://data.eastmoney.com/ifdata/kcsj.html
2026-08-12,RM,183.0,,交易所披露单位,OK,东方财富期货库存数据,https://data.eastmoney.com/ifdata/kcsj.html
2026-08-13,RM,183.0,,交易所披露单位,OK,东方财富期货库存数据,https://data.eastmoney.com/ifdata/kcsj.html
2026-08-14,RM,183.0,,交易所披露单位,OK,东方财富期货库存数据,https://data.eastmoney.com/ifdata/kcsj.html
2026-08-17,RM,166.0,-17.0,交易所披露单位,OK,东方财富期货库存数据,https://data.eastmoney.com/ifdata/kcsj.html
2026-07-07,RR,64.0,17.0,交易所披露单位,OK,东方财富期货库存数据,https://data.eastmoney.com/ifdata/kcsj.html
2026-07-08,RR,64.0,,交易所披露单位,OK,东方财富期货库存数据,https://data.eastmoney.com/ifdata/kcsj.html
2026-07-09,RR,64.0,,交易所披露单位,OK,东方财富期货库存数据,https://data.eastmoney.com/ifdata/kcsj.html
2026-07-10,RR,64.0,,交易所披露单位,OK,东方财富期货库存数据,https://data.eastmoney.com/ifdata/kcsj.html
2026-07-13,RR,64.0,,交易所披露单位,OK,东方财富期货库存数据,https://data.eastmoney.com/ifdata/kcsj.html
2026-07-14,RR,17.0,-47.0,交易所披露单位,OK,东方财富期货库存数据,https://data.eastmoney.com/ifdata/kcsj.html
2026-07-15,RR,17.0,,交易所披露单位,OK,东方财富期货库存数据,https://data.eastmoney.com/ifdata/kcsj.html
2026-07-16,RR,17.0,,交易所披露单位,OK,东方财富期货库存数据,https://data.eastmoney.com/ifdata/kcsj.html
2026-07-17,RR,,-17.0,交易所披露单位,OK,东方财富期货库存数据,https://data.eastmoney.com/ifdata/kcsj.html
2026-07-07,RU,151090.0,-60.0,交易所披露单位,OK,东方财富期货库存数据,https://data.eastmoney.com/ifdata/kcsj.html
2026-07-08,RU,151090.0,,交易所披露单位,OK,东方财富期货库存数据,https://data.eastmoney.com/ifdata/kcsj.html
2026-07-09,RU,151030.0,-60.0,交易所披露单位,OK,东方财富期货库存数据,https://data.eastmoney.com/ifdata/kcsj.html
2026-07-10,RU,150960.0,-70.0,交易所披露单位,OK,东方财富期货库存数据,https://data.eastmoney.com/ifdata/kcsj.html
2026-07-13,RU,150960.0,,交易所披露单位,OK,东方财富期货库存数据,https://data.eastmoney.com/ifdata/kcsj.html
2026-07-14,RU,150840.0,-120.0,交易所披露单位,OK,东方财富期货库存数据,https://data.eastmoney.com/ifdata/kcsj.html
2026-07-15,RU,150800.0,-40.0,交易所披露单位,OK,东方财富期货库存数据,https://data.eastmoney.com/ifdata/kcsj.html
2026-07-16,RU,149500.0,-1300.0,交易所披露单位,OK,东方财富期货库存数据,https://data.eastmoney.com/ifdata/kcsj.html
2026-07-17,RU,149480.0,-20.0,交易所披露单位,OK,东方财富期货库存数据,https://data.eastmoney.com/ifdata/kcsj.html
2026-07-20,RU,149440.0,-40.0,交易所披露单位,OK,东方财富期货库存数据,https://data.eastmoney.com/ifdata/kcsj.html
2026-07-21,RU,149370.0,-70.0,交易所披露单位,OK,东方财富期货库存数据,https://data.eastmoney.com/ifdata/kcsj.html
2026-07-22,RU,149370.0,,交易所披露单位,OK,东方财富期货库存数据,https://data.eastmoney.com/ifdata/kcsj.html
2026-07-23,RU,149370.0,,交易所披露单位,OK,东方财富期货库存数据,https://data.eastmoney.com/ifdata/kcsj.html
2026-07-24,RU,149300.0,-70.0,交易所披露单位,OK,东方财富期货库存数据,https://data.eastmoney.com/ifdata/kcsj.html
2026-07-27,RU,149080.0,-220.0,交易所披露单位,OK,东方财富期货库存数据,https://data.eastmoney.com/ifdata/kcsj.html
2026-07-28,RU,148960.0,-120.0,交易所披露单位,OK,东方财富期货库存数据,https://data.eastmoney.com/ifdata/kcsj.html
2026-07-29,RU,148850.0,-110.0,交易所披露单位,OK,东方财富期货库存数据,https://data.eastmoney.com/ifdata/kcsj.html
2026-07-30,RU,148510.0,-340.0,交易所披露单位,OK,东方财富期货库存数据,https://data.eastmoney.com/ifdata/kcsj.html
2026-07-31,RU,148310.0,-200.0,交易所披露单位,OK,东方财富期货库存数据,https://data.eastmoney.com/ifdata/kcsj.html
2026-08-03,RU,148310.0,,交易所披露单位,OK,东方财富期货库存数据,https://data.eastmoney.com/ifdata/kcsj.html
2026-08-04,RU,148060.0,-250.0,交易所披露单位,OK,东方财富期货库存数据,https://data.eastmoney.com/ifdata/kcsj.html
2026-08-05,RU,148000.0,-60.0,交易所披露单位,OK,东方财富期货库存数据,https://data.eastmoney.com/ifdata/kcsj.html
2026-08-06,RU,147930.0,-70.0,交易所披露单位,OK,东方财富期货库存数据,https://data.eastmoney.com/ifdata/kcsj.html
2026-08-07,RU,147890.0,-40.0,交易所披露单位,OK,东方财富期货库存数据,https://data.eastmoney.com/ifdata/kcsj.html
2026-08-10,RU,147850.0,-40.0,交易所披露单位,OK,东方财富期货库存数据,https://data.eastmoney.com/ifdata/kcsj.html
2026-08-11,RU,147830.0,-20.0,交易所披露单位,OK,东方财富期货库存数据,https://data.eastmoney.com/ifdata/kcsj.html
2026-08-12,RU,147800.0,-30.0,交易所披露单位,OK,东方财富期货库存数据,https://data.eastmoney.com/ifdata/kcsj.html
2026-08-13,RU,147740.0,-60.0,交易所披露单位,OK,东方财富期货库存数据,https://data.eastmoney.com/ifdata/kcsj.html
2026-08-14,RU,147480.0,-260.0,交易所披露单位,OK,东方财富期货库存数据,https://data.eastmoney.com/ifdata/kcsj.html
2026-08-17,RU,147300.0,-180.0,交易所披露单位,OK,东方财富期货库存数据,https://data.eastmoney.com/ifdata/kcsj.html
2026-07-07,SA,4399.0,-1355.0,交易所披露单位,OK,东方财富期货库存数据,https://data.eastmoney.com/ifdata/kcsj.html
2026-07-08,SA,4001.0,-398.0,交易所披露单位,OK,东方财富期货库存数据,https://data.eastmoney.com/ifdata/kcsj.html
2026-07-09,SA,3860.0,-141.0,交易所披露单位,OK,东方财富期货库存数据,https://data.eastmoney.com/ifdata/kcsj.html
2026-07-10,SA,3760.0,-100.0,交易所披露单位,OK,东方财富期货库存数据,https://data.eastmoney.com/ifdata/kcsj.html
2026-07-13,SA,3640.0,-120.0,交易所披露单位,OK,东方财富期货库存数据,https://data.eastmoney.com/ifdata/kcsj.html
2026-07-14,SA,3315.0,-325.0,交易所披露单位,OK,东方财富期货库存数据,https://data.eastmoney.com/ifdata/kcsj.html
2026-07-15,SA,3297.0,-18.0,交易所披露单位,OK,东方财富期货库存数据,https://data.eastmoney.com/ifdata/kcsj.html
2026-07-16,SA,3297.0,,交易所披露单位,OK,东方财富期货库存数据,https://data.eastmoney.com/ifdata/kcsj.html
2026-07-17,SA,110.0,-3187.0,交易所披露单位,OK,东方财富期货库存数据,https://data.eastmoney.com/ifdata/kcsj.html
2026-07-20,SA,,-110.0,交易所披露单位,OK,东方财富期货库存数据,https://data.eastmoney.com/ifdata/kcsj.html
2026-07-21,SA,,,交易所披露单位,OK,东方财富期货库存数据,https://data.eastmoney.com/ifdata/kcsj.html
2026-07-22,SA,1560.0,1560.0,交易所披露单位,OK,东方财富期货库存数据,https://data.eastmoney.com/ifdata/kcsj.html
2026-07-23,SA,2360.0,800.0,交易所披露单位,OK,东方财富期货库存数据,https://data.eastmoney.com/ifdata/kcsj.html
2026-07-24,SA,2766.0,406.0,交易所披露单位,OK,东方财富期货库存数据,https://data.eastmoney.com/ifdata/kcsj.html
2026-07-27,SA,2766.0,,交易所披露单位,OK,东方财富期货库存数据,https://data.eastmoney.com/ifdata/kcsj.html
2026-07-28,SA,3216.0,450.0,交易所披露单位,OK,东方财富期货库存数据,https://data.eastmoney.com/ifdata/kcsj.html
2026-07-29,SA,5109.0,1893.0,交易所披露单位,OK,东方财富期货库存数据,https://data.eastmoney.com/ifdata/kcsj.html
2026-07-30,SA,5150.0,41.0,交易所披露单位,OK,东方财富期货库存数据,https://data.eastmoney.com/ifdata/kcsj.html
2026-07-31,SA,6206.0,1056.0,交易所披露单位,OK,东方财富期货库存数据,https://data.eastmoney.com/ifdata/kcsj.html
2026-08-03,SA,6192.0,-14.0,交易所披露单位,OK,东方财富期货库存数据,https://data.eastmoney.com/ifdata/kcsj.html
2026-08-04,SA,6192.0,,交易所披露单位,OK,东方财富期货库存数据,https://data.eastmoney.com/ifdata/kcsj.html
2026-08-05,SA,6286.0,94.0,交易所披露单位,OK,东方财富期货库存数据,https://data.eastmoney.com/ifdata/kcsj.html
2026-08-06,SA,7336.0,1050.0,交易所披露单位,OK,东方财富期货库存数据,https://data.eastmoney.com/ifdata/kcsj.html
2026-08-07,SA,6133.0,-1203.0,交易所披露单位,OK,东方财富期货库存数据,https://data.eastmoney.com/ifdata/kcsj.html
2026-08-10,SA,5333.0,-800.0,交易所披露单位,OK,东方财富期货库存数据,https://data.eastmoney.com/ifdata/kcsj.html
2026-08-11,SA,6037.0,704.0,交易所披露单位,OK,东方财富期货库存数据,https://data.eastmoney.com/ifdata/kcsj.html
2026-08-12,SA,5993.0,-44.0,交易所披露单位,OK,东方财富期货库存数据,https://data.eastmoney.com/ifdata/kcsj.html
2026-08-13,SA,5940.0,-53.0,交易所披露单位,OK,东方财富期货库存数据,https://data.eastmoney.com/ifdata/kcsj.html
2026-08-14,SA,5940.0,,交易所披露单位,OK,东方财富期货库存数据,https://data.eastmoney.com/ifdata/kcsj.html
2026-08-17,SA,5280.0,-660.0,交易所披露单位,OK,东方财富期货库存数据,https://data.eastmoney.com/ifdata/kcsj.html
2026-07-07,SF,2476.0,-95.0,交易所披露单位,OK,东方财富期货库存数据,https://data.eastmoney.com/ifdata/kcsj.html
2026-07-08,SF,4395.0,1919.0,交易所披露单位,OK,东方财富期货库存数据,https://data.eastmoney.com/ifdata/kcsj.html
2026-07-09,SF,5442.0,1047.0,交易所披露单位,OK,东方财富期货库存数据,https://data.eastmoney.com/ifdata/kcsj.html
2026-07-10,SF,5242.0,-200.0,交易所披露单位,OK,东方财富期货库存数据,https://data.eastmoney.com/ifdata/kcsj.html
2026-07-13,SF,5346.0,104.0,交易所披露单位,OK,东方财富期货库存数据,https://data.eastmoney.com/ifdata/kcsj.html
2026-07-14,SF,5516.0,170.0,交易所披露单位,OK,东方财富期货库存数据,https://data.eastmoney.com/ifdata/kcsj.html
2026-07-15,SF,5376.0,-140.0,交易所披露单位,OK,东方财富期货库存数据,https://data.eastmoney.com/ifdata/kcsj.html
2026-07-16,SF,5376.0,,交易所披露单位,OK,东方财富期货库存数据,https://data.eastmoney.com/ifdata/kcsj.html
2026-07-17,SF,5122.0,-254.0,交易所披露单位,OK,东方财富期货库存数据,https://data.eastmoney.com/ifdata/kcsj.html
2026-07-20,SF,5122.0,,交易所披露单位,OK,东方财富期货库存数据,https://data.eastmoney.com/ifdata/kcsj.html
2026-07-21,SF,4855.0,-267.0,交易所披露单位,OK,东方财富期货库存数据,https://data.eastmoney.com/ifdata/kcsj.html
2026-07-22,SF,4744.0,-111.0,交易所披露单位,OK,东方财富期货库存数据,https://data.eastmoney.com/ifdata/kcsj.html
2026-07-23,SF,4744.0,,交易所披露单位,OK,东方财富期货库存数据,https://data.eastmoney.com/ifdata/kcsj.html
2026-07-24,SF,4645.0,-99.0,交易所披露单位,OK,东方财富期货库存数据,https://data.eastmoney.com/ifdata/kcsj.html
2026-07-27,SF,4603.0,-42.0,交易所披露单位,OK,东方财富期货库存数据,https://data.eastmoney.com/ifdata/kcsj.html
2026-07-28,SF,4458.0,-145.0,交易所披露单位,OK,东方财富期货库存数据,https://data.eastmoney.com/ifdata/kcsj.html
2026-07-29,SF,4458.0,,交易所披露单位,OK,东方财富期货库存数据,https://data.eastmoney.com/ifdata/kcsj.html
2026-07-30,SF,4417.0,-41.0,交易所披露单位,OK,东方财富期货库存数据,https://data.eastmoney.com/ifdata/kcsj.html
2026-07-31,SF,4343.0,-74.0,交易所披露单位,OK,东方财富期货库存数据,https://data.eastmoney.com/ifdata/kcsj.html
2026-08-03,SF,4151.0,-192.0,交易所披露单位,OK,东方财富期货库存数据,https://data.eastmoney.com/ifdata/kcsj.html
2026-08-04,SF,4097.0,-54.0,交易所披露单位,OK,东方财富期货库存数据,https://data.eastmoney.com/ifdata/kcsj.html
2026-08-05,SF,3977.0,-120.0,交易所披露单位,OK,东方财富期货库存数据,https://data.eastmoney.com/ifdata/kcsj.html
2026-08-06,SF,3834.0,-143.0,交易所披露单位,OK,东方财富期货库存数据,https://data.eastmoney.com/ifdata/kcsj.html
2026-08-07,SF,3674.0,-160.0,交易所披露单位,OK,东方财富期货库存数据,https://data.eastmoney.com/ifdata/kcsj.html
2026-08-10,SF,3674.0,,交易所披露单位,OK,东方财富期货库存数据,https://data.eastmoney.com/ifdata/kcsj.html
2026-08-11,SF,3730.0,56.0,交易所披露单位,OK,东方财富期货库存数据,https://data.eastmoney.com/ifdata/kcsj.html
2026-08-12,SF,4564.0,834.0,交易所披露单位,OK,东方财富期货库存数据,https://data.eastmoney.com/ifdata/kcsj.html
2026-08-13,SF,4540.0,-24.0,交易所披露单位,OK,东方财富期货库存数据,https://data.eastmoney.com/ifdata/kcsj.html
2026-08-14,SF,4489.0,-51.0,交易所披露单位,OK,东方财富期货库存数据,https://data.eastmoney.com/ifdata/kcsj.html
2026-08-17,SF,4449.0,-40.0,交易所披露单位,OK,东方财富期货库存数据,https://data.eastmoney.com/ifdata/kcsj.html
2026-07-07,SH,243.0,-39.0,交易所披露单位,OK,东方财富期货库存数据,https://data.eastmoney.com/ifdata/kcsj.html
2026-07-08,SH,47.0,-196.0,交易所披露单位,OK,东方财富期货库存数据,https://data.eastmoney.com/ifdata/kcsj.html
2026-07-09,SH,108.0,61.0,交易所披露单位,OK,东方财富期货库存数据,https://data.eastmoney.com/ifdata/kcsj.html
2026-07-10,SH,108.0,,交易所披露单位,OK,东方财富期货库存数据,https://data.eastmoney.com/ifdata/kcsj.html
2026-07-13,SH,108.0,,交易所披露单位,OK,东方财富期货库存数据,https://data.eastmoney.com/ifdata/kcsj.html
2026-07-14,SH,13.0,-95.0,交易所披露单位,OK,东方财富期货库存数据,https://data.eastmoney.com/ifdata/kcsj.html
2026-07-15,SH,,-13.0,交易所披露单位,OK,东方财富期货库存数据,https://data.eastmoney.com/ifdata/kcsj.html
2026-07-16,SH,,,交易所披露单位,OK,东方财富期货库存数据,https://data.eastmoney.com/ifdata/kcsj.html
2026-07-17,SH,,,交易所披露单位,OK,东方财富期货库存数据,https://data.eastmoney.com/ifdata/kcsj.html
2026-07-20,SH,,,交易所披露单位,OK,东方财富期货库存数据,https://data.eastmoney.com/ifdata/kcsj.html
2026-07-21,SH,,,交易所披露单位,OK,东方财富期货库存数据,https://data.eastmoney.com/ifdata/kcsj.html
2026-07-22,SH,,,交易所披露单位,OK,东方财富期货库存数据,https://data.eastmoney.com/ifdata/kcsj.html
2026-07-23,SH,,,交易所披露单位,OK,东方财富期货库存数据,https://data.eastmoney.com/ifdata/kcsj.html
2026-07-24,SH,,,交易所披露单位,OK,东方财富期货库存数据,https://data.eastmoney.com/ifdata/kcsj.html
2026-07-27,SH,,,交易所披露单位,OK,东方财富期货库存数据,https://data.eastmoney.com/ifdata/kcsj.html
2026-07-28,SH,,,交易所披露单位,OK,东方财富期货库存数据,https://data.eastmoney.com/ifdata/kcsj.html
2026-07-29,SH,,,交易所披露单位,OK,东方财富期货库存数据,https://data.eastmoney.com/ifdata/kcsj.html
2026-07-30,SH,330.0,330.0,交易所披露单位,OK,东方财富期货库存数据,https://data.eastmoney.com/ifdata/kcsj.html
2026-07-31,SH,385.0,55.0,交易所披露单位,OK,东方财富期货库存数据,https://data.eastmoney.com/ifdata/kcsj.html
2026-08-03,SH,635.0,250.0,交易所披露单位,OK,东方财富期货库存数据,https://data.eastmoney.com/ifdata/kcsj.html
2026-08-04,SH,635.0,,交易所披露单位,OK,东方财富期货库存数据,https://data.eastmoney.com/ifdata/kcsj.html
2026-08-05,SH,540.0,-95.0,交易所披露单位,OK,东方财富期货库存数据,https://data.eastmoney.com/ifdata/kcsj.html
2026-08-06,SH,680.0,140.0,交易所披露单位,OK,东方财富期货库存数据,https://data.eastmoney.com/ifdata/kcsj.html
2026-08-07,SH,680.0,,交易所披露单位,OK,东方财富期货库存数据,https://data.eastmoney.com/ifdata/kcsj.html
2026-08-10,SH,580.0,-100.0,交易所披露单位,OK,东方财富期货库存数据,https://data.eastmoney.com/ifdata/kcsj.html
2026-08-11,SH,583.0,3.0,交易所披露单位,OK,东方财富期货库存数据,https://data.eastmoney.com/ifdata/kcsj.html
2026-08-12,SH,583.0,,交易所披露单位,OK,东方财富期货库存数据,https://data.eastmoney.com/ifdata/kcsj.html
2026-08-13,SH,508.0,-75.0,交易所披露单位,OK,东方财富期货库存数据,https://data.eastmoney.com/ifdata/kcsj.html
2026-08-14,SH,488.0,-20.0,交易所披露单位,OK,东方财富期货库存数据,https://data.eastmoney.com/ifdata/kcsj.html
2026-08-17,SH,468.0,-20.0,交易所披露单位,OK,东方财富期货库存数据,https://data.eastmoney.com/ifdata/kcsj.html
2026-07-07,SI,31793.0,48.0,交易所披露单位,OK,东方财富期货库存数据,https://data.eastmoney.com/ifdata/kcsj.html
2026-07-08,SI,31886.0,93.0,交易所披露单位,OK,东方财富期货库存数据,https://data.eastmoney.com/ifdata/kcsj.html
2026-07-09,SI,32018.0,132.0,交易所披露单位,OK,东方财富期货库存数据,https://data.eastmoney.com/ifdata/kcsj.html
2026-07-10,SI,32025.0,7.0,交易所披露单位,OK,东方财富期货库存数据,https://data.eastmoney.com/ifdata/kcsj.html
2026-07-13,SI,31921.0,-104.0,交易所披露单位,OK,东方财富期货库存数据,https://data.eastmoney.com/ifdata/kcsj.html
2026-07-14,SI,32207.0,286.0,交易所披露单位,OK,东方财富期货库存数据,https://data.eastmoney.com/ifdata/kcsj.html
2026-07-15,SI,32207.0,,交易所披露单位,OK,东方财富期货库存数据,https://data.eastmoney.com/ifdata/kcsj.html
2026-07-16,SI,32207.0,,交易所披露单位,OK,东方财富期货库存数据,https://data.eastmoney.com/ifdata/kcsj.html
2026-07-17,SI,32097.0,-110.0,交易所披露单位,OK,东方财富期货库存数据,https://data.eastmoney.com/ifdata/kcsj.html
2026-07-20,SI,32243.0,146.0,交易所披露单位,OK,东方财富期货库存数据,https://data.eastmoney.com/ifdata/kcsj.html
2026-07-21,SI,32448.0,205.0,交易所披露单位,OK,东方财富期货库存数据,https://data.eastmoney.com/ifdata/kcsj.html
2026-07-22,SI,32406.0,-42.0,交易所披露单位,OK,东方财富期货库存数据,https://data.eastmoney.com/ifdata/kcsj.html
2026-07-23,SI,32406.0,,交易所披露单位,OK,东方财富期货库存数据,https://data.eastmoney.com/ifdata/kcsj.html
2026-07-24,SI,32406.0,,交易所披露单位,OK,东方财富期货库存数据,https://data.eastmoney.com/ifdata/kcsj.html
2026-07-27,SI,32406.0,,交易所披露单位,OK,东方财富期货库存数据,https://data.eastmoney.com/ifdata/kcsj.html
2026-07-28,SI,32334.0,-72.0,交易所披露单位,OK,东方财富期货库存数据,https://data.eastmoney.com/ifdata/kcsj.html
2026-07-29,SI,32308.0,-26.0,交易所披露单位,OK,东方财富期货库存数据,https://data.eastmoney.com/ifdata/kcsj.html
2026-07-30,SI,32302.0,-6.0,交易所披露单位,OK,东方财富期货库存数据,https://data.eastmoney.com/ifdata/kcsj.html
2026-07-31,SI,32286.0,-16.0,交易所披露单位,OK,东方财富期货库存数据,https://data.eastmoney.com/ifdata/kcsj.html
2026-08-03,SI,32286.0,,交易所披露单位,OK,东方财富期货库存数据,https://data.eastmoney.com/ifdata/kcsj.html
2026-08-04,SI,32253.0,-33.0,交易所披露单位,OK,东方财富期货库存数据,https://data.eastmoney.com/ifdata/kcsj.html
2026-08-05,SI,32763.0,510.0,交易所披露单位,OK,东方财富期货库存数据,https://data.eastmoney.com/ifdata/kcsj.html
2026-08-06,SI,33123.0,360.0,交易所披露单位,OK,东方财富期货库存数据,https://data.eastmoney.com/ifdata/kcsj.html
2026-08-07,SI,33103.0,-20.0,交易所披露单位,OK,东方财富期货库存数据,https://data.eastmoney.com/ifdata/kcsj.html
2026-08-10,SI,33103.0,,交易所披露单位,OK,东方财富期货库存数据,https://data.eastmoney.com/ifdata/kcsj.html
2026-08-11,SI,33103.0,,交易所披露单位,OK,东方财富期货库存数据,https://data.eastmoney.com/ifdata/kcsj.html
2026-08-12,SI,33103.0,,交易所披露单位,OK,东方财富期货库存数据,https://data.eastmoney.com/ifdata/kcsj.html
2026-08-13,SI,33103.0,,交易所披露单位,OK,东方财富期货库存数据,https://data.eastmoney.com/ifdata/kcsj.html
2026-08-14,SI,33223.0,120.0,交易所披露单位,OK,东方财富期货库存数据,https://data.eastmoney.com/ifdata/kcsj.html
2026-08-17,SI,33223.0,,交易所披露单位,OK,东方财富期货库存数据,https://data.eastmoney.com/ifdata/kcsj.html
2026-07-07,SM,75575.0,-488.0,交易所披露单位,OK,东方财富期货库存数据,https://data.eastmoney.com/ifdata/kcsj.html
2026-07-08,SM,75030.0,-545.0,交易所披露单位,OK,东方财富期货库存数据,https://data.eastmoney.com/ifdata/kcsj.html
2026-07-09,SM,77408.0,2378.0,交易所披露单位,OK,东方财富期货库存数据,https://data.eastmoney.com/ifdata/kcsj.html
2026-07-10,SM,77128.0,-280.0,交易所披露单位,OK,东方财富期货库存数据,https://data.eastmoney.com/ifdata/kcsj.html
2026-07-13,SM,76922.0,-206.0,交易所披露单位,OK,东方财富期货库存数据,https://data.eastmoney.com/ifdata/kcsj.html
2026-07-14,SM,76766.0,-156.0,交易所披露单位,OK,东方财富期货库存数据,https://data.eastmoney.com/ifdata/kcsj.html
2026-07-15,SM,75863.0,-903.0,交易所披露单位,OK,东方财富期货库存数据,https://data.eastmoney.com/ifdata/kcsj.html
2026-07-16,SM,75517.0,-346.0,交易所披露单位,OK,东方财富期货库存数据,https://data.eastmoney.com/ifdata/kcsj.html
2026-07-17,SM,75140.0,-377.0,交易所披露单位,OK,东方财富期货库存数据,https://data.eastmoney.com/ifdata/kcsj.html
2026-07-20,SM,75696.0,556.0,交易所披露单位,OK,东方财富期货库存数据,https://data.eastmoney.com/ifdata/kcsj.html
2026-07-21,SM,75155.0,-541.0,交易所披露单位,OK,东方财富期货库存数据,https://data.eastmoney.com/ifdata/kcsj.html
2026-07-22,SM,74273.0,-882.0,交易所披露单位,OK,东方财富期货库存数据,https://data.eastmoney.com/ifdata/kcsj.html
2026-07-23,SM,73501.0,-772.0,交易所披露单位,OK,东方财富期货库存数据,https://data.eastmoney.com/ifdata/kcsj.html
2026-07-24,SM,71651.0,-1850.0,交易所披露单位,OK,东方财富期货库存数据,https://data.eastmoney.com/ifdata/kcsj.html
2026-07-27,SM,70659.0,-992.0,交易所披露单位,OK,东方财富期货库存数据,https://data.eastmoney.com/ifdata/kcsj.html
2026-07-28,SM,70519.0,-140.0,交易所披露单位,OK,东方财富期货库存数据,https://data.eastmoney.com/ifdata/kcsj.html
2026-07-29,SM,71788.0,1269.0,交易所披露单位,OK,东方财富期货库存数据,https://data.eastmoney.com/ifdata/kcsj.html
2026-07-30,SM,70624.0,-1164.0,交易所披露单位,OK,东方财富期货库存数据,https://data.eastmoney.com/ifdata/kcsj.html
2026-07-31,SM,70803.0,179.0,交易所披露单位,OK,东方财富期货库存数据,https://data.eastmoney.com/ifdata/kcsj.html
2026-08-03,SM,68261.0,-2542.0,交易所披露单位,OK,东方财富期货库存数据,https://data.eastmoney.com/ifdata/kcsj.html
2026-08-04,SM,66715.0,-1546.0,交易所披露单位,OK,东方财富期货库存数据,https://data.eastmoney.com/ifdata/kcsj.html
2026-08-05,SM,65754.0,-961.0,交易所披露单位,OK,东方财富期货库存数据,https://data.eastmoney.com/ifdata/kcsj.html
2026-08-06,SM,67578.0,1824.0,交易所披露单位,OK,东方财富期货库存数据,https://data.eastmoney.com/ifdata/kcsj.html
2026-08-07,SM,67109.0,-469.0,交易所披露单位,OK,东方财富期货库存数据,https://data.eastmoney.com/ifdata/kcsj.html
2026-08-10,SM,66578.0,-531.0,交易所披露单位,OK,东方财富期货库存数据,https://data.eastmoney.com/ifdata/kcsj.html
2026-08-11,SM,65858.0,-720.0,交易所披露单位,OK,东方财富期货库存数据,https://data.eastmoney.com/ifdata/kcsj.html
2026-08-12,SM,65604.0,-254.0,交易所披露单位,OK,东方财富期货库存数据,https://data.eastmoney.com/ifdata/kcsj.html
2026-08-13,SM,65186.0,-418.0,交易所披露单位,OK,东方财富期货库存数据,https://data.eastmoney.com/ifdata/kcsj.html
2026-08-14,SM,64675.0,-511.0,交易所披露单位,OK,东方财富期货库存数据,https://data.eastmoney.com/ifdata/kcsj.html
2026-08-17,SM,63397.0,-1278.0,交易所披露单位,OK,东方财富期货库存数据,https://data.eastmoney.com/ifdata/kcsj.html
2026-07-07,SN,4907.0,-49.0,交易所披露单位,OK,东方财富期货库存数据,https://data.eastmoney.com/ifdata/kcsj.html
2026-07-08,SN,4861.0,-46.0,交易所披露单位,OK,东方财富期货库存数据,https://data.eastmoney.com/ifdata/kcsj.html
2026-07-09,SN,4791.0,-70.0,交易所披露单位,OK,东方财富期货库存数据,https://data.eastmoney.com/ifdata/kcsj.html
2026-07-10,SN,4861.0,70.0,交易所披露单位,OK,东方财富期货库存数据,https://data.eastmoney.com/ifdata/kcsj.html
2026-07-13,SN,4981.0,120.0,交易所披露单位,OK,东方财富期货库存数据,https://data.eastmoney.com/ifdata/kcsj.html
2026-07-14,SN,4873.0,-108.0,交易所披露单位,OK,东方财富期货库存数据,https://data.eastmoney.com/ifdata/kcsj.html
2026-07-15,SN,4892.0,19.0,交易所披露单位,OK,东方财富期货库存数据,https://data.eastmoney.com/ifdata/kcsj.html
2026-07-16,SN,4804.0,-88.0,交易所披露单位,OK,东方财富期货库存数据,https://data.eastmoney.com/ifdata/kcsj.html
2026-07-17,SN,4521.0,-283.0,交易所披露单位,OK,东方财富期货库存数据,https://data.eastmoney.com/ifdata/kcsj.html
2026-07-20,SN,4296.0,-225.0,交易所披露单位,OK,东方财富期货库存数据,https://data.eastmoney.com/ifdata/kcsj.html
2026-07-21,SN,4290.0,-6.0,交易所披露单位,OK,东方财富期货库存数据,https://data.eastmoney.com/ifdata/kcsj.html
2026-07-22,SN,4268.0,-22.0,交易所披露单位,OK,东方财富期货库存数据,https://data.eastmoney.com/ifdata/kcsj.html
2026-07-23,SN,4365.0,97.0,交易所披露单位,OK,东方财富期货库存数据,https://data.eastmoney.com/ifdata/kcsj.html
2026-07-24,SN,4322.0,-43.0,交易所披露单位,OK,东方财富期货库存数据,https://data.eastmoney.com/ifdata/kcsj.html
2026-07-27,SN,4459.0,137.0,交易所披露单位,OK,东方财富期货库存数据,https://data.eastmoney.com/ifdata/kcsj.html
2026-07-28,SN,4379.0,-80.0,交易所披露单位,OK,东方财富期货库存数据,https://data.eastmoney.com/ifdata/kcsj.html
2026-07-29,SN,4302.0,-77.0,交易所披露单位,OK,东方财富期货库存数据,https://data.eastmoney.com/ifdata/kcsj.html
2026-07-30,SN,4353.0,51.0,交易所披露单位,OK,东方财富期货库存数据,https://data.eastmoney.com/ifdata/kcsj.html
2026-07-31,SN,4341.0,-12.0,交易所披露单位,OK,东方财富期货库存数据,https://data.eastmoney.com/ifdata/kcsj.html
2026-08-03,SN,4451.0,110.0,交易所披露单位,OK,东方财富期货库存数据,https://data.eastmoney.com/ifdata/kcsj.html
2026-08-04,SN,4481.0,30.0,交易所披露单位,OK,东方财富期货库存数据,https://data.eastmoney.com/ifdata/kcsj.html
2026-08-05,SN,4698.0,217.0,交易所披露单位,OK,东方财富期货库存数据,https://data.eastmoney.com/ifdata/kcsj.html
2026-08-06,SN,4732.0,34.0,交易所披露单位,OK,东方财富期货库存数据,https://data.eastmoney.com/ifdata/kcsj.html
2026-08-07,SN,4848.0,116.0,交易所披露单位,OK,东方财富期货库存数据,https://data.eastmoney.com/ifdata/kcsj.html
2026-08-10,SN,5126.0,278.0,交易所披露单位,OK,东方财富期货库存数据,https://data.eastmoney.com/ifdata/kcsj.html
2026-08-11,SN,5063.0,-63.0,交易所披露单位,OK,东方财富期货库存数据,https://data.eastmoney.com/ifdata/kcsj.html
2026-08-12,SN,5199.0,136.0,交易所披露单位,OK,东方财富期货库存数据,https://data.eastmoney.com/ifdata/kcsj.html
2026-08-13,SN,5128.0,-71.0,交易所披露单位,OK,东方财富期货库存数据,https://data.eastmoney.com/ifdata/kcsj.html
2026-08-14,SN,5452.0,324.0,交易所披露单位,OK,东方财富期货库存数据,https://data.eastmoney.com/ifdata/kcsj.html
2026-08-17,SN,5527.0,75.0,交易所披露单位,OK,东方财富期货库存数据,https://data.eastmoney.com/ifdata/kcsj.html
2026-07-07,SP,288584.0,2417.0,交易所披露单位,OK,东方财富期货库存数据,https://data.eastmoney.com/ifdata/kcsj.html
2026-07-08,SP,290372.0,1788.0,交易所披露单位,OK,东方财富期货库存数据,https://data.eastmoney.com/ifdata/kcsj.html
2026-07-09,SP,293788.0,3416.0,交易所披露单位,OK,东方财富期货库存数据,https://data.eastmoney.com/ifdata/kcsj.html
2026-07-10,SP,297216.0,3428.0,交易所披露单位,OK,东方财富期货库存数据,https://data.eastmoney.com/ifdata/kcsj.html
2026-07-13,SP,303344.0,6128.0,交易所披露单位,OK,东方财富期货库存数据,https://data.eastmoney.com/ifdata/kcsj.html
2026-07-14,SP,309979.0,6635.0,交易所披露单位,OK,东方财富期货库存数据,https://data.eastmoney.com/ifdata/kcsj.html
2026-07-15,SP,315662.0,5683.0,交易所披露单位,OK,东方财富期货库存数据,https://data.eastmoney.com/ifdata/kcsj.html
2026-07-16,SP,317833.0,2171.0,交易所披露单位,OK,东方财富期货库存数据,https://data.eastmoney.com/ifdata/kcsj.html
2026-07-17,SP,312759.0,-5074.0,交易所披露单位,OK,东方财富期货库存数据,https://data.eastmoney.com/ifdata/kcsj.html
2026-07-20,SP,310147.0,-2612.0,交易所披露单位,OK,东方财富期货库存数据,https://data.eastmoney.com/ifdata/kcsj.html
2026-07-21,SP,313529.0,3382.0,交易所披露单位,OK,东方财富期货库存数据,https://data.eastmoney.com/ifdata/kcsj.html
2026-07-22,SP,319520.0,5991.0,交易所披露单位,OK,东方财富期货库存数据,https://data.eastmoney.com/ifdata/kcsj.html
2026-07-23,SP,319520.0,,交易所披露单位,OK,东方财富期货库存数据,https://data.eastmoney.com/ifdata/kcsj.html
2026-07-24,SP,322488.0,2968.0,交易所披露单位,OK,东方财富期货库存数据,https://data.eastmoney.com/ifdata/kcsj.html
2026-07-27,SP,330382.0,7894.0,交易所披露单位,OK,东方财富期货库存数据,https://data.eastmoney.com/ifdata/kcsj.html
2026-07-28,SP,338646.0,8264.0,交易所披露单位,OK,东方财富期货库存数据,https://data.eastmoney.com/ifdata/kcsj.html
2026-07-29,SP,340665.0,2019.0,交易所披露单位,OK,东方财富期货库存数据,https://data.eastmoney.com/ifdata/kcsj.html
2026-07-30,SP,349308.0,8643.0,交易所披露单位,OK,东方财富期货库存数据,https://data.eastmoney.com/ifdata/kcsj.html
2026-07-31,SP,353067.0,3759.0,交易所披露单位,OK,东方财富期货库存数据,https://data.eastmoney.com/ifdata/kcsj.html
2026-08-03,SP,356739.0,3672.0,交易所披露单位,OK,东方财富期货库存数据,https://data.eastmoney.com/ifdata/kcsj.html
2026-08-04,SP,356739.0,,交易所披露单位,OK,东方财富期货库存数据,https://data.eastmoney.com/ifdata/kcsj.html
2026-08-05,SP,363362.0,6623.0,交易所披露单位,OK,东方财富期货库存数据,https://data.eastmoney.com/ifdata/kcsj.html
2026-08-06,SP,367365.0,4003.0,交易所披露单位,OK,东方财富期货库存数据,https://data.eastmoney.com/ifdata/kcsj.html
2026-08-07,SP,367365.0,,交易所披露单位,OK,东方财富期货库存数据,https://data.eastmoney.com/ifdata/kcsj.html
2026-08-10,SP,369664.0,2299.0,交易所披露单位,OK,东方财富期货库存数据,https://data.eastmoney.com/ifdata/kcsj.html
2026-08-11,SP,369664.0,,交易所披露单位,OK,东方财富期货库存数据,https://data.eastmoney.com/ifdata/kcsj.html
2026-08-12,SP,369664.0,,交易所披露单位,OK,东方财富期货库存数据,https://data.eastmoney.com/ifdata/kcsj.html
2026-08-13,SP,369231.0,-433.0,交易所披露单位,OK,东方财富期货库存数据,https://data.eastmoney.com/ifdata/kcsj.html
2026-08-14,SP,370235.0,1004.0,交易所披露单位,OK,东方财富期货库存数据,https://data.eastmoney.com/ifdata/kcsj.html
2026-08-17,SP,370235.0,,交易所披露单位,OK,东方财富期货库存数据,https://data.eastmoney.com/ifdata/kcsj.html
2026-07-07,SR,23678.0,,交易所披露单位,OK,东方财富期货库存数据,https://data.eastmoney.com/ifdata/kcsj.html
2026-07-08,SR,23970.0,292.0,交易所披露单位,OK,东方财富期货库存数据,https://data.eastmoney.com/ifdata/kcsj.html
2026-07-09,SR,24070.0,100.0,交易所披露单位,OK,东方财富期货库存数据,https://data.eastmoney.com/ifdata/kcsj.html
2026-07-10,SR,23983.0,-87.0,交易所披露单位,OK,东方财富期货库存数据,https://data.eastmoney.com/ifdata/kcsj.html
2026-07-13,SR,24985.0,1002.0,交易所披露单位,OK,东方财富期货库存数据,https://data.eastmoney.com/ifdata/kcsj.html
2026-07-14,SR,24935.0,-50.0,交易所披露单位,OK,东方财富期货库存数据,https://data.eastmoney.com/ifdata/kcsj.html
2026-07-15,SR,24935.0,,交易所披露单位,OK,东方财富期货库存数据,https://data.eastmoney.com/ifdata/kcsj.html
2026-07-16,SR,24911.0,-24.0,交易所披露单位,OK,东方财富期货库存数据,https://data.eastmoney.com/ifdata/kcsj.html
2026-07-17,SR,24797.0,-114.0,交易所披露单位,OK,东方财富期货库存数据,https://data.eastmoney.com/ifdata/kcsj.html
2026-07-20,SR,24692.0,-105.0,交易所披露单位,OK,东方财富期货库存数据,https://data.eastmoney.com/ifdata/kcsj.html
2026-07-21,SR,24689.0,-3.0,交易所披露单位,OK,东方财富期货库存数据,https://data.eastmoney.com/ifdata/kcsj.html
2026-07-22,SR,24685.0,-4.0,交易所披露单位,OK,东方财富期货库存数据,https://data.eastmoney.com/ifdata/kcsj.html
2026-07-23,SR,24644.0,-41.0,交易所披露单位,OK,东方财富期货库存数据,https://data.eastmoney.com/ifdata/kcsj.html
2026-07-24,SR,24601.0,-43.0,交易所披露单位,OK,东方财富期货库存数据,https://data.eastmoney.com/ifdata/kcsj.html
2026-07-27,SR,24595.0,-6.0,交易所披露单位,OK,东方财富期货库存数据,https://data.eastmoney.com/ifdata/kcsj.html
2026-07-28,SR,24415.0,-180.0,交易所披露单位,OK,东方财富期货库存数据,https://data.eastmoney.com/ifdata/kcsj.html
2026-07-29,SR,24125.0,-290.0,交易所披露单位,OK,东方财富期货库存数据,https://data.eastmoney.com/ifdata/kcsj.html
2026-07-30,SR,24071.0,-54.0,交易所披露单位,OK,东方财富期货库存数据,https://data.eastmoney.com/ifdata/kcsj.html
2026-07-31,SR,23951.0,-120.0,交易所披露单位,OK,东方财富期货库存数据,https://data.eastmoney.com/ifdata/kcsj.html
2026-08-03,SR,23844.0,-107.0,交易所披露单位,OK,东方财富期货库存数据,https://data.eastmoney.com/ifdata/kcsj.html
2026-08-04,SR,23704.0,-140.0,交易所披露单位,OK,东方财富期货库存数据,https://data.eastmoney.com/ifdata/kcsj.html
2026-08-05,SR,23704.0,,交易所披露单位,OK,东方财富期货库存数据,https://data.eastmoney.com/ifdata/kcsj.html
2026-08-06,SR,24499.0,795.0,交易所披露单位,OK,东方财富期货库存数据,https://data.eastmoney.com/ifdata/kcsj.html
2026-08-07,SR,24481.0,-18.0,交易所披露单位,OK,东方财富期货库存数据,https://data.eastmoney.com/ifdata/kcsj.html
2026-08-10,SR,24387.0,-94.0,交易所披露单位,OK,东方财富期货库存数据,https://data.eastmoney.com/ifdata/kcsj.html
2026-08-11,SR,24081.0,-306.0,交易所披露单位,OK,东方财富期货库存数据,https://data.eastmoney.com/ifdata/kcsj.html
2026-08-12,SR,23961.0,-120.0,交易所披露单位,OK,东方财富期货库存数据,https://data.eastmoney.com/ifdata/kcsj.html
2026-08-13,SR,23951.0,-10.0,交易所披露单位,OK,东方财富期货库存数据,https://data.eastmoney.com/ifdata/kcsj.html
2026-08-14,SR,23864.0,-87.0,交易所披露单位,OK,东方财富期货库存数据,https://data.eastmoney.com/ifdata/kcsj.html
2026-08-17,SR,23833.0,-31.0,交易所披露单位,OK,东方财富期货库存数据,https://data.eastmoney.com/ifdata/kcsj.html
2026-07-07,SS,94467.0,-1455.0,交易所披露单位,OK,东方财富期货库存数据,https://data.eastmoney.com/ifdata/kcsj.html
2026-07-08,SS,94049.0,-418.0,交易所披露单位,OK,东方财富期货库存数据,https://data.eastmoney.com/ifdata/kcsj.html
2026-07-09,SS,93674.0,-375.0,交易所披露单位,OK,东方财富期货库存数据,https://data.eastmoney.com/ifdata/kcsj.html
2026-07-10,SS,91475.0,-2199.0,交易所披露单位,OK,东方财富期货库存数据,https://data.eastmoney.com/ifdata/kcsj.html
2026-07-13,SS,90577.0,-898.0,交易所披露单位,OK,东方财富期货库存数据,https://data.eastmoney.com/ifdata/kcsj.html
2026-07-14,SS,90337.0,-240.0,交易所披露单位,OK,东方财富期货库存数据,https://data.eastmoney.com/ifdata/kcsj.html
2026-07-15,SS,89736.0,-601.0,交易所披露单位,OK,东方财富期货库存数据,https://data.eastmoney.com/ifdata/kcsj.html
2026-07-16,SS,89555.0,-181.0,交易所披露单位,OK,东方财富期货库存数据,https://data.eastmoney.com/ifdata/kcsj.html
2026-07-17,SS,89317.0,-238.0,交易所披露单位,OK,东方财富期货库存数据,https://data.eastmoney.com/ifdata/kcsj.html
2026-07-20,SS,85945.0,-3372.0,交易所披露单位,OK,东方财富期货库存数据,https://data.eastmoney.com/ifdata/kcsj.html
2026-07-21,SS,89347.0,3402.0,交易所披露单位,OK,东方财富期货库存数据,https://data.eastmoney.com/ifdata/kcsj.html
2026-07-22,SS,90703.0,1356.0,交易所披露单位,OK,东方财富期货库存数据,https://data.eastmoney.com/ifdata/kcsj.html
2026-07-23,SS,90703.0,,交易所披露单位,OK,东方财富期货库存数据,https://data.eastmoney.com/ifdata/kcsj.html
2026-07-24,SS,90703.0,,交易所披露单位,OK,东方财富期货库存数据,https://data.eastmoney.com/ifdata/kcsj.html
2026-07-27,SS,90644.0,-59.0,交易所披露单位,OK,东方财富期货库存数据,https://data.eastmoney.com/ifdata/kcsj.html
2026-07-28,SS,90411.0,-233.0,交易所披露单位,OK,东方财富期货库存数据,https://data.eastmoney.com/ifdata/kcsj.html
2026-07-29,SS,88597.0,-1814.0,交易所披露单位,OK,东方财富期货库存数据,https://data.eastmoney.com/ifdata/kcsj.html
2026-07-30,SS,88422.0,-175.0,交易所披露单位,OK,东方财富期货库存数据,https://data.eastmoney.com/ifdata/kcsj.html
2026-07-31,SS,88126.0,-296.0,交易所披露单位,OK,东方财富期货库存数据,https://data.eastmoney.com/ifdata/kcsj.html
2026-08-03,SS,87711.0,-415.0,交易所披露单位,OK,东方财富期货库存数据,https://data.eastmoney.com/ifdata/kcsj.html
2026-08-04,SS,87472.0,-239.0,交易所披露单位,OK,东方财富期货库存数据,https://data.eastmoney.com/ifdata/kcsj.html
2026-08-05,SS,86770.0,-702.0,交易所披露单位,OK,东方财富期货库存数据,https://data.eastmoney.com/ifdata/kcsj.html
2026-08-06,SS,86472.0,-298.0,交易所披露单位,OK,东方财富期货库存数据,https://data.eastmoney.com/ifdata/kcsj.html
2026-08-07,SS,85451.0,-1021.0,交易所披露单位,OK,东方财富期货库存数据,https://data.eastmoney.com/ifdata/kcsj.html
2026-08-10,SS,86651.0,1200.0,交易所披露单位,OK,东方财富期货库存数据,https://data.eastmoney.com/ifdata/kcsj.html
2026-08-11,SS,86342.0,-309.0,交易所披露单位,OK,东方财富期货库存数据,https://data.eastmoney.com/ifdata/kcsj.html
2026-08-12,SS,86170.0,-172.0,交易所披露单位,OK,东方财富期货库存数据,https://data.eastmoney.com/ifdata/kcsj.html
2026-08-13,SS,85925.0,-245.0,交易所披露单位,OK,东方财富期货库存数据,https://data.eastmoney.com/ifdata/kcsj.html
2026-08-14,SS,85199.0,-726.0,交易所披露单位,OK,东方财富期货库存数据,https://data.eastmoney.com/ifdata/kcsj.html
2026-08-17,SS,84849.0,-350.0,交易所披露单位,OK,东方财富期货库存数据,https://data.eastmoney.com/ifdata/kcsj.html
2026-07-07,TA,73918.0,-458.0,交易所披露单位,OK,东方财富期货库存数据,https://data.eastmoney.com/ifdata/kcsj.html
2026-07-08,TA,72520.0,-1398.0,交易所披露单位,OK,东方财富期货库存数据,https://data.eastmoney.com/ifdata/kcsj.html
2026-07-09,TA,72496.0,-24.0,交易所披露单位,OK,东方财富期货库存数据,https://data.eastmoney.com/ifdata/kcsj.html
2026-07-10,TA,72496.0,,交易所披露单位,OK,东方财富期货库存数据,https://data.eastmoney.com/ifdata/kcsj.html
2026-07-13,TA,71872.0,-624.0,交易所披露单位,OK,东方财富期货库存数据,https://data.eastmoney.com/ifdata/kcsj.html
2026-07-14,TA,70972.0,-900.0,交易所披露单位,OK,东方财富期货库存数据,https://data.eastmoney.com/ifdata/kcsj.html
2026-07-15,TA,69766.0,-1206.0,交易所披露单位,OK,东方财富期货库存数据,https://data.eastmoney.com/ifdata/kcsj.html
2026-07-16,TA,69766.0,,交易所披露单位,OK,东方财富期货库存数据,https://data.eastmoney.com/ifdata/kcsj.html
2026-07-17,TA,66592.0,-3174.0,交易所披露单位,OK,东方财富期货库存数据,https://data.eastmoney.com/ifdata/kcsj.html
2026-07-20,TA,66592.0,,交易所披露单位,OK,东方财富期货库存数据,https://data.eastmoney.com/ifdata/kcsj.html
2026-07-21,TA,66486.0,-106.0,交易所披露单位,OK,东方财富期货库存数据,https://data.eastmoney.com/ifdata/kcsj.html
2026-07-22,TA,64415.0,-2071.0,交易所披露单位,OK,东方财富期货库存数据,https://data.eastmoney.com/ifdata/kcsj.html
2026-07-23,TA,61619.0,-2796.0,交易所披露单位,OK,东方财富期货库存数据,https://data.eastmoney.com/ifdata/kcsj.html
2026-07-24,TA,55943.0,-5676.0,交易所披露单位,OK,东方财富期货库存数据,https://data.eastmoney.com/ifdata/kcsj.html
2026-07-27,TA,53381.0,-2562.0,交易所披露单位,OK,东方财富期货库存数据,https://data.eastmoney.com/ifdata/kcsj.html
2026-07-28,TA,52433.0,-948.0,交易所披露单位,OK,东方财富期货库存数据,https://data.eastmoney.com/ifdata/kcsj.html
2026-07-29,TA,50843.0,-1590.0,交易所披露单位,OK,东方财富期货库存数据,https://data.eastmoney.com/ifdata/kcsj.html
2026-07-30,TA,45745.0,-5098.0,交易所披露单位,OK,东方财富期货库存数据,https://data.eastmoney.com/ifdata/kcsj.html
2026-07-31,TA,40169.0,-5576.0,交易所披露单位,OK,东方财富期货库存数据,https://data.eastmoney.com/ifdata/kcsj.html
2026-08-03,TA,29501.0,-10668.0,交易所披露单位,OK,东方财富期货库存数据,https://data.eastmoney.com/ifdata/kcsj.html
2026-08-04,TA,26041.0,-3460.0,交易所披露单位,OK,东方财富期货库存数据,https://data.eastmoney.com/ifdata/kcsj.html
2026-08-05,TA,25033.0,-1008.0,交易所披露单位,OK,东方财富期货库存数据,https://data.eastmoney.com/ifdata/kcsj.html
2026-08-06,TA,24229.0,-804.0,交易所披露单位,OK,东方财富期货库存数据,https://data.eastmoney.com/ifdata/kcsj.html
2026-08-07,TA,23209.0,-1020.0,交易所披露单位,OK,东方财富期货库存数据,https://data.eastmoney.com/ifdata/kcsj.html
2026-08-10,TA,25387.0,2178.0,交易所披露单位,OK,东方财富期货库存数据,https://data.eastmoney.com/ifdata/kcsj.html
2026-08-11,TA,24979.0,-408.0,交易所披露单位,OK,东方财富期货库存数据,https://data.eastmoney.com/ifdata/kcsj.html
2026-08-12,TA,23773.0,-1206.0,交易所披露单位,OK,东方财富期货库存数据,https://data.eastmoney.com/ifdata/kcsj.html
2026-08-13,TA,23269.0,-504.0,交易所披露单位,OK,东方财富期货库存数据,https://data.eastmoney.com/ifdata/kcsj.html
2026-08-14,TA,22741.0,-528.0,交易所披露单位,OK,东方财富期货库存数据,https://data.eastmoney.com/ifdata/kcsj.html
2026-08-17,TA,18591.0,-4150.0,交易所披露单位,OK,东方财富期货库存数据,https://data.eastmoney.com/ifdata/kcsj.html
2026-07-07,UR,6352.0,2800.0,交易所披露单位,OK,东方财富期货库存数据,https://data.eastmoney.com/ifdata/kcsj.html
2026-07-08,UR,6352.0,,交易所披露单位,OK,东方财富期货库存数据,https://data.eastmoney.com/ifdata/kcsj.html
2026-07-09,UR,6602.0,250.0,交易所披露单位,OK,东方财富期货库存数据,https://data.eastmoney.com/ifdata/kcsj.html
2026-07-10,UR,6602.0,,交易所披露单位,OK,东方财富期货库存数据,https://data.eastmoney.com/ifdata/kcsj.html
2026-07-13,UR,6602.0,,交易所披露单位,OK,东方财富期货库存数据,https://data.eastmoney.com/ifdata/kcsj.html
2026-07-14,UR,6602.0,,交易所披露单位,OK,东方财富期货库存数据,https://data.eastmoney.com/ifdata/kcsj.html
2026-07-15,UR,6602.0,,交易所披露单位,OK,东方财富期货库存数据,https://data.eastmoney.com/ifdata/kcsj.html
2026-07-16,UR,6602.0,,交易所披露单位,OK,东方财富期货库存数据,https://data.eastmoney.com/ifdata/kcsj.html
2026-07-17,UR,6602.0,,交易所披露单位,OK,东方财富期货库存数据,https://data.eastmoney.com/ifdata/kcsj.html
2026-07-20,UR,6512.0,-90.0,交易所披露单位,OK,东方财富期货库存数据,https://data.eastmoney.com/ifdata/kcsj.html
2026-07-21,UR,6194.0,-318.0,交易所披露单位,OK,东方财富期货库存数据,https://data.eastmoney.com/ifdata/kcsj.html
2026-07-22,UR,6084.0,-110.0,交易所披露单位,OK,东方财富期货库存数据,https://data.eastmoney.com/ifdata/kcsj.html
2026-07-23,UR,6084.0,,交易所披露单位,OK,东方财富期货库存数据,https://data.eastmoney.com/ifdata/kcsj.html
2026-07-24,UR,6084.0,,交易所披露单位,OK,东方财富期货库存数据,https://data.eastmoney.com/ifdata/kcsj.html
2026-07-27,UR,6270.0,186.0,交易所披露单位,OK,东方财富期货库存数据,https://data.eastmoney.com/ifdata/kcsj.html
2026-07-28,UR,6270.0,,交易所披露单位,OK,东方财富期货库存数据,https://data.eastmoney.com/ifdata/kcsj.html
2026-07-29,UR,6763.0,493.0,交易所披露单位,OK,东方财富期货库存数据,https://data.eastmoney.com/ifdata/kcsj.html
2026-07-30,UR,6763.0,,交易所披露单位,OK,东方财富期货库存数据,https://data.eastmoney.com/ifdata/kcsj.html
2026-07-31,UR,6763.0,,交易所披露单位,OK,东方财富期货库存数据,https://data.eastmoney.com/ifdata/kcsj.html
2026-08-03,UR,5702.0,-1061.0,交易所披露单位,OK,东方财富期货库存数据,https://data.eastmoney.com/ifdata/kcsj.html
2026-08-04,UR,4643.0,-1059.0,交易所披露单位,OK,东方财富期货库存数据,https://data.eastmoney.com/ifdata/kcsj.html
2026-08-05,UR,4633.0,-10.0,交易所披露单位,OK,东方财富期货库存数据,https://data.eastmoney.com/ifdata/kcsj.html
2026-08-06,UR,4633.0,,交易所披露单位,OK,东方财富期货库存数据,https://data.eastmoney.com/ifdata/kcsj.html
2026-08-07,UR,4633.0,,交易所披露单位,OK,东方财富期货库存数据,https://data.eastmoney.com/ifdata/kcsj.html
2026-08-10,UR,4958.0,325.0,交易所披露单位,OK,东方财富期货库存数据,https://data.eastmoney.com/ifdata/kcsj.html
2026-08-11,UR,4958.0,,交易所披露单位,OK,东方财富期货库存数据,https://data.eastmoney.com/ifdata/kcsj.html
2026-08-12,UR,4958.0,,交易所披露单位,OK,东方财富期货库存数据,https://data.eastmoney.com/ifdata/kcsj.html
2026-08-13,UR,4958.0,,交易所披露单位,OK,东方财富期货库存数据,https://data.eastmoney.com/ifdata/kcsj.html
2026-08-14,UR,4858.0,-100.0,交易所披露单位,OK,东方财富期货库存数据,https://data.eastmoney.com/ifdata/kcsj.html
2026-08-17,UR,4858.0,,交易所披露单位,OK,东方财富期货库存数据,https://data.eastmoney.com/ifdata/kcsj.html
2026-07-07,V,114519.0,-188.0,交易所披露单位,OK,东方财富期货库存数据,https://data.eastmoney.com/ifdata/kcsj.html
2026-07-08,V,115053.0,534.0,交易所披露单位,OK,东方财富期货库存数据,https://data.eastmoney.com/ifdata/kcsj.html
2026-07-09,V,115153.0,100.0,交易所披露单位,OK,东方财富期货库存数据,https://data.eastmoney.com/ifdata/kcsj.html
2026-07-10,V,115711.0,558.0,交易所披露单位,OK,东方财富期货库存数据,https://data.eastmoney.com/ifdata/kcsj.html
2026-07-13,V,119469.0,3758.0,交易所披露单位,OK,东方财富期货库存数据,https://data.eastmoney.com/ifdata/kcsj.html
2026-07-14,V,119835.0,366.0,交易所披露单位,OK,东方财富期货库存数据,https://data.eastmoney.com/ifdata/kcsj.html
2026-07-15,V,119757.0,-78.0,交易所披露单位,OK,东方财富期货库存数据,https://data.eastmoney.com/ifdata/kcsj.html
2026-07-16,V,119757.0,,交易所披露单位,OK,东方财富期货库存数据,https://data.eastmoney.com/ifdata/kcsj.html
2026-07-17,V,119737.0,-20.0,交易所披露单位,OK,东方财富期货库存数据,https://data.eastmoney.com/ifdata/kcsj.html
2026-07-20,V,119424.0,-313.0,交易所披露单位,OK,东方财富期货库存数据,https://data.eastmoney.com/ifdata/kcsj.html
2026-07-21,V,119334.0,-90.0,交易所披露单位,OK,东方财富期货库存数据,https://data.eastmoney.com/ifdata/kcsj.html
2026-07-22,V,119184.0,-150.0,交易所披露单位,OK,东方财富期货库存数据,https://data.eastmoney.com/ifdata/kcsj.html
2026-07-23,V,119184.0,,交易所披露单位,OK,东方财富期货库存数据,https://data.eastmoney.com/ifdata/kcsj.html
2026-07-24,V,119128.0,-56.0,交易所披露单位,OK,东方财富期货库存数据,https://data.eastmoney.com/ifdata/kcsj.html
2026-07-27,V,119072.0,-56.0,交易所披露单位,OK,东方财富期货库存数据,https://data.eastmoney.com/ifdata/kcsj.html
2026-07-28,V,118957.0,-115.0,交易所披露单位,OK,东方财富期货库存数据,https://data.eastmoney.com/ifdata/kcsj.html
2026-07-29,V,118201.0,-756.0,交易所披露单位,OK,东方财富期货库存数据,https://data.eastmoney.com/ifdata/kcsj.html
2026-07-30,V,118234.0,33.0,交易所披露单位,OK,东方财富期货库存数据,https://data.eastmoney.com/ifdata/kcsj.html
2026-07-31,V,119274.0,1040.0,交易所披露单位,OK,东方财富期货库存数据,https://data.eastmoney.com/ifdata/kcsj.html
2026-08-03,V,119214.0,-60.0,交易所披露单位,OK,东方财富期货库存数据,https://data.eastmoney.com/ifdata/kcsj.html
2026-08-04,V,119188.0,-26.0,交易所披露单位,OK,东方财富期货库存数据,https://data.eastmoney.com/ifdata/kcsj.html
2026-08-05,V,119004.0,-184.0,交易所披露单位,OK,东方财富期货库存数据,https://data.eastmoney.com/ifdata/kcsj.html
2026-08-06,V,118942.0,-62.0,交易所披露单位,OK,东方财富期货库存数据,https://data.eastmoney.com/ifdata/kcsj.html
2026-08-07,V,118648.0,-294.0,交易所披露单位,OK,东方财富期货库存数据,https://data.eastmoney.com/ifdata/kcsj.html
2026-08-10,V,118556.0,-92.0,交易所披露单位,OK,东方财富期货库存数据,https://data.eastmoney.com/ifdata/kcsj.html
2026-08-11,V,118656.0,100.0,交易所披露单位,OK,东方财富期货库存数据,https://data.eastmoney.com/ifdata/kcsj.html
2026-08-12,V,118055.0,-601.0,交易所披露单位,OK,东方财富期货库存数据,https://data.eastmoney.com/ifdata/kcsj.html
2026-08-13,V,121079.0,3024.0,交易所披露单位,OK,东方财富期货库存数据,https://data.eastmoney.com/ifdata/kcsj.html
2026-08-14,V,121053.0,-26.0,交易所披露单位,OK,东方财富期货库存数据,https://data.eastmoney.com/ifdata/kcsj.html
2026-08-17,V,120991.0,-62.0,交易所披露单位,OK,东方财富期货库存数据,https://data.eastmoney.com/ifdata/kcsj.html
2026-07-07,Y,24864.0,,交易所披露单位,OK,东方财富期货库存数据,https://data.eastmoney.com/ifdata/kcsj.html
2026-07-08,Y,24864.0,,交易所披露单位,OK,东方财富期货库存数据,https://data.eastmoney.com/ifdata/kcsj.html
2026-07-09,Y,24864.0,,交易所披露单位,OK,东方财富期货库存数据,https://data.eastmoney.com/ifdata/kcsj.html
2026-07-10,Y,24764.0,-100.0,交易所披露单位,OK,东方财富期货库存数据,https://data.eastmoney.com/ifdata/kcsj.html
2026-07-13,Y,24764.0,,交易所披露单位,OK,东方财富期货库存数据,https://data.eastmoney.com/ifdata/kcsj.html
2026-07-14,Y,24614.0,-150.0,交易所披露单位,OK,东方财富期货库存数据,https://data.eastmoney.com/ifdata/kcsj.html
2026-07-15,Y,24593.0,-21.0,交易所披露单位,OK,东方财富期货库存数据,https://data.eastmoney.com/ifdata/kcsj.html
2026-07-16,Y,24464.0,-129.0,交易所披露单位,OK,东方财富期货库存数据,https://data.eastmoney.com/ifdata/kcsj.html
2026-07-17,Y,24464.0,,交易所披露单位,OK,东方财富期货库存数据,https://data.eastmoney.com/ifdata/kcsj.html
2026-07-20,Y,24464.0,,交易所披露单位,OK,东方财富期货库存数据,https://data.eastmoney.com/ifdata/kcsj.html
2026-07-21,Y,24464.0,,交易所披露单位,OK,东方财富期货库存数据,https://data.eastmoney.com/ifdata/kcsj.html
2026-07-22,Y,24464.0,,交易所披露单位,OK,东方财富期货库存数据,https://data.eastmoney.com/ifdata/kcsj.html
2026-07-23,Y,24464.0,,交易所披露单位,OK,东方财富期货库存数据,https://data.eastmoney.com/ifdata/kcsj.html
2026-07-24,Y,24264.0,-200.0,交易所披露单位,OK,东方财富期货库存数据,https://data.eastmoney.com/ifdata/kcsj.html
2026-07-27,Y,24264.0,,交易所披露单位,OK,东方财富期货库存数据,https://data.eastmoney.com/ifdata/kcsj.html
2026-07-28,Y,24264.0,,交易所披露单位,OK,东方财富期货库存数据,https://data.eastmoney.com/ifdata/kcsj.html
2026-07-29,Y,21164.0,-3100.0,交易所披露单位,OK,东方财富期货库存数据,https://data.eastmoney.com/ifdata/kcsj.html
2026-07-30,Y,15450.0,-5714.0,交易所披露单位,OK,东方财富期货库存数据,https://data.eastmoney.com/ifdata/kcsj.html
2026-07-31,Y,,-15450.0,交易所披露单位,OK,东方财富期货库存数据,https://data.eastmoney.com/ifdata/kcsj.html
2026-08-03,Y,1500.0,1500.0,交易所披露单位,OK,东方财富期货库存数据,https://data.eastmoney.com/ifdata/kcsj.html
2026-08-04,Y,10500.0,9000.0,交易所披露单位,OK,东方财富期货库存数据,https://data.eastmoney.com/ifdata/kcsj.html
2026-08-05,Y,14000.0,3500.0,交易所披露单位,OK,东方财富期货库存数据,https://data.eastmoney.com/ifdata/kcsj.html
2026-08-06,Y,14000.0,,交易所披露单位,OK,东方财富期货库存数据,https://data.eastmoney.com/ifdata/kcsj.html
2026-08-07,Y,16976.0,2976.0,交易所披露单位,OK,东方财富期货库存数据,https://data.eastmoney.com/ifdata/kcsj.html
2026-08-10,Y,16976.0,,交易所披露单位,OK,东方财富期货库存数据,https://data.eastmoney.com/ifdata/kcsj.html
2026-08-11,Y,18166.0,1190.0,交易所披露单位,OK,东方财富期货库存数据,https://data.eastmoney.com/ifdata/kcsj.html
2026-08-12,Y,18126.0,-40.0,交易所披露单位,OK,东方财富期货库存数据,https://data.eastmoney.com/ifdata/kcsj.html
2026-08-13,Y,18116.0,-10.0,交易所披露单位,OK,东方财富期货库存数据,https://data.eastmoney.com/ifdata/kcsj.html
2026-08-14,Y,21101.0,2985.0,交易所披露单位,OK,东方财富期货库存数据,https://data.eastmoney.com/ifdata/kcsj.html
2026-08-17,Y,21101.0,,交易所披露单位,OK,东方财富期货库存数据,https://data.eastmoney.com/ifdata/kcsj.html
2026-07-07,ZN,115918.0,626.0,交易所披露单位,OK,东方财富期货库存数据,https://data.eastmoney.com/ifdata/kcsj.html
2026-07-08,ZN,115893.0,-25.0,交易所披露单位,OK,东方财富期货库存数据,https://data.eastmoney.com/ifdata/kcsj.html
2026-07-09,ZN,116340.0,447.0,交易所披露单位,OK,东方财富期货库存数据,https://data.eastmoney.com/ifdata/kcsj.html
2026-07-10,ZN,117512.0,1172.0,交易所披露单位,OK,东方财富期货库存数据,https://data.eastmoney.com/ifdata/kcsj.html
2026-07-13,ZN,118689.0,1177.0,交易所披露单位,OK,东方财富期货库存数据,https://data.eastmoney.com/ifdata/kcsj.html
2026-07-14,ZN,120927.0,2238.0,交易所披露单位,OK,东方财富期货库存数据,https://data.eastmoney.com/ifdata/kcsj.html
2026-07-15,ZN,121317.0,390.0,交易所披露单位,OK,东方财富期货库存数据,https://data.eastmoney.com/ifdata/kcsj.html
2026-07-16,ZN,121467.0,150.0,交易所披露单位,OK,东方财富期货库存数据,https://data.eastmoney.com/ifdata/kcsj.html
2026-07-17,ZN,120849.0,-618.0,交易所披露单位,OK,东方财富期货库存数据,https://data.eastmoney.com/ifdata/kcsj.html
2026-07-20,ZN,121380.0,531.0,交易所披露单位,OK,东方财富期货库存数据,https://data.eastmoney.com/ifdata/kcsj.html
2026-07-21,ZN,119856.0,-1524.0,交易所披露单位,OK,东方财富期货库存数据,https://data.eastmoney.com/ifdata/kcsj.html
2026-07-22,ZN,119156.0,-700.0,交易所披露单位,OK,东方财富期货库存数据,https://data.eastmoney.com/ifdata/kcsj.html
2026-07-23,ZN,118633.0,-523.0,交易所披露单位,OK,东方财富期货库存数据,https://data.eastmoney.com/ifdata/kcsj.html
2026-07-24,ZN,117876.0,-757.0,交易所披露单位,OK,东方财富期货库存数据,https://data.eastmoney.com/ifdata/kcsj.html
2026-07-27,ZN,117704.0,-172.0,交易所披露单位,OK,东方财富期货库存数据,https://data.eastmoney.com/ifdata/kcsj.html
2026-07-28,ZN,117609.0,-95.0,交易所披露单位,OK,东方财富期货库存数据,https://data.eastmoney.com/ifdata/kcsj.html
2026-07-29,ZN,117307.0,-302.0,交易所披露单位,OK,东方财富期货库存数据,https://data.eastmoney.com/ifdata/kcsj.html
2026-07-30,ZN,117230.0,-77.0,交易所披露单位,OK,东方财富期货库存数据,https://data.eastmoney.com/ifdata/kcsj.html
2026-07-31,ZN,117106.0,-124.0,交易所披露单位,OK,东方财富期货库存数据,https://data.eastmoney.com/ifdata/kcsj.html
2026-08-03,ZN,115021.0,-2085.0,交易所披露单位,OK,东方财富期货库存数据,https://data.eastmoney.com/ifdata/kcsj.html
2026-08-04,ZN,115427.0,406.0,交易所披露单位,OK,东方财富期货库存数据,https://data.eastmoney.com/ifdata/kcsj.html
2026-08-05,ZN,112141.0,-3286.0,交易所披露单位,OK,东方财富期货库存数据,https://data.eastmoney.com/ifdata/kcsj.html
2026-08-06,ZN,111155.0,-986.0,交易所披露单位,OK,东方财富期货库存数据,https://data.eastmoney.com/ifdata/kcsj.html
2026-08-07,ZN,110157.0,-998.0,交易所披露单位,OK,东方财富期货库存数据,https://data.eastmoney.com/ifdata/kcsj.html
2026-08-10,ZN,109778.0,-379.0,交易所披露单位,OK,东方财富期货库存数据,https://data.eastmoney.com/ifdata/kcsj.html
2026-08-11,ZN,110325.0,547.0,交易所披露单位,OK,东方财富期货库存数据,https://data.eastmoney.com/ifdata/kcsj.html
2026-08-12,ZN,110721.0,396.0,交易所披露单位,OK,东方财富期货库存数据,https://data.eastmoney.com/ifdata/kcsj.html
2026-08-13,ZN,112960.0,2239.0,交易所披露单位,OK,东方财富期货库存数据,https://data.eastmoney.com/ifdata/kcsj.html
2026-08-14,ZN,113466.0,506.0,交易所披露单位,OK,东方财富期货库存数据,https://data.eastmoney.com/ifdata/kcsj.html
2026-08-17,ZN,114208.0,742.0,交易所披露单位,OK,东方财富期货库存数据,https://data.eastmoney.com/ifdata/kcsj.html
