source_date,symbol,variety,spot_price,main_contract,main_price,basis,basis_pct,basis_convention,status,source,source_url
2026-07-06,A,豆一,4505.0,2609,4745.0,-240.0,-5.33,现货价-主力期货价,OK,生意社期现基差表,https://www.100ppi.com/sf/day-2026-07-06.html
2026-07-07,A,豆一,4505.0,2609,4756.0,-251.0,-5.57,现货价-主力期货价,OK,生意社期现基差表,https://www.100ppi.com/sf/day-2026-07-07.html
2026-07-08,A,豆一,4505.0,2609,4722.0,-217.0,-4.82,现货价-主力期货价,OK,生意社期现基差表,https://www.100ppi.com/sf/day-2026-07-08.html
2026-07-09,A,豆一,4505.0,2609,4717.0,-212.0,-4.71,现货价-主力期货价,OK,生意社期现基差表,https://www.100ppi.com/sf/day-2026-07-09.html
2026-07-10,A,豆一,4505.0,2609,4747.0,-242.0,-5.37,现货价-主力期货价,OK,生意社期现基差表,https://www.100ppi.com/sf/day-2026-07-10.html
2026-07-13,A,豆一,4505.0,2609,4711.0,-206.0,-4.57,现货价-主力期货价,OK,生意社期现基差表,https://www.100ppi.com/sf/day-2026-07-13.html
2026-07-14,A,豆一,4505.0,2609,4724.0,-219.0,-4.86,现货价-主力期货价,OK,生意社期现基差表,https://www.100ppi.com/sf/day-2026-07-14.html
2026-07-15,A,豆一,4505.0,2609,4701.0,-196.0,-4.35,现货价-主力期货价,OK,生意社期现基差表,https://www.100ppi.com/sf/day-2026-07-15.html
2026-07-16,A,豆一,4505.0,2609,4702.0,-197.0,-4.37,现货价-主力期货价,OK,生意社期现基差表,https://www.100ppi.com/sf/day-2026-07-16.html
2026-07-17,A,豆一,4505.0,2609,4684.0,-179.0,-3.97,现货价-主力期货价,OK,生意社期现基差表,https://www.100ppi.com/sf/day-2026-07-17.html
2026-07-20,A,豆一,4505.0,2609,4700.0,-195.0,-4.33,现货价-主力期货价,OK,生意社期现基差表,https://www.100ppi.com/sf/day-2026-07-20.html
2026-07-21,A,豆一,4505.0,2609,4715.0,-210.0,-4.66,现货价-主力期货价,OK,生意社期现基差表,https://www.100ppi.com/sf/day-2026-07-21.html
2026-07-22,A,豆一,4505.0,2609,4711.0,-206.0,-4.57,现货价-主力期货价,OK,生意社期现基差表,https://www.100ppi.com/sf/day-2026-07-22.html
2026-07-23,A,豆一,4505.0,2609,4752.0,-247.0,-5.48,现货价-主力期货价,OK,生意社期现基差表,https://www.100ppi.com/sf/day-2026-07-23.html
2026-07-24,A,豆一,4505.0,2609,4777.0,-272.0,-6.04,现货价-主力期货价,OK,生意社期现基差表,https://www.100ppi.com/sf/day-2026-07-24.html
2026-07-27,A,豆一,4505.0,2609,4762.0,-257.0,-5.7,现货价-主力期货价,OK,生意社期现基差表,https://www.100ppi.com/sf/day-2026-07-27.html
2026-07-28,A,豆一,4505.0,2609,4697.0,-192.0,-4.26,现货价-主力期货价,OK,生意社期现基差表,https://www.100ppi.com/sf/day-2026-07-28.html
2026-07-29,A,豆一,4505.0,2609,4713.0,-208.0,-4.62,现货价-主力期货价,OK,生意社期现基差表,https://www.100ppi.com/sf/day-2026-07-29.html
2026-07-30,A,豆一,4505.0,2609,4689.0,-184.0,-4.08,现货价-主力期货价,OK,生意社期现基差表,https://www.100ppi.com/sf/day-2026-07-30.html
2026-07-31,A,豆一,4505.0,2609,4704.0,-199.0,-4.42,现货价-主力期货价,OK,生意社期现基差表,https://www.100ppi.com/sf/day-2026-07-31.html
2026-08-03,A,豆一,4500.0,2609,4719.0,-219.0,-4.87,现货价-主力期货价,OK,生意社期现基差表,https://www.100ppi.com/sf/day-2026-08-03.html
2026-08-04,A,豆一,4500.0,2609,4709.0,-209.0,-4.64,现货价-主力期货价,OK,生意社期现基差表,https://www.100ppi.com/sf/day-2026-08-04.html
2026-08-05,A,豆一,4500.0,2611,4745.0,-245.0,-5.44,现货价-主力期货价,OK,生意社期现基差表,https://www.100ppi.com/sf/day-2026-08-05.html
2026-08-06,A,豆一,4500.0,2611,4828.0,-328.0,-7.29,现货价-主力期货价,OK,生意社期现基差表,https://www.100ppi.com/sf/day-2026-08-06.html
2026-08-07,A,豆一,4500.0,2611,4875.0,-375.0,-8.33,现货价-主力期货价,OK,生意社期现基差表,https://www.100ppi.com/sf/day-2026-08-07.html
2026-08-10,A,豆一,4500.0,2611,4897.0,-397.0,-8.82,现货价-主力期货价,OK,生意社期现基差表,https://www.100ppi.com/sf/day-2026-08-10.html
2026-08-11,A,豆一,4500.0,2611,4914.0,-414.0,-9.2,现货价-主力期货价,OK,生意社期现基差表,https://www.100ppi.com/sf/day-2026-08-11.html
2026-08-12,A,豆一,4500.0,2611,4896.0,-396.0,-8.8,现货价-主力期货价,OK,生意社期现基差表,https://www.100ppi.com/sf/day-2026-08-12.html
2026-08-13,A,豆一,4500.0,2611,4986.0,-486.0,-10.8,现货价-主力期货价,OK,生意社期现基差表,https://www.100ppi.com/sf/day-2026-08-13.html
2026-08-14,A,豆一,4500.0,2611,4998.0,-498.0,-11.07,现货价-主力期货价,OK,生意社期现基差表,https://www.100ppi.com/sf/day-2026-08-14.html
2026-07-06,AG,白银,15170.67,2608,15083.0,87.0,0.57,现货价-主力期货价,OK,生意社期现基差表,https://www.100ppi.com/sf/day-2026-07-06.html
2026-07-07,AG,白银,14904.0,2608,14880.0,24.0,0.16,现货价-主力期货价,OK,生意社期现基差表,https://www.100ppi.com/sf/day-2026-07-07.html
2026-07-08,AG,白银,14616.67,2608,14860.0,-243.0,-1.66,现货价-主力期货价,OK,生意社期现基差表,https://www.100ppi.com/sf/day-2026-07-08.html
2026-07-09,AG,白银,14184.67,2608,14403.0,-218.0,-1.54,现货价-主力期货价,OK,生意社期现基差表,https://www.100ppi.com/sf/day-2026-07-09.html
2026-07-10,AG,白银,14616.33,2608,14656.0,-39.0,-0.27,现货价-主力期货价,OK,生意社期现基差表,https://www.100ppi.com/sf/day-2026-07-10.html
2026-07-13,AG,白银,14304.33,2608,14135.0,169.0,1.18,现货价-主力期货价,OK,生意社期现基差表,https://www.100ppi.com/sf/day-2026-07-13.html
2026-07-14,AG,白银,13920.33,2608,14217.0,-296.0,-2.13,现货价-主力期货价,OK,生意社期现基差表,https://www.100ppi.com/sf/day-2026-07-14.html
2026-07-15,AG,白银,14215.0,2610,14253.0,-38.0,-0.27,现货价-主力期货价,OK,生意社期现基差表,https://www.100ppi.com/sf/day-2026-07-15.html
2026-07-16,AG,白银,13879.33,2610,13937.0,-57.0,-0.41,现货价-主力期货价,OK,生意社期现基差表,https://www.100ppi.com/sf/day-2026-07-16.html
2026-07-17,AG,白银,13450.67,2610,13545.0,-94.0,-0.7,现货价-主力期货价,OK,生意社期现基差表,https://www.100ppi.com/sf/day-2026-07-17.html
2026-07-20,AG,白银,13720.67,2610,13753.0,-32.0,-0.23,现货价-主力期货价,OK,生意社期现基差表,https://www.100ppi.com/sf/day-2026-07-20.html
2026-07-21,AG,白银,13975.0,2610,14420.0,-445.0,-3.18,现货价-主力期货价,OK,生意社期现基差表,https://www.100ppi.com/sf/day-2026-07-21.html
2026-07-22,AG,白银,14588.67,2610,14531.0,57.0,0.39,现货价-主力期货价,OK,生意社期现基差表,https://www.100ppi.com/sf/day-2026-07-22.html
2026-07-23,AG,白银,14559.0,2610,14614.0,-55.0,-0.38,现货价-主力期货价,OK,生意社期现基差表,https://www.100ppi.com/sf/day-2026-07-23.html
2026-07-24,AG,白银,14061.0,2610,14154.0,-93.0,-0.66,现货价-主力期货价,OK,生意社期现基差表,https://www.100ppi.com/sf/day-2026-07-24.html
2026-07-27,AG,白银,14560.67,2610,14558.0,2.67,0.02,现货价-主力期货价,OK,生意社期现基差表,https://www.100ppi.com/sf/day-2026-07-27.html
2026-07-28,AG,白银,13987.33,2610,14088.0,-100.0,-0.71,现货价-主力期货价,OK,生意社期现基差表,https://www.100ppi.com/sf/day-2026-07-28.html
2026-07-29,AG,白银,14071.67,2610,14268.0,-196.0,-1.39,现货价-主力期货价,OK,生意社期现基差表,https://www.100ppi.com/sf/day-2026-07-29.html
2026-07-30,AG,白银,14294.67,2610,14032.0,262.0,1.83,现货价-主力期货价,OK,生意社期现基差表,https://www.100ppi.com/sf/day-2026-07-30.html
2026-07-31,AG,白银,14281.0,2610,14264.0,17.0,0.12,现货价-主力期货价,OK,生意社期现基差表,https://www.100ppi.com/sf/day-2026-07-31.html
2026-08-03,AG,白银,14166.67,2610,14218.0,-51.0,-0.36,现货价-主力期货价,OK,生意社期现基差表,https://www.100ppi.com/sf/day-2026-08-03.html
2026-08-04,AG,白银,14273.67,2610,14373.0,-99.0,-0.69,现货价-主力期货价,OK,生意社期现基差表,https://www.100ppi.com/sf/day-2026-08-04.html
2026-08-05,AG,白银,14687.0,2610,15105.0,-418.0,-2.85,现货价-主力期货价,OK,生意社期现基差表,https://www.100ppi.com/sf/day-2026-08-05.html
2026-08-06,AG,白银,15167.33,2610,15091.0,76.0,0.5,现货价-主力期货价,OK,生意社期现基差表,https://www.100ppi.com/sf/day-2026-08-06.html
2026-08-07,AG,白银,15230.67,2610,15635.0,-404.0,-2.65,现货价-主力期货价,OK,生意社期现基差表,https://www.100ppi.com/sf/day-2026-08-07.html
2026-08-10,AG,白银,15392.33,2610,15705.0,-312.0,-2.03,现货价-主力期货价,OK,生意社期现基差表,https://www.100ppi.com/sf/day-2026-08-10.html
2026-08-11,AG,白银,16088.0,2610,15748.0,340.0,2.11,现货价-主力期货价,OK,生意社期现基差表,https://www.100ppi.com/sf/day-2026-08-11.html
2026-08-12,AG,白银,15854.33,2610,16154.0,-299.0,-1.89,现货价-主力期货价,OK,生意社期现基差表,https://www.100ppi.com/sf/day-2026-08-12.html
2026-08-13,AG,白银,15959.67,2610,15823.0,136.0,0.85,现货价-主力期货价,OK,生意社期现基差表,https://www.100ppi.com/sf/day-2026-08-13.html
2026-08-14,AG,白银,15544.0,2610,15722.0,-178.0,-1.15,现货价-主力期货价,OK,生意社期现基差表,https://www.100ppi.com/sf/day-2026-08-14.html
2026-07-06,AL,铝,22853.33,2608,22885.0,-31.0,-0.14,现货价-主力期货价,OK,生意社期现基差表,https://www.100ppi.com/sf/day-2026-07-06.html
2026-07-07,AL,铝,22953.33,2608,22940.0,13.0,0.06,现货价-主力期货价,OK,生意社期现基差表,https://www.100ppi.com/sf/day-2026-07-07.html
2026-07-08,AL,铝,23053.33,2608,23075.0,-21.0,-0.09,现货价-主力期货价,OK,生意社期现基差表,https://www.100ppi.com/sf/day-2026-07-08.html
2026-07-09,AL,铝,22966.67,2608,23060.0,-93.0,-0.4,现货价-主力期货价,OK,生意社期现基差表,https://www.100ppi.com/sf/day-2026-07-09.html
2026-07-10,AL,铝,23133.33,2608,23055.0,78.0,0.34,现货价-主力期货价,OK,生意社期现基差表,https://www.100ppi.com/sf/day-2026-07-10.html
2026-07-13,AL,铝,23016.67,2609,22970.0,46.0,0.2,现货价-主力期货价,OK,生意社期现基差表,https://www.100ppi.com/sf/day-2026-07-13.html
2026-07-14,AL,铝,23283.33,2609,23335.0,-51.0,-0.22,现货价-主力期货价,OK,生意社期现基差表,https://www.100ppi.com/sf/day-2026-07-14.html
2026-07-15,AL,铝,23193.33,2609,23205.0,-11.0,-0.05,现货价-主力期货价,OK,生意社期现基差表,https://www.100ppi.com/sf/day-2026-07-15.html
2026-07-16,AL,铝,23183.33,2609,23240.0,-56.0,-0.24,现货价-主力期货价,OK,生意社期现基差表,https://www.100ppi.com/sf/day-2026-07-16.html
2026-07-17,AL,铝,23233.33,2609,23190.0,43.0,0.19,现货价-主力期货价,OK,生意社期现基差表,https://www.100ppi.com/sf/day-2026-07-17.html
2026-07-20,AL,铝,23233.33,2609,23010.0,223.0,0.96,现货价-主力期货价,OK,生意社期现基差表,https://www.100ppi.com/sf/day-2026-07-20.html
2026-07-21,AL,铝,23093.33,2609,23160.0,-66.0,-0.29,现货价-主力期货价,OK,生意社期现基差表,https://www.100ppi.com/sf/day-2026-07-21.html
2026-07-22,AL,铝,23186.67,2609,23190.0,-3.33,-0.01,现货价-主力期货价,OK,生意社期现基差表,https://www.100ppi.com/sf/day-2026-07-22.html
2026-07-23,AL,铝,23270.0,2609,23345.0,-75.0,-0.32,现货价-主力期货价,OK,生意社期现基差表,https://www.100ppi.com/sf/day-2026-07-23.html
2026-07-24,AL,铝,23213.33,2609,23225.0,-11.0,-0.05,现货价-主力期货价,OK,生意社期现基差表,https://www.100ppi.com/sf/day-2026-07-24.html
2026-07-27,AL,铝,23216.67,2609,23195.0,21.0,0.09,现货价-主力期货价,OK,生意社期现基差表,https://www.100ppi.com/sf/day-2026-07-27.html
2026-07-28,AL,铝,23211.67,2609,23220.0,-8.0,-0.03,现货价-主力期货价,OK,生意社期现基差表,https://www.100ppi.com/sf/day-2026-07-28.html
2026-07-29,AL,铝,23413.33,2609,23455.0,-41.0,-0.18,现货价-主力期货价,OK,生意社期现基差表,https://www.100ppi.com/sf/day-2026-07-29.html
2026-07-30,AL,铝,23643.33,2609,23625.0,18.0,0.08,现货价-主力期货价,OK,生意社期现基差表,https://www.100ppi.com/sf/day-2026-07-30.html
2026-07-31,AL,铝,23643.33,2609,23630.0,13.0,0.05,现货价-主力期货价,OK,生意社期现基差表,https://www.100ppi.com/sf/day-2026-07-31.html
2026-08-03,AL,铝,23510.0,2609,23640.0,-130.0,-0.55,现货价-主力期货价,OK,生意社期现基差表,https://www.100ppi.com/sf/day-2026-08-03.html
2026-08-04,AL,铝,23735.0,2609,23810.0,-75.0,-0.32,现货价-主力期货价,OK,生意社期现基差表,https://www.100ppi.com/sf/day-2026-08-04.html
2026-08-05,AL,铝,23700.0,2609,23785.0,-85.0,-0.36,现货价-主力期货价,OK,生意社期现基差表,https://www.100ppi.com/sf/day-2026-08-05.html
2026-08-06,AL,铝,23700.0,2609,23810.0,-110.0,-0.46,现货价-主力期货价,OK,生意社期现基差表,https://www.100ppi.com/sf/day-2026-08-06.html
2026-08-07,AL,铝,24003.33,2609,24040.0,-36.0,-0.15,现货价-主力期货价,OK,生意社期现基差表,https://www.100ppi.com/sf/day-2026-08-07.html
2026-08-10,AL,铝,24003.33,2609,24165.0,-161.0,-0.67,现货价-主力期货价,OK,生意社期现基差表,https://www.100ppi.com/sf/day-2026-08-10.html
2026-08-11,AL,铝,24115.0,2609,24250.0,-135.0,-0.56,现货价-主力期货价,OK,生意社期现基差表,https://www.100ppi.com/sf/day-2026-08-11.html
2026-08-12,AL,铝,24388.33,2609,24285.0,103.0,0.42,现货价-主力期货价,OK,生意社期现基差表,https://www.100ppi.com/sf/day-2026-08-12.html
2026-08-13,AL,铝,24136.67,2609,24090.0,46.0,0.19,现货价-主力期货价,OK,生意社期现基差表,https://www.100ppi.com/sf/day-2026-08-13.html
2026-08-14,AL,铝,23883.33,2610,23885.0,-1.67,-0.01,现货价-主力期货价,OK,生意社期现基差表,https://www.100ppi.com/sf/day-2026-08-14.html
2026-07-06,AU,黄金,909.81,2608,907.82,1.99,0.22,现货价-主力期货价,OK,生意社期现基差表,https://www.100ppi.com/sf/day-2026-07-06.html
2026-07-07,AU,黄金,903.25,2608,903.76,-0.51,-0.06,现货价-主力期货价,OK,生意社期现基差表,https://www.100ppi.com/sf/day-2026-07-07.html
2026-07-08,AU,黄金,901.29,2608,902.76,-1.47,-0.16,现货价-主力期货价,OK,生意社期现基差表,https://www.100ppi.com/sf/day-2026-07-08.html
2026-07-09,AU,黄金,892.61,2608,898.86,-6.0,-0.67,现货价-主力期货价,OK,生意社期现基差表,https://www.100ppi.com/sf/day-2026-07-09.html
2026-07-10,AU,黄金,898.99,2608,897.94,1.05,0.12,现货价-主力期货价,OK,生意社期现基差表,https://www.100ppi.com/sf/day-2026-07-10.html
2026-07-13,AU,黄金,890.85,2608,885.94,4.91,0.55,现货价-主力期货价,OK,生意社期现基差表,https://www.100ppi.com/sf/day-2026-07-13.html
2026-07-14,AU,黄金,877.96,2608,880.26,-2.3,-0.26,现货价-主力期货价,OK,生意社期现基差表,https://www.100ppi.com/sf/day-2026-07-14.html
2026-07-15,AU,黄金,878.81,2608,880.1,-1.29,-0.15,现货价-主力期货价,OK,生意社期现基差表,https://www.100ppi.com/sf/day-2026-07-15.html
2026-07-16,AU,黄金,878.7,2610,881.6,-2.9,-0.33,现货价-主力期货价,OK,生意社期现基差表,https://www.100ppi.com/sf/day-2026-07-16.html
2026-07-17,AU,黄金,871.39,2610,876.24,-4.85,-0.56,现货价-主力期货价,OK,生意社期现基差表,https://www.100ppi.com/sf/day-2026-07-17.html
2026-07-20,AU,黄金,874.74,2610,876.64,-1.9,-0.22,现货价-主力期货价,OK,生意社期现基差表,https://www.100ppi.com/sf/day-2026-07-20.html
2026-07-21,AU,黄金,877.32,2610,892.4,-15.0,-1.71,现货价-主力期货价,OK,生意社期现基差表,https://www.100ppi.com/sf/day-2026-07-21.html
2026-07-22,AU,黄金,899.94,2610,901.74,-1.8,-0.2,现货价-主力期货价,OK,生意社期现基差表,https://www.100ppi.com/sf/day-2026-07-22.html
2026-07-23,AU,黄金,898.24,2610,901.76,-3.52,-0.39,现货价-主力期货价,OK,生意社期现基差表,https://www.100ppi.com/sf/day-2026-07-23.html
2026-07-24,AU,黄金,881.28,2610,883.8,-2.52,-0.29,现货价-主力期货价,OK,生意社期现基差表,https://www.100ppi.com/sf/day-2026-07-24.html
2026-07-27,AU,黄金,888.81,2610,895.78,-6.0,-0.68,现货价-主力期货价,OK,生意社期现基差表,https://www.100ppi.com/sf/day-2026-07-27.html
2026-07-28,AU,黄金,882.65,2610,885.1,-2.45,-0.28,现货价-主力期货价,OK,生意社期现基差表,https://www.100ppi.com/sf/day-2026-07-28.html
2026-07-29,AU,黄金,880.93,2610,884.2,-3.27,-0.37,现货价-主力期货价,OK,生意社期现基差表,https://www.100ppi.com/sf/day-2026-07-29.html
2026-07-30,AU,黄金,883.6,2610,881.4,2.2,0.25,现货价-主力期货价,OK,生意社期现基差表,https://www.100ppi.com/sf/day-2026-07-30.html
2026-07-31,AU,黄金,884.12,2610,888.3,-4.18,-0.47,现货价-主力期货价,OK,生意社期现基差表,https://www.100ppi.com/sf/day-2026-07-31.html
2026-08-03,AU,黄金,883.89,2610,886.64,-2.75,-0.31,现货价-主力期货价,OK,生意社期现基差表,https://www.100ppi.com/sf/day-2026-08-03.html
2026-08-04,AU,黄金,883.61,2610,886.48,-2.87,-0.32,现货价-主力期货价,OK,生意社期现基差表,https://www.100ppi.com/sf/day-2026-08-04.html
2026-08-05,AU,黄金,898.23,2610,910.4,-12.0,-1.34,现货价-主力期货价,OK,生意社期现基差表,https://www.100ppi.com/sf/day-2026-08-05.html
2026-08-06,AU,黄金,927.65,2610,926.9,0.75,0.08,现货价-主力期货价,OK,生意社期现基差表,https://www.100ppi.com/sf/day-2026-08-06.html
2026-08-07,AU,黄金,927.65,2610,936.76,-9.0,-0.97,现货价-主力期货价,OK,生意社期现基差表,https://www.100ppi.com/sf/day-2026-08-07.html
2026-08-10,AU,黄金,940.96,2610,948.2,-7.0,-0.74,现货价-主力期货价,OK,生意社期现基差表,https://www.100ppi.com/sf/day-2026-08-10.html
2026-08-11,AU,黄金,955.18,2610,949.94,5.0,0.52,现货价-主力期货价,OK,生意社期现基差表,https://www.100ppi.com/sf/day-2026-08-11.html
2026-08-12,AU,黄金,955.91,2610,958.54,-2.63,-0.28,现货价-主力期货价,OK,生意社期现基差表,https://www.100ppi.com/sf/day-2026-08-12.html
2026-08-13,AU,黄金,954.24,2610,952.96,1.28,0.13,现货价-主力期货价,OK,生意社期现基差表,https://www.100ppi.com/sf/day-2026-08-13.html
2026-08-14,AU,黄金,938.16,2610,943.16,-5.0,-0.53,现货价-主力期货价,OK,生意社期现基差表,https://www.100ppi.com/sf/day-2026-08-14.html
2026-07-06,BR,丁二烯橡胶,12490.0,2609,12240.0,250.0,2.0,现货价-主力期货价,OK,生意社期现基差表,https://www.100ppi.com/sf/day-2026-07-06.html
2026-07-07,BR,丁二烯橡胶,12490.0,2609,12250.0,240.0,1.92,现货价-主力期货价,OK,生意社期现基差表,https://www.100ppi.com/sf/day-2026-07-07.html
2026-07-08,BR,丁二烯橡胶,12600.0,2609,12430.0,170.0,1.35,现货价-主力期货价,OK,生意社期现基差表,https://www.100ppi.com/sf/day-2026-07-08.html
2026-07-09,BR,丁二烯橡胶,12670.0,2609,12470.0,200.0,1.58,现货价-主力期货价,OK,生意社期现基差表,https://www.100ppi.com/sf/day-2026-07-09.html
2026-07-10,BR,丁二烯橡胶,12750.0,2609,12655.0,95.0,0.75,现货价-主力期货价,OK,生意社期现基差表,https://www.100ppi.com/sf/day-2026-07-10.html
2026-07-13,BR,丁二烯橡胶,12970.0,2609,12990.0,-20.0,-0.15,现货价-主力期货价,OK,生意社期现基差表,https://www.100ppi.com/sf/day-2026-07-13.html
2026-07-14,BR,丁二烯橡胶,13590.0,2609,13390.0,200.0,1.47,现货价-主力期货价,OK,生意社期现基差表,https://www.100ppi.com/sf/day-2026-07-14.html
2026-07-15,BR,丁二烯橡胶,13670.0,2609,13880.0,-210.0,-1.54,现货价-主力期货价,OK,生意社期现基差表,https://www.100ppi.com/sf/day-2026-07-15.html
2026-07-16,BR,丁二烯橡胶,13770.0,2609,13740.0,30.0,0.22,现货价-主力期货价,OK,生意社期现基差表,https://www.100ppi.com/sf/day-2026-07-16.html
2026-07-17,BR,丁二烯橡胶,13790.0,2609,13580.0,210.0,1.52,现货价-主力期货价,OK,生意社期现基差表,https://www.100ppi.com/sf/day-2026-07-17.html
2026-07-20,BR,丁二烯橡胶,13970.0,2609,13745.0,225.0,1.61,现货价-主力期货价,OK,生意社期现基差表,https://www.100ppi.com/sf/day-2026-07-20.html
2026-07-21,BR,丁二烯橡胶,13940.0,2609,13655.0,285.0,2.04,现货价-主力期货价,OK,生意社期现基差表,https://www.100ppi.com/sf/day-2026-07-21.html
2026-07-22,BR,丁二烯橡胶,14030.0,2609,13765.0,265.0,1.89,现货价-主力期货价,OK,生意社期现基差表,https://www.100ppi.com/sf/day-2026-07-22.html
2026-07-23,BR,丁二烯橡胶,14030.0,2609,13970.0,60.0,0.43,现货价-主力期货价,OK,生意社期现基差表,https://www.100ppi.com/sf/day-2026-07-23.html
2026-07-24,BR,丁二烯橡胶,14060.0,2609,13820.0,240.0,1.71,现货价-主力期货价,OK,生意社期现基差表,https://www.100ppi.com/sf/day-2026-07-24.html
2026-07-27,BR,丁二烯橡胶,13770.0,2609,13120.0,650.0,4.72,现货价-主力期货价,OK,生意社期现基差表,https://www.100ppi.com/sf/day-2026-07-27.html
2026-07-28,BR,丁二烯橡胶,13540.0,2609,12860.0,680.0,5.02,现货价-主力期货价,OK,生意社期现基差表,https://www.100ppi.com/sf/day-2026-07-28.html
2026-07-29,BR,丁二烯橡胶,13470.0,2609,12845.0,625.0,4.64,现货价-主力期货价,OK,生意社期现基差表,https://www.100ppi.com/sf/day-2026-07-29.html
2026-07-30,BR,丁二烯橡胶,13470.0,2609,12970.0,500.0,3.71,现货价-主力期货价,OK,生意社期现基差表,https://www.100ppi.com/sf/day-2026-07-30.html
2026-07-31,BR,丁二烯橡胶,13450.0,2609,12595.0,855.0,6.36,现货价-主力期货价,OK,生意社期现基差表,https://www.100ppi.com/sf/day-2026-07-31.html
2026-08-03,BR,丁二烯橡胶,13450.0,2610,12555.0,895.0,6.65,现货价-主力期货价,OK,生意社期现基差表,https://www.100ppi.com/sf/day-2026-08-03.html
2026-08-04,BR,丁二烯橡胶,13460.0,2610,12830.0,630.0,4.68,现货价-主力期货价,OK,生意社期现基差表,https://www.100ppi.com/sf/day-2026-08-04.html
2026-08-05,BR,丁二烯橡胶,13420.0,2610,12740.0,680.0,5.07,现货价-主力期货价,OK,生意社期现基差表,https://www.100ppi.com/sf/day-2026-08-05.html
2026-08-06,BR,丁二烯橡胶,13370.0,2610,12955.0,415.0,3.1,现货价-主力期货价,OK,生意社期现基差表,https://www.100ppi.com/sf/day-2026-08-06.html
2026-08-07,BR,丁二烯橡胶,13510.0,2610,13175.0,335.0,2.48,现货价-主力期货价,OK,生意社期现基差表,https://www.100ppi.com/sf/day-2026-08-07.html
2026-08-10,BR,丁二烯橡胶,13520.0,2610,12985.0,535.0,3.96,现货价-主力期货价,OK,生意社期现基差表,https://www.100ppi.com/sf/day-2026-08-10.html
2026-08-11,BR,丁二烯橡胶,13520.0,2610,13175.0,345.0,2.55,现货价-主力期货价,OK,生意社期现基差表,https://www.100ppi.com/sf/day-2026-08-11.html
2026-08-12,BR,丁二烯橡胶,13610.0,2610,13425.0,185.0,1.36,现货价-主力期货价,OK,生意社期现基差表,https://www.100ppi.com/sf/day-2026-08-12.html
2026-08-13,BR,丁二烯橡胶,13630.0,2610,13525.0,105.0,0.77,现货价-主力期货价,OK,生意社期现基差表,https://www.100ppi.com/sf/day-2026-08-13.html
2026-08-14,BR,丁二烯橡胶,13750.0,2610,13610.0,140.0,1.02,现货价-主力期货价,OK,生意社期现基差表,https://www.100ppi.com/sf/day-2026-08-14.html
2026-07-06,BU,石油沥青,4337.5,2609,3847.0,490.0,11.3,现货价-主力期货价,OK,生意社期现基差表,https://www.100ppi.com/sf/day-2026-07-06.html
2026-07-07,BU,石油沥青,4332.5,2609,3853.0,479.0,11.06,现货价-主力期货价,OK,生意社期现基差表,https://www.100ppi.com/sf/day-2026-07-07.html
2026-07-08,BU,石油沥青,4322.5,2609,3822.0,500.0,11.57,现货价-主力期货价,OK,生意社期现基差表,https://www.100ppi.com/sf/day-2026-07-08.html
2026-07-09,BU,石油沥青,4322.5,2609,3756.0,566.0,13.09,现货价-主力期货价,OK,生意社期现基差表,https://www.100ppi.com/sf/day-2026-07-09.html
2026-07-10,BU,石油沥青,4322.5,2609,3783.0,539.0,12.47,现货价-主力期货价,OK,生意社期现基差表,https://www.100ppi.com/sf/day-2026-07-10.html
2026-07-13,BU,石油沥青,4350.0,2609,3832.0,518.0,11.91,现货价-主力期货价,OK,生意社期现基差表,https://www.100ppi.com/sf/day-2026-07-13.html
2026-07-14,BU,石油沥青,4350.0,2609,4049.0,301.0,6.92,现货价-主力期货价,OK,生意社期现基差表,https://www.100ppi.com/sf/day-2026-07-14.html
2026-07-15,BU,石油沥青,4350.0,2609,4083.0,267.0,6.14,现货价-主力期货价,OK,生意社期现基差表,https://www.100ppi.com/sf/day-2026-07-15.html
2026-07-16,BU,石油沥青,4382.5,2609,4063.0,319.0,7.28,现货价-主力期货价,OK,生意社期现基差表,https://www.100ppi.com/sf/day-2026-07-16.html
2026-07-17,BU,石油沥青,4387.5,2609,4120.0,267.0,6.09,现货价-主力期货价,OK,生意社期现基差表,https://www.100ppi.com/sf/day-2026-07-17.html
2026-07-20,BU,石油沥青,4420.0,2609,4291.0,129.0,2.92,现货价-主力期货价,OK,生意社期现基差表,https://www.100ppi.com/sf/day-2026-07-20.html
2026-07-21,BU,石油沥青,4390.0,2609,4164.0,226.0,5.15,现货价-主力期货价,OK,生意社期现基差表,https://www.100ppi.com/sf/day-2026-07-21.html
2026-07-22,BU,石油沥青,4397.5,2609,4222.0,175.0,3.98,现货价-主力期货价,OK,生意社期现基差表,https://www.100ppi.com/sf/day-2026-07-22.html
2026-07-23,BU,石油沥青,4387.5,2609,4288.0,99.0,2.26,现货价-主力期货价,OK,生意社期现基差表,https://www.100ppi.com/sf/day-2026-07-23.html
2026-07-24,BU,石油沥青,4415.0,2609,4275.0,140.0,3.17,现货价-主力期货价,OK,生意社期现基差表,https://www.100ppi.com/sf/day-2026-07-24.html
2026-07-27,BU,石油沥青,4372.5,2609,4140.0,232.0,5.31,现货价-主力期货价,OK,生意社期现基差表,https://www.100ppi.com/sf/day-2026-07-27.html
2026-07-28,BU,石油沥青,4350.0,2609,4087.0,263.0,6.05,现货价-主力期货价,OK,生意社期现基差表,https://www.100ppi.com/sf/day-2026-07-28.html
2026-07-29,BU,石油沥青,4330.0,2609,4119.0,211.0,4.87,现货价-主力期货价,OK,生意社期现基差表,https://www.100ppi.com/sf/day-2026-07-29.html
2026-07-30,BU,石油沥青,4340.0,2609,4165.0,175.0,4.03,现货价-主力期货价,OK,生意社期现基差表,https://www.100ppi.com/sf/day-2026-07-30.html
2026-07-31,BU,石油沥青,4337.5,2609,4119.0,218.0,5.03,现货价-主力期货价,OK,生意社期现基差表,https://www.100ppi.com/sf/day-2026-07-31.html
2026-08-03,BU,石油沥青,4310.0,2609,4102.0,208.0,4.83,现货价-主力期货价,OK,生意社期现基差表,https://www.100ppi.com/sf/day-2026-08-03.html
2026-08-04,BU,石油沥青,4292.5,2609,4138.0,154.0,3.59,现货价-主力期货价,OK,生意社期现基差表,https://www.100ppi.com/sf/day-2026-08-04.html
2026-08-05,BU,石油沥青,4307.5,2610,3892.0,415.0,9.63,现货价-主力期货价,OK,生意社期现基差表,https://www.100ppi.com/sf/day-2026-08-05.html
2026-08-06,BU,石油沥青,4307.5,2610,3943.0,364.0,8.45,现货价-主力期货价,OK,生意社期现基差表,https://www.100ppi.com/sf/day-2026-08-06.html
2026-08-07,BU,石油沥青,4325.0,2610,4005.0,320.0,7.4,现货价-主力期货价,OK,生意社期现基差表,https://www.100ppi.com/sf/day-2026-08-07.html
2026-08-10,BU,石油沥青,4337.5,2610,4020.0,317.0,7.31,现货价-主力期货价,OK,生意社期现基差表,https://www.100ppi.com/sf/day-2026-08-10.html
2026-08-11,BU,石油沥青,4322.5,2610,4155.0,167.0,3.86,现货价-主力期货价,OK,生意社期现基差表,https://www.100ppi.com/sf/day-2026-08-11.html
2026-08-12,BU,石油沥青,4335.0,2610,4151.0,184.0,4.24,现货价-主力期货价,OK,生意社期现基差表,https://www.100ppi.com/sf/day-2026-08-12.html
2026-08-13,BU,石油沥青,4345.0,2610,4173.0,172.0,3.96,现货价-主力期货价,OK,生意社期现基差表,https://www.100ppi.com/sf/day-2026-08-13.html
2026-08-14,BU,石油沥青,4330.0,2610,4212.0,118.0,2.73,现货价-主力期货价,OK,生意社期现基差表,https://www.100ppi.com/sf/day-2026-08-14.html
2026-07-06,BZ,纯苯,6770.0,2608,6558.0,212.0,3.13,现货价-主力期货价,OK,生意社期现基差表,https://www.100ppi.com/sf/day-2026-07-06.html
2026-07-07,BZ,纯苯,6863.33,2608,6640.0,223.0,3.25,现货价-主力期货价,OK,生意社期现基差表,https://www.100ppi.com/sf/day-2026-07-07.html
2026-07-08,BZ,纯苯,7170.0,2608,6949.0,221.0,3.08,现货价-主力期货价,OK,生意社期现基差表,https://www.100ppi.com/sf/day-2026-07-08.html
2026-07-09,BZ,纯苯,7436.67,2608,6901.0,535.0,7.19,现货价-主力期货价,OK,生意社期现基差表,https://www.100ppi.com/sf/day-2026-07-09.html
2026-07-10,BZ,纯苯,7320.0,2608,6816.0,504.0,6.89,现货价-主力期货价,OK,生意社期现基差表,https://www.100ppi.com/sf/day-2026-07-10.html
2026-07-13,BZ,纯苯,7420.0,2608,7108.0,312.0,4.2,现货价-主力期货价,OK,生意社期现基差表,https://www.100ppi.com/sf/day-2026-07-13.html
2026-07-14,BZ,纯苯,7620.0,2609,7191.0,429.0,5.63,现货价-主力期货价,OK,生意社期现基差表,https://www.100ppi.com/sf/day-2026-07-14.html
2026-07-15,BZ,纯苯,7803.33,2609,7242.0,561.0,7.19,现货价-主力期货价,OK,生意社期现基差表,https://www.100ppi.com/sf/day-2026-07-15.html
2026-07-16,BZ,纯苯,7880.0,2609,7226.0,654.0,8.3,现货价-主力期货价,OK,生意社期现基差表,https://www.100ppi.com/sf/day-2026-07-16.html
2026-07-17,BZ,纯苯,7836.67,2609,7281.0,555.0,7.08,现货价-主力期货价,OK,生意社期现基差表,https://www.100ppi.com/sf/day-2026-07-17.html
2026-07-20,BZ,纯苯,8270.0,2609,7846.0,424.0,5.13,现货价-主力期货价,OK,生意社期现基差表,https://www.100ppi.com/sf/day-2026-07-20.html
2026-07-21,BZ,纯苯,8370.0,2609,7575.0,795.0,9.5,现货价-主力期货价,OK,生意社期现基差表,https://www.100ppi.com/sf/day-2026-07-21.html
2026-07-22,BZ,纯苯,8403.33,2609,7636.0,767.0,9.13,现货价-主力期货价,OK,生意社期现基差表,https://www.100ppi.com/sf/day-2026-07-22.html
2026-07-23,BZ,纯苯,8403.33,2609,7768.0,635.0,7.56,现货价-主力期货价,OK,生意社期现基差表,https://www.100ppi.com/sf/day-2026-07-23.html
2026-07-24,BZ,纯苯,8403.33,2609,7707.0,696.0,8.28,现货价-主力期货价,OK,生意社期现基差表,https://www.100ppi.com/sf/day-2026-07-24.html
2026-07-27,BZ,纯苯,8001.0,2609,7214.0,787.0,9.84,现货价-主力期货价,OK,生意社期现基差表,https://www.100ppi.com/sf/day-2026-07-27.html
2026-07-28,BZ,纯苯,7784.33,2609,7152.0,632.0,8.12,现货价-主力期货价,OK,生意社期现基差表,https://www.100ppi.com/sf/day-2026-07-28.html
2026-07-29,BZ,纯苯,7801.0,2609,7271.0,530.0,6.79,现货价-主力期货价,OK,生意社期现基差表,https://www.100ppi.com/sf/day-2026-07-29.html
2026-07-30,BZ,纯苯,7801.0,2609,7392.0,409.0,5.24,现货价-主力期货价,OK,生意社期现基差表,https://www.100ppi.com/sf/day-2026-07-30.html
2026-07-31,BZ,纯苯,7767.67,2609,7154.0,613.0,7.89,现货价-主力期货价,OK,生意社期现基差表,https://www.100ppi.com/sf/day-2026-07-31.html
2026-08-03,BZ,纯苯,7501.0,2609,7135.0,366.0,4.88,现货价-主力期货价,OK,生意社期现基差表,https://www.100ppi.com/sf/day-2026-08-03.html
2026-08-04,BZ,纯苯,7517.67,2609,7224.0,293.0,3.9,现货价-主力期货价,OK,生意社期现基差表,https://www.100ppi.com/sf/day-2026-08-04.html
2026-08-05,BZ,纯苯,7517.67,2609,6872.0,645.0,8.58,现货价-主力期货价,OK,生意社期现基差表,https://www.100ppi.com/sf/day-2026-08-05.html
2026-08-06,BZ,纯苯,7417.67,2609,6934.0,483.0,6.51,现货价-主力期货价,OK,生意社期现基差表,https://www.100ppi.com/sf/day-2026-08-06.html
2026-08-07,BZ,纯苯,7401.0,2609,7062.0,339.0,4.58,现货价-主力期货价,OK,生意社期现基差表,https://www.100ppi.com/sf/day-2026-08-07.html
2026-08-10,BZ,纯苯,7434.33,2609,7101.0,333.0,4.48,现货价-主力期货价,OK,生意社期现基差表,https://www.100ppi.com/sf/day-2026-08-10.html
2026-08-11,BZ,纯苯,7567.67,2609,7324.0,243.0,3.21,现货价-主力期货价,OK,生意社期现基差表,https://www.100ppi.com/sf/day-2026-08-11.html
2026-08-12,BZ,纯苯,7567.67,2609,7225.0,342.0,4.52,现货价-主力期货价,OK,生意社期现基差表,https://www.100ppi.com/sf/day-2026-08-12.html
2026-08-13,BZ,纯苯,7494.33,2609,7268.0,226.0,3.02,现货价-主力期货价,OK,生意社期现基差表,https://www.100ppi.com/sf/day-2026-08-13.html
2026-08-14,BZ,纯苯,7494.33,2609,7400.0,94.0,1.25,现货价-主力期货价,OK,生意社期现基差表,https://www.100ppi.com/sf/day-2026-08-14.html
2026-07-06,C,玉米,2288.57,2609,2286.0,2.57,0.11,现货价-主力期货价,OK,生意社期现基差表,https://www.100ppi.com/sf/day-2026-07-06.html
2026-07-07,C,玉米,2287.14,2609,2305.0,-17.0,-0.74,现货价-主力期货价,OK,生意社期现基差表,https://www.100ppi.com/sf/day-2026-07-07.html
2026-07-08,C,玉米,2280.0,2609,2299.0,-19.0,-0.83,现货价-主力期货价,OK,生意社期现基差表,https://www.100ppi.com/sf/day-2026-07-08.html
2026-07-09,C,玉米,2278.57,2609,2299.0,-20.0,-0.88,现货价-主力期货价,OK,生意社期现基差表,https://www.100ppi.com/sf/day-2026-07-09.html
2026-07-10,C,玉米,2277.14,2609,2311.0,-33.0,-1.45,现货价-主力期货价,OK,生意社期现基差表,https://www.100ppi.com/sf/day-2026-07-10.html
2026-07-13,C,玉米,2275.71,2609,2307.0,-31.0,-1.36,现货价-主力期货价,OK,生意社期现基差表,https://www.100ppi.com/sf/day-2026-07-13.html
2026-07-14,C,玉米,2274.29,2609,2309.0,-34.0,-1.49,现货价-主力期货价,OK,生意社期现基差表,https://www.100ppi.com/sf/day-2026-07-14.html
2026-07-15,C,玉米,2274.29,2609,2303.0,-28.0,-1.23,现货价-主力期货价,OK,生意社期现基差表,https://www.100ppi.com/sf/day-2026-07-15.html
2026-07-16,C,玉米,2274.29,2609,2305.0,-30.0,-1.32,现货价-主力期货价,OK,生意社期现基差表,https://www.100ppi.com/sf/day-2026-07-16.html
2026-07-17,C,玉米,2272.86,2609,2287.0,-14.0,-0.62,现货价-主力期货价,OK,生意社期现基差表,https://www.100ppi.com/sf/day-2026-07-17.html
2026-07-20,C,玉米,2261.43,2609,2274.0,-12.0,-0.53,现货价-主力期货价,OK,生意社期现基差表,https://www.100ppi.com/sf/day-2026-07-20.html
2026-07-21,C,玉米,2257.14,2609,2272.0,-14.0,-0.62,现货价-主力期货价,OK,生意社期现基差表,https://www.100ppi.com/sf/day-2026-07-21.html
2026-07-22,C,玉米,2255.71,2609,2269.0,-13.0,-0.58,现货价-主力期货价,OK,生意社期现基差表,https://www.100ppi.com/sf/day-2026-07-22.html
2026-07-23,C,玉米,2255.71,2609,2278.0,-22.0,-0.98,现货价-主力期货价,OK,生意社期现基差表,https://www.100ppi.com/sf/day-2026-07-23.html
2026-07-24,C,玉米,2255.71,2609,2277.0,-21.0,-0.93,现货价-主力期货价,OK,生意社期现基差表,https://www.100ppi.com/sf/day-2026-07-24.html
2026-07-27,C,玉米,2255.71,2609,2268.0,-12.0,-0.53,现货价-主力期货价,OK,生意社期现基差表,https://www.100ppi.com/sf/day-2026-07-27.html
2026-07-28,C,玉米,2257.14,2609,2266.0,-8.0,-0.35,现货价-主力期货价,OK,生意社期现基差表,https://www.100ppi.com/sf/day-2026-07-28.html
2026-07-29,C,玉米,2251.43,2609,2267.0,-15.0,-0.67,现货价-主力期货价,OK,生意社期现基差表,https://www.100ppi.com/sf/day-2026-07-29.html
2026-07-30,C,玉米,2250.0,2609,2266.0,-16.0,-0.71,现货价-主力期货价,OK,生意社期现基差表,https://www.100ppi.com/sf/day-2026-07-30.html
2026-07-31,C,玉米,2250.0,2609,2269.0,-19.0,-0.84,现货价-主力期货价,OK,生意社期现基差表,https://www.100ppi.com/sf/day-2026-07-31.html
2026-08-03,C,玉米,2247.14,2609,2253.0,-5.0,-0.22,现货价-主力期货价,OK,生意社期现基差表,https://www.100ppi.com/sf/day-2026-08-03.html
2026-08-04,C,玉米,2247.14,2609,2243.0,4.14,0.18,现货价-主力期货价,OK,生意社期现基差表,https://www.100ppi.com/sf/day-2026-08-04.html
2026-08-05,C,玉米,2247.14,2609,2251.0,-3.86,-0.17,现货价-主力期货价,OK,生意社期现基差表,https://www.100ppi.com/sf/day-2026-08-05.html
2026-08-06,C,玉米,2245.71,2609,2240.0,5.0,0.22,现货价-主力期货价,OK,生意社期现基差表,https://www.100ppi.com/sf/day-2026-08-06.html
2026-08-07,C,玉米,2238.57,2609,2245.0,-6.0,-0.27,现货价-主力期货价,OK,生意社期现基差表,https://www.100ppi.com/sf/day-2026-08-07.html
2026-08-10,C,玉米,2238.57,2609,2266.0,-27.0,-1.21,现货价-主力期货价,OK,生意社期现基差表,https://www.100ppi.com/sf/day-2026-08-10.html
2026-08-11,C,玉米,2238.57,2609,2267.0,-28.0,-1.25,现货价-主力期货价,OK,生意社期现基差表,https://www.100ppi.com/sf/day-2026-08-11.html
2026-08-12,C,玉米,2238.57,2611,2226.0,12.0,0.54,现货价-主力期货价,OK,生意社期现基差表,https://www.100ppi.com/sf/day-2026-08-12.html
2026-08-13,C,玉米,2241.43,2611,2231.0,10.0,0.45,现货价-主力期货价,OK,生意社期现基差表,https://www.100ppi.com/sf/day-2026-08-13.html
2026-08-14,C,玉米,2244.29,2611,2226.0,18.0,0.8,现货价-主力期货价,OK,生意社期现基差表,https://www.100ppi.com/sf/day-2026-08-14.html
2026-07-06,CF,棉花,17870.5,2609,16265.0,1605.0,8.98,现货价-主力期货价,OK,生意社期现基差表,https://www.100ppi.com/sf/day-2026-07-06.html
2026-07-07,CF,棉花,17904.83,2609,16330.0,1574.0,8.79,现货价-主力期货价,OK,生意社期现基差表,https://www.100ppi.com/sf/day-2026-07-07.html
2026-07-08,CF,棉花,17917.67,2609,16135.0,1782.0,9.95,现货价-主力期货价,OK,生意社期现基差表,https://www.100ppi.com/sf/day-2026-07-08.html
2026-07-09,CF,棉花,17881.83,2609,15930.0,1951.0,10.91,现货价-主力期货价,OK,生意社期现基差表,https://www.100ppi.com/sf/day-2026-07-09.html
2026-07-10,CF,棉花,17706.0,2609,16125.0,1581.0,8.93,现货价-主力期货价,OK,生意社期现基差表,https://www.100ppi.com/sf/day-2026-07-10.html
2026-07-13,CF,棉花,17707.0,2609,16080.0,1627.0,9.19,现货价-主力期货价,OK,生意社期现基差表,https://www.100ppi.com/sf/day-2026-07-13.html
2026-07-14,CF,棉花,17737.33,2609,16070.0,1667.0,9.4,现货价-主力期货价,OK,生意社期现基差表,https://www.100ppi.com/sf/day-2026-07-14.html
2026-07-15,CF,棉花,17725.67,2609,16075.0,1650.0,9.31,现货价-主力期货价,OK,生意社期现基差表,https://www.100ppi.com/sf/day-2026-07-15.html
2026-07-16,CF,棉花,17733.67,2609,16055.0,1678.0,9.46,现货价-主力期货价,OK,生意社期现基差表,https://www.100ppi.com/sf/day-2026-07-16.html
2026-07-17,CF,棉花,17729.33,2609,15750.0,1979.0,11.16,现货价-主力期货价,OK,生意社期现基差表,https://www.100ppi.com/sf/day-2026-07-17.html
2026-07-20,CF,棉花,17534.83,2609,15925.0,1609.0,9.18,现货价-主力期货价,OK,生意社期现基差表,https://www.100ppi.com/sf/day-2026-07-20.html
2026-07-21,CF,棉花,17534.83,2609,15965.0,1569.0,8.95,现货价-主力期货价,OK,生意社期现基差表,https://www.100ppi.com/sf/day-2026-07-21.html
2026-07-22,CF,棉花,17622.5,2609,15955.0,1667.0,9.46,现货价-主力期货价,OK,生意社期现基差表,https://www.100ppi.com/sf/day-2026-07-22.html
2026-07-23,CF,棉花,17640.33,2609,16005.0,1635.0,9.27,现货价-主力期货价,OK,生意社期现基差表,https://www.100ppi.com/sf/day-2026-07-23.html
2026-07-24,CF,棉花,17649.5,2609,16005.0,1644.0,9.31,现货价-主力期货价,OK,生意社期现基差表,https://www.100ppi.com/sf/day-2026-07-24.html
2026-07-27,CF,棉花,17658.33,2609,15925.0,1733.0,9.81,现货价-主力期货价,OK,生意社期现基差表,https://www.100ppi.com/sf/day-2026-07-27.html
2026-07-28,CF,棉花,17609.67,2609,15830.0,1779.0,10.1,现货价-主力期货价,OK,生意社期现基差表,https://www.100ppi.com/sf/day-2026-07-28.html
2026-07-29,CF,棉花,17564.67,2609,15845.0,1719.0,9.79,现货价-主力期货价,OK,生意社期现基差表,https://www.100ppi.com/sf/day-2026-07-29.html
2026-07-30,CF,棉花,17561.83,2609,15695.0,1866.0,10.63,现货价-主力期货价,OK,生意社期现基差表,https://www.100ppi.com/sf/day-2026-07-30.html
2026-07-31,CF,棉花,17437.67,2609,15745.0,1692.0,9.7,现货价-主力期货价,OK,生意社期现基差表,https://www.100ppi.com/sf/day-2026-07-31.html
2026-08-03,CF,棉花,17440.17,2609,15675.0,1765.0,10.12,现货价-主力期货价,OK,生意社期现基差表,https://www.100ppi.com/sf/day-2026-08-03.html
2026-08-04,CF,棉花,17409.67,2609,15840.0,1569.0,9.01,现货价-主力期货价,OK,生意社期现基差表,https://www.100ppi.com/sf/day-2026-08-04.html
2026-08-05,CF,棉花,17558.5,2609,15990.0,1568.0,8.93,现货价-主力期货价,OK,生意社期现基差表,https://www.100ppi.com/sf/day-2026-08-05.html
2026-08-06,CF,棉花,17711.5,2609,16150.0,1561.0,8.81,现货价-主力期货价,OK,生意社期现基差表,https://www.100ppi.com/sf/day-2026-08-06.html
2026-08-07,CF,棉花,17870.17,2609,16210.0,1660.0,9.29,现货价-主力期货价,OK,生意社期现基差表,https://www.100ppi.com/sf/day-2026-08-07.html
2026-08-10,CF,棉花,17951.67,2609,16265.0,1686.0,9.39,现货价-主力期货价,OK,生意社期现基差表,https://www.100ppi.com/sf/day-2026-08-10.html
2026-08-11,CF,棉花,17977.17,2701,16735.0,1242.0,6.91,现货价-主力期货价,OK,生意社期现基差表,https://www.100ppi.com/sf/day-2026-08-11.html
2026-08-12,CF,棉花,17966.33,2701,16815.0,1151.0,6.41,现货价-主力期货价,OK,生意社期现基差表,https://www.100ppi.com/sf/day-2026-08-12.html
2026-08-13,CF,棉花,17993.33,2701,16725.0,1268.0,7.05,现货价-主力期货价,OK,生意社期现基差表,https://www.100ppi.com/sf/day-2026-08-13.html
2026-08-14,CF,棉花,17969.83,2701,16740.0,1229.0,6.84,现货价-主力期货价,OK,生意社期现基差表,https://www.100ppi.com/sf/day-2026-08-14.html
2026-07-06,CU,铜,103335.0,2608,102960.0,375.0,0.36,现货价-主力期货价,OK,生意社期现基差表,https://www.100ppi.com/sf/day-2026-07-06.html
2026-07-07,CU,铜,103283.33,2608,102970.0,313.0,0.3,现货价-主力期货价,OK,生意社期现基差表,https://www.100ppi.com/sf/day-2026-07-07.html
2026-07-08,CU,铜,103048.33,2608,102850.0,198.0,0.19,现货价-主力期货价,OK,生意社期现基差表,https://www.100ppi.com/sf/day-2026-07-08.html
2026-07-09,CU,铜,102706.67,2608,103160.0,-453.0,-0.44,现货价-主力期货价,OK,生意社期现基差表,https://www.100ppi.com/sf/day-2026-07-09.html
2026-07-10,CU,铜,104223.33,2609,103710.0,513.0,0.49,现货价-主力期货价,OK,生意社期现基差表,https://www.100ppi.com/sf/day-2026-07-10.html
2026-07-13,CU,铜,103398.33,2609,103060.0,338.0,0.33,现货价-主力期货价,OK,生意社期现基差表,https://www.100ppi.com/sf/day-2026-07-13.html
2026-07-14,CU,铜,104361.67,2609,104340.0,21.0,0.02,现货价-主力期货价,OK,生意社期现基差表,https://www.100ppi.com/sf/day-2026-07-14.html
2026-07-15,CU,铜,105158.33,2609,104140.0,1018.0,0.97,现货价-主力期货价,OK,生意社期现基差表,https://www.100ppi.com/sf/day-2026-07-15.html
2026-07-16,CU,铜,104555.0,2609,104350.0,205.0,0.2,现货价-主力期货价,OK,生意社期现基差表,https://www.100ppi.com/sf/day-2026-07-16.html
2026-07-17,CU,铜,104191.67,2609,103370.0,821.0,0.79,现货价-主力期货价,OK,生意社期现基差表,https://www.100ppi.com/sf/day-2026-07-17.html
2026-07-20,CU,铜,104633.33,2609,103790.0,843.0,0.81,现货价-主力期货价,OK,生意社期现基差表,https://www.100ppi.com/sf/day-2026-07-20.html
2026-07-21,CU,铜,105260.0,2609,105460.0,-200.0,-0.19,现货价-主力期货价,OK,生意社期现基差表,https://www.100ppi.com/sf/day-2026-07-21.html
2026-07-22,CU,铜,106676.67,2609,105820.0,856.0,0.8,现货价-主力期货价,OK,生意社期现基差表,https://www.100ppi.com/sf/day-2026-07-22.html
2026-07-23,CU,铜,106546.67,2609,105890.0,656.0,0.62,现货价-主力期货价,OK,生意社期现基差表,https://www.100ppi.com/sf/day-2026-07-23.html
2026-07-24,CU,铜,105261.67,2609,104750.0,511.0,0.49,现货价-主力期货价,OK,生意社期现基差表,https://www.100ppi.com/sf/day-2026-07-24.html
2026-07-27,CU,铜,105655.0,2609,105050.0,605.0,0.57,现货价-主力期货价,OK,生意社期现基差表,https://www.100ppi.com/sf/day-2026-07-27.html
2026-07-28,CU,铜,105323.33,2609,104810.0,513.0,0.49,现货价-主力期货价,OK,生意社期现基差表,https://www.100ppi.com/sf/day-2026-07-28.html
2026-07-29,CU,铜,105270.0,2609,104890.0,380.0,0.36,现货价-主力期货价,OK,生意社期现基差表,https://www.100ppi.com/sf/day-2026-07-29.html
2026-07-30,CU,铜,105646.67,2609,104690.0,956.0,0.9,现货价-主力期货价,OK,生意社期现基差表,https://www.100ppi.com/sf/day-2026-07-30.html
2026-07-31,CU,铜,106055.0,2609,105460.0,595.0,0.56,现货价-主力期货价,OK,生意社期现基差表,https://www.100ppi.com/sf/day-2026-07-31.html
2026-08-03,CU,铜,106143.33,2609,106120.0,23.0,0.02,现货价-主力期货价,OK,生意社期现基差表,https://www.100ppi.com/sf/day-2026-08-03.html
2026-08-04,CU,铜,106871.67,2609,106650.0,221.0,0.21,现货价-主力期货价,OK,生意社期现基差表,https://www.100ppi.com/sf/day-2026-08-04.html
2026-08-05,CU,铜,107231.67,2609,107340.0,-108.0,-0.1,现货价-主力期货价,OK,生意社期现基差表,https://www.100ppi.com/sf/day-2026-08-05.html
2026-08-06,CU,铜,108231.67,2609,107330.0,901.0,0.83,现货价-主力期货价,OK,生意社期现基差表,https://www.100ppi.com/sf/day-2026-08-06.html
2026-08-07,CU,铜,108580.0,2609,108400.0,180.0,0.17,现货价-主力期货价,OK,生意社期现基差表,https://www.100ppi.com/sf/day-2026-08-07.html
2026-08-10,CU,铜,108011.67,2609,107850.0,161.0,0.15,现货价-主力期货价,OK,生意社期现基差表,https://www.100ppi.com/sf/day-2026-08-10.html
2026-08-11,CU,铜,108648.33,2609,107950.0,698.0,0.64,现货价-主力期货价,OK,生意社期现基差表,https://www.100ppi.com/sf/day-2026-08-11.html
2026-08-12,CU,铜,108535.0,2609,108390.0,145.0,0.13,现货价-主力期货价,OK,生意社期现基差表,https://www.100ppi.com/sf/day-2026-08-12.html
2026-08-13,CU,铜,108216.67,2609,107410.0,806.0,0.74,现货价-主力期货价,OK,生意社期现基差表,https://www.100ppi.com/sf/day-2026-08-13.html
2026-08-14,CU,铜,108103.33,2609,107690.0,413.0,0.38,现货价-主力期货价,OK,生意社期现基差表,https://www.100ppi.com/sf/day-2026-08-14.html
2026-07-06,CY,棉纱,24725.0,2609,22685.0,2040.0,8.25,现货价-主力期货价,OK,生意社期现基差表,https://www.100ppi.com/sf/day-2026-07-06.html
2026-07-07,CY,棉纱,24875.0,2609,22675.0,2200.0,8.84,现货价-主力期货价,OK,生意社期现基差表,https://www.100ppi.com/sf/day-2026-07-07.html
2026-07-08,CY,棉纱,24875.0,2609,22540.0,2335.0,9.39,现货价-主力期货价,OK,生意社期现基差表,https://www.100ppi.com/sf/day-2026-07-08.html
2026-07-09,CY,棉纱,24875.0,2609,22295.0,2580.0,10.37,现货价-主力期货价,OK,生意社期现基差表,https://www.100ppi.com/sf/day-2026-07-09.html
2026-07-10,CY,棉纱,24875.0,2609,22535.0,2340.0,9.41,现货价-主力期货价,OK,生意社期现基差表,https://www.100ppi.com/sf/day-2026-07-10.html
2026-07-13,CY,棉纱,24875.0,2609,22510.0,2365.0,9.51,现货价-主力期货价,OK,生意社期现基差表,https://www.100ppi.com/sf/day-2026-07-13.html
2026-07-14,CY,棉纱,24725.0,2609,22525.0,2200.0,8.9,现货价-主力期货价,OK,生意社期现基差表,https://www.100ppi.com/sf/day-2026-07-14.html
2026-07-15,CY,棉纱,24725.0,2609,22510.0,2215.0,8.96,现货价-主力期货价,OK,生意社期现基差表,https://www.100ppi.com/sf/day-2026-07-15.html
2026-07-16,CY,棉纱,24725.0,2609,22555.0,2170.0,8.78,现货价-主力期货价,OK,生意社期现基差表,https://www.100ppi.com/sf/day-2026-07-16.html
2026-07-17,CY,棉纱,24725.0,2609,22230.0,2495.0,10.09,现货价-主力期货价,OK,生意社期现基差表,https://www.100ppi.com/sf/day-2026-07-17.html
2026-07-20,CY,棉纱,24725.0,2609,22315.0,2410.0,9.75,现货价-主力期货价,OK,生意社期现基差表,https://www.100ppi.com/sf/day-2026-07-20.html
2026-07-21,CY,棉纱,24725.0,2609,22320.0,2405.0,9.73,现货价-主力期货价,OK,生意社期现基差表,https://www.100ppi.com/sf/day-2026-07-21.html
2026-07-22,CY,棉纱,24725.0,2609,22395.0,2330.0,9.42,现货价-主力期货价,OK,生意社期现基差表,https://www.100ppi.com/sf/day-2026-07-22.html
2026-07-23,CY,棉纱,24725.0,2609,22550.0,2175.0,8.8,现货价-主力期货价,OK,生意社期现基差表,https://www.100ppi.com/sf/day-2026-07-23.html
2026-07-24,CY,棉纱,24725.0,2609,22540.0,2185.0,8.84,现货价-主力期货价,OK,生意社期现基差表,https://www.100ppi.com/sf/day-2026-07-24.html
2026-07-27,CY,棉纱,24725.0,2609,22455.0,2270.0,9.18,现货价-主力期货价,OK,生意社期现基差表,https://www.100ppi.com/sf/day-2026-07-27.html
2026-07-28,CY,棉纱,24675.0,2609,22265.0,2410.0,9.77,现货价-主力期货价,OK,生意社期现基差表,https://www.100ppi.com/sf/day-2026-07-28.html
2026-07-29,CY,棉纱,24675.0,2609,22310.0,2365.0,9.58,现货价-主力期货价,OK,生意社期现基差表,https://www.100ppi.com/sf/day-2026-07-29.html
2026-07-30,CY,棉纱,24675.0,2609,22200.0,2475.0,10.03,现货价-主力期货价,OK,生意社期现基差表,https://www.100ppi.com/sf/day-2026-07-30.html
2026-07-31,CY,棉纱,24675.0,2609,22235.0,2440.0,9.89,现货价-主力期货价,OK,生意社期现基差表,https://www.100ppi.com/sf/day-2026-07-31.html
2026-08-03,CY,棉纱,24675.0,2611,22155.0,2520.0,10.21,现货价-主力期货价,OK,生意社期现基差表,https://www.100ppi.com/sf/day-2026-08-03.html
2026-08-04,CY,棉纱,24675.0,2611,22350.0,2325.0,9.42,现货价-主力期货价,OK,生意社期现基差表,https://www.100ppi.com/sf/day-2026-08-04.html
2026-08-05,CY,棉纱,24675.0,2611,22555.0,2120.0,8.59,现货价-主力期货价,OK,生意社期现基差表,https://www.100ppi.com/sf/day-2026-08-05.html
2026-08-06,CY,棉纱,24675.0,2611,22625.0,2050.0,8.31,现货价-主力期货价,OK,生意社期现基差表,https://www.100ppi.com/sf/day-2026-08-06.html
2026-08-07,CY,棉纱,24675.0,2611,22670.0,2005.0,8.13,现货价-主力期货价,OK,生意社期现基差表,https://www.100ppi.com/sf/day-2026-08-07.html
2026-08-10,CY,棉纱,24675.0,2611,22645.0,2030.0,8.23,现货价-主力期货价,OK,生意社期现基差表,https://www.100ppi.com/sf/day-2026-08-10.html
2026-08-11,CY,棉纱,24775.0,2611,22680.0,2095.0,8.46,现货价-主力期货价,OK,生意社期现基差表,https://www.100ppi.com/sf/day-2026-08-11.html
2026-08-12,CY,棉纱,24775.0,2611,22935.0,1840.0,7.43,现货价-主力期货价,OK,生意社期现基差表,https://www.100ppi.com/sf/day-2026-08-12.html
2026-08-13,CY,棉纱,24775.0,2611,22635.0,2140.0,8.64,现货价-主力期货价,OK,生意社期现基差表,https://www.100ppi.com/sf/day-2026-08-13.html
2026-08-14,CY,棉纱,24775.0,2611,22730.0,2045.0,8.25,现货价-主力期货价,OK,生意社期现基差表,https://www.100ppi.com/sf/day-2026-08-14.html
2026-07-06,EB,苯乙烯,7380.0,2608,7337.0,43.0,0.58,现货价-主力期货价,OK,生意社期现基差表,https://www.100ppi.com/sf/day-2026-07-06.html
2026-07-07,EB,苯乙烯,7374.0,2608,7511.0,-137.0,-1.86,现货价-主力期货价,OK,生意社期现基差表,https://www.100ppi.com/sf/day-2026-07-07.html
2026-07-08,EB,苯乙烯,7740.0,2608,7776.0,-36.0,-0.47,现货价-主力期货价,OK,生意社期现基差表,https://www.100ppi.com/sf/day-2026-07-08.html
2026-07-09,EB,苯乙烯,7800.0,2608,7815.0,-15.0,-0.19,现货价-主力期货价,OK,生意社期现基差表,https://www.100ppi.com/sf/day-2026-07-09.html
2026-07-10,EB,苯乙烯,7810.0,2608,7776.0,34.0,0.44,现货价-主力期货价,OK,生意社期现基差表,https://www.100ppi.com/sf/day-2026-07-10.html
2026-07-13,EB,苯乙烯,8190.0,2608,8022.0,168.0,2.05,现货价-主力期货价,OK,生意社期现基差表,https://www.100ppi.com/sf/day-2026-07-13.html
2026-07-14,EB,苯乙烯,8312.0,2608,8449.0,-137.0,-1.65,现货价-主力期货价,OK,生意社期现基差表,https://www.100ppi.com/sf/day-2026-07-14.html
2026-07-15,EB,苯乙烯,8486.0,2608,8519.0,-33.0,-0.39,现货价-主力期货价,OK,生意社期现基差表,https://www.100ppi.com/sf/day-2026-07-15.html
2026-07-16,EB,苯乙烯,8690.0,2608,8593.0,97.0,1.12,现货价-主力期货价,OK,生意社期现基差表,https://www.100ppi.com/sf/day-2026-07-16.html
2026-07-17,EB,苯乙烯,8710.0,2609,8475.0,235.0,2.7,现货价-主力期货价,OK,生意社期现基差表,https://www.100ppi.com/sf/day-2026-07-17.html
2026-07-20,EB,苯乙烯,9080.0,2609,8966.0,114.0,1.26,现货价-主力期货价,OK,生意社期现基差表,https://www.100ppi.com/sf/day-2026-07-20.html
2026-07-21,EB,苯乙烯,9080.0,2609,8665.0,415.0,4.57,现货价-主力期货价,OK,生意社期现基差表,https://www.100ppi.com/sf/day-2026-07-21.html
2026-07-22,EB,苯乙烯,9066.0,2609,8738.0,328.0,3.62,现货价-主力期货价,OK,生意社期现基差表,https://www.100ppi.com/sf/day-2026-07-22.html
2026-07-23,EB,苯乙烯,9066.0,2609,8944.0,122.0,1.35,现货价-主力期货价,OK,生意社期现基差表,https://www.100ppi.com/sf/day-2026-07-23.html
2026-07-24,EB,苯乙烯,9066.0,2609,8850.0,216.0,2.38,现货价-主力期货价,OK,生意社期现基差表,https://www.100ppi.com/sf/day-2026-07-24.html
2026-07-27,EB,苯乙烯,9064.0,2609,8388.0,676.0,7.46,现货价-主力期货价,OK,生意社期现基差表,https://www.100ppi.com/sf/day-2026-07-27.html
2026-07-28,EB,苯乙烯,8670.0,2609,8331.0,339.0,3.91,现货价-主力期货价,OK,生意社期现基差表,https://www.100ppi.com/sf/day-2026-07-28.html
2026-07-29,EB,苯乙烯,8640.0,2609,8501.0,139.0,1.61,现货价-主力期货价,OK,生意社期现基差表,https://www.100ppi.com/sf/day-2026-07-29.html
2026-07-30,EB,苯乙烯,8640.0,2609,8618.0,22.0,0.25,现货价-主力期货价,OK,生意社期现基差表,https://www.100ppi.com/sf/day-2026-07-30.html
2026-07-31,EB,苯乙烯,8690.0,2609,8385.0,305.0,3.51,现货价-主力期货价,OK,生意社期现基差表,https://www.100ppi.com/sf/day-2026-07-31.html
2026-08-03,EB,苯乙烯,8620.0,2609,8359.0,261.0,3.03,现货价-主力期货价,OK,生意社期现基差表,https://www.100ppi.com/sf/day-2026-08-03.html
2026-08-04,EB,苯乙烯,8620.0,2609,8448.0,172.0,2.0,现货价-主力期货价,OK,生意社期现基差表,https://www.100ppi.com/sf/day-2026-08-04.html
2026-08-05,EB,苯乙烯,8700.0,2609,8057.0,643.0,7.39,现货价-主力期货价,OK,生意社期现基差表,https://www.100ppi.com/sf/day-2026-08-05.html
2026-08-06,EB,苯乙烯,8380.0,2609,8133.0,247.0,2.95,现货价-主力期货价,OK,生意社期现基差表,https://www.100ppi.com/sf/day-2026-08-06.html
2026-08-07,EB,苯乙烯,8350.0,2610,8094.0,256.0,3.07,现货价-主力期货价,OK,生意社期现基差表,https://www.100ppi.com/sf/day-2026-08-07.html
2026-08-10,EB,苯乙烯,8620.0,2610,8115.0,505.0,5.86,现货价-主力期货价,OK,生意社期现基差表,https://www.100ppi.com/sf/day-2026-08-10.html
2026-08-11,EB,苯乙烯,8640.0,2610,8298.0,342.0,3.96,现货价-主力期货价,OK,生意社期现基差表,https://www.100ppi.com/sf/day-2026-08-11.html
2026-08-12,EB,苯乙烯,8650.0,2610,8208.0,442.0,5.11,现货价-主力期货价,OK,生意社期现基差表,https://www.100ppi.com/sf/day-2026-08-12.html
2026-08-13,EB,苯乙烯,8650.0,2610,8267.0,383.0,4.43,现货价-主力期货价,OK,生意社期现基差表,https://www.100ppi.com/sf/day-2026-08-13.html
2026-08-14,EB,苯乙烯,8640.0,2610,8393.0,247.0,2.86,现货价-主力期货价,OK,生意社期现基差表,https://www.100ppi.com/sf/day-2026-08-14.html
2026-07-06,EG,乙二醇,4298.33,2609,4005.0,293.0,6.82,现货价-主力期货价,OK,生意社期现基差表,https://www.100ppi.com/sf/day-2026-07-06.html
2026-07-07,EG,乙二醇,4298.33,2609,4060.0,238.0,5.54,现货价-主力期货价,OK,生意社期现基差表,https://www.100ppi.com/sf/day-2026-07-07.html
2026-07-08,EG,乙二醇,4323.33,2609,4101.0,222.0,5.13,现货价-主力期货价,OK,生意社期现基差表,https://www.100ppi.com/sf/day-2026-07-08.html
2026-07-09,EG,乙二醇,4346.67,2609,4131.0,215.0,4.95,现货价-主力期货价,OK,生意社期现基差表,https://www.100ppi.com/sf/day-2026-07-09.html
2026-07-10,EG,乙二醇,4346.67,2609,4202.0,144.0,3.31,现货价-主力期货价,OK,生意社期现基差表,https://www.100ppi.com/sf/day-2026-07-10.html
2026-07-13,EG,乙二醇,4440.0,2609,4359.0,81.0,1.82,现货价-主力期货价,OK,生意社期现基差表,https://www.100ppi.com/sf/day-2026-07-13.html
2026-07-14,EG,乙二醇,4613.33,2609,4546.0,67.0,1.45,现货价-主力期货价,OK,生意社期现基差表,https://www.100ppi.com/sf/day-2026-07-14.html
2026-07-15,EG,乙二醇,4653.33,2609,4650.0,3.33,0.07,现货价-主力期货价,OK,生意社期现基差表,https://www.100ppi.com/sf/day-2026-07-15.html
2026-07-16,EG,乙二醇,4661.67,2609,4658.0,3.67,0.08,现货价-主力期货价,OK,生意社期现基差表,https://www.100ppi.com/sf/day-2026-07-16.html
2026-07-17,EG,乙二醇,4656.67,2609,4613.0,43.0,0.92,现货价-主力期货价,OK,生意社期现基差表,https://www.100ppi.com/sf/day-2026-07-17.html
2026-07-20,EG,乙二醇,4758.33,2609,4785.0,-26.0,-0.55,现货价-主力期货价,OK,生意社期现基差表,https://www.100ppi.com/sf/day-2026-07-20.html
2026-07-21,EG,乙二醇,4835.0,2609,4705.0,130.0,2.69,现货价-主力期货价,OK,生意社期现基差表,https://www.100ppi.com/sf/day-2026-07-21.html
2026-07-22,EG,乙二醇,4831.67,2609,4776.0,55.0,1.14,现货价-主力期货价,OK,生意社期现基差表,https://www.100ppi.com/sf/day-2026-07-22.html
2026-07-23,EG,乙二醇,4831.67,2609,4867.0,-35.0,-0.72,现货价-主力期货价,OK,生意社期现基差表,https://www.100ppi.com/sf/day-2026-07-23.html
2026-07-24,EG,乙二醇,4906.67,2609,4956.0,-49.0,-1.0,现货价-主力期货价,OK,生意社期现基差表,https://www.100ppi.com/sf/day-2026-07-24.html
2026-07-27,EG,乙二醇,4906.67,2609,4781.0,125.0,2.55,现货价-主力期货价,OK,生意社期现基差表,https://www.100ppi.com/sf/day-2026-07-27.html
2026-07-28,EG,乙二醇,4898.33,2609,4817.0,81.0,1.65,现货价-主力期货价,OK,生意社期现基差表,https://www.100ppi.com/sf/day-2026-07-28.html
2026-07-29,EG,乙二醇,4918.33,2609,4936.0,-17.0,-0.35,现货价-主力期货价,OK,生意社期现基差表,https://www.100ppi.com/sf/day-2026-07-29.html
2026-07-30,EG,乙二醇,5010.0,2609,5119.0,-109.0,-2.18,现货价-主力期货价,OK,生意社期现基差表,https://www.100ppi.com/sf/day-2026-07-30.html
2026-07-31,EG,乙二醇,5021.67,2609,5002.0,19.0,0.38,现货价-主力期货价,OK,生意社期现基差表,https://www.100ppi.com/sf/day-2026-07-31.html
2026-08-03,EG,乙二醇,5165.0,2609,4924.0,241.0,4.67,现货价-主力期货价,OK,生意社期现基差表,https://www.100ppi.com/sf/day-2026-08-03.html
2026-08-04,EG,乙二醇,5195.0,2609,4831.0,364.0,7.01,现货价-主力期货价,OK,生意社期现基差表,https://www.100ppi.com/sf/day-2026-08-04.html
2026-08-05,EG,乙二醇,5123.33,2609,4609.0,514.0,10.03,现货价-主力期货价,OK,生意社期现基差表,https://www.100ppi.com/sf/day-2026-08-05.html
2026-08-06,EG,乙二醇,5116.67,2609,4639.0,477.0,9.32,现货价-主力期货价,OK,生意社期现基差表,https://www.100ppi.com/sf/day-2026-08-06.html
2026-08-07,EG,乙二醇,5046.67,2609,4817.0,229.0,4.54,现货价-主力期货价,OK,生意社期现基差表,https://www.100ppi.com/sf/day-2026-08-07.html
2026-08-10,EG,乙二醇,5066.67,2609,4787.0,279.0,5.51,现货价-主力期货价,OK,生意社期现基差表,https://www.100ppi.com/sf/day-2026-08-10.html
2026-08-11,EG,乙二醇,5036.67,2609,4905.0,131.0,2.6,现货价-主力期货价,OK,生意社期现基差表,https://www.100ppi.com/sf/day-2026-08-11.html
2026-08-12,EG,乙二醇,5120.0,2609,4908.0,212.0,4.14,现货价-主力期货价,OK,生意社期现基差表,https://www.100ppi.com/sf/day-2026-08-12.html
2026-08-13,EG,乙二醇,5100.0,2609,4862.0,238.0,4.67,现货价-主力期货价,OK,生意社期现基差表,https://www.100ppi.com/sf/day-2026-08-13.html
2026-08-14,EG,乙二醇,5091.67,2609,4950.0,141.0,2.77,现货价-主力期货价,OK,生意社期现基差表,https://www.100ppi.com/sf/day-2026-08-14.html
2026-07-06,FG,玻璃,12.78,2609,967.0,55.0,5.38,现货价-主力期货价,OK,生意社期现基差表,https://www.100ppi.com/sf/day-2026-07-06.html
2026-07-07,FG,玻璃,12.78,2609,952.0,70.0,6.85,现货价-主力期货价,OK,生意社期现基差表,https://www.100ppi.com/sf/day-2026-07-07.html
2026-07-08,FG,玻璃,12.68,2609,962.0,52.0,5.13,现货价-主力期货价,OK,生意社期现基差表,https://www.100ppi.com/sf/day-2026-07-08.html
2026-07-09,FG,玻璃,12.68,2609,957.0,57.0,5.62,现货价-主力期货价,OK,生意社期现基差表,https://www.100ppi.com/sf/day-2026-07-09.html
2026-07-10,FG,玻璃,12.68,2609,965.0,49.0,4.83,现货价-主力期货价,OK,生意社期现基差表,https://www.100ppi.com/sf/day-2026-07-10.html
2026-07-13,FG,玻璃,12.68,2609,952.0,62.0,6.11,现货价-主力期货价,OK,生意社期现基差表,https://www.100ppi.com/sf/day-2026-07-13.html
2026-07-14,FG,玻璃,12.68,2609,951.0,63.0,6.21,现货价-主力期货价,OK,生意社期现基差表,https://www.100ppi.com/sf/day-2026-07-14.html
2026-07-15,FG,玻璃,12.68,2609,949.0,65.0,6.41,现货价-主力期货价,OK,生意社期现基差表,https://www.100ppi.com/sf/day-2026-07-15.html
2026-07-16,FG,玻璃,12.68,2609,929.0,85.0,8.38,现货价-主力期货价,OK,生意社期现基差表,https://www.100ppi.com/sf/day-2026-07-16.html
2026-07-17,FG,玻璃,12.68,2609,900.0,114.0,11.24,现货价-主力期货价,OK,生意社期现基差表,https://www.100ppi.com/sf/day-2026-07-17.html
2026-07-20,FG,玻璃,12.68,2609,890.0,124.0,12.22,现货价-主力期货价,OK,生意社期现基差表,https://www.100ppi.com/sf/day-2026-07-20.html
2026-07-21,FG,玻璃,12.68,2609,904.0,110.0,10.84,现货价-主力期货价,OK,生意社期现基差表,https://www.100ppi.com/sf/day-2026-07-21.html
2026-07-22,FG,玻璃,12.68,2609,913.0,101.0,9.96,现货价-主力期货价,OK,生意社期现基差表,https://www.100ppi.com/sf/day-2026-07-22.html
2026-07-23,FG,玻璃,12.68,2609,899.0,115.0,11.34,现货价-主力期货价,OK,生意社期现基差表,https://www.100ppi.com/sf/day-2026-07-23.html
2026-07-24,FG,玻璃,12.63,2609,908.0,102.0,10.1,现货价-主力期货价,OK,生意社期现基差表,https://www.100ppi.com/sf/day-2026-07-24.html
2026-07-27,FG,玻璃,12.63,2609,900.0,110.0,10.89,现货价-主力期货价,OK,生意社期现基差表,https://www.100ppi.com/sf/day-2026-07-27.html
2026-07-28,FG,玻璃,12.63,2609,888.0,122.0,12.07,现货价-主力期货价,OK,生意社期现基差表,https://www.100ppi.com/sf/day-2026-07-28.html
2026-07-29,FG,玻璃,12.38,2609,884.0,106.0,10.7,现货价-主力期货价,OK,生意社期现基差表,https://www.100ppi.com/sf/day-2026-07-29.html
2026-07-30,FG,玻璃,12.38,2609,870.0,120.0,12.12,现货价-主力期货价,OK,生意社期现基差表,https://www.100ppi.com/sf/day-2026-07-30.html
2026-07-31,FG,玻璃,12.38,2609,875.0,115.0,11.61,现货价-主力期货价,OK,生意社期现基差表,https://www.100ppi.com/sf/day-2026-07-31.html
2026-08-03,FG,玻璃,12.33,2609,868.0,118.0,11.96,现货价-主力期货价,OK,生意社期现基差表,https://www.100ppi.com/sf/day-2026-08-03.html
2026-08-04,FG,玻璃,12.33,2609,885.0,101.0,10.24,现货价-主力期货价,OK,生意社期现基差表,https://www.100ppi.com/sf/day-2026-08-04.html
2026-08-05,FG,玻璃,12.15,2609,885.0,87.0,8.95,现货价-主力期货价,OK,生意社期现基差表,https://www.100ppi.com/sf/day-2026-08-05.html
2026-08-06,FG,玻璃,12.15,2609,891.0,81.0,8.33,现货价-主力期货价,OK,生意社期现基差表,https://www.100ppi.com/sf/day-2026-08-06.html
2026-08-07,FG,玻璃,12.15,2609,885.0,87.0,8.95,现货价-主力期货价,OK,生意社期现基差表,https://www.100ppi.com/sf/day-2026-08-07.html
2026-08-10,FG,玻璃,12.13,2609,889.0,81.0,8.35,现货价-主力期货价,OK,生意社期现基差表,https://www.100ppi.com/sf/day-2026-08-10.html
2026-08-11,FG,玻璃,12.13,2609,901.0,69.0,7.11,现货价-主力期货价,OK,生意社期现基差表,https://www.100ppi.com/sf/day-2026-08-11.html
2026-08-12,FG,玻璃,12.1,2609,878.0,89.0,9.19,现货价-主力期货价,OK,生意社期现基差表,https://www.100ppi.com/sf/day-2026-08-12.html
2026-08-13,FG,玻璃,12.1,2609,871.0,96.0,9.92,现货价-主力期货价,OK,生意社期现基差表,https://www.100ppi.com/sf/day-2026-08-13.html
2026-08-14,FG,玻璃,12.1,2701,928.0,39.0,4.03,现货价-主力期货价,OK,生意社期现基差表,https://www.100ppi.com/sf/day-2026-08-14.html
2026-07-06,FU,燃料油,6050.0,2609,2951.0,3099.0,51.22,现货价-主力期货价,OK,生意社期现基差表,https://www.100ppi.com/sf/day-2026-07-06.html
2026-07-07,FU,燃料油,6000.0,2609,2945.0,3055.0,50.92,现货价-主力期货价,OK,生意社期现基差表,https://www.100ppi.com/sf/day-2026-07-07.html
2026-07-08,FU,燃料油,5975.0,2609,3104.0,2871.0,48.05,现货价-主力期货价,OK,生意社期现基差表,https://www.100ppi.com/sf/day-2026-07-08.html
2026-07-09,FU,燃料油,5975.0,2609,3149.0,2826.0,47.3,现货价-主力期货价,OK,生意社期现基差表,https://www.100ppi.com/sf/day-2026-07-09.html
2026-07-10,FU,燃料油,5975.0,2609,3130.0,2845.0,47.62,现货价-主力期货价,OK,生意社期现基差表,https://www.100ppi.com/sf/day-2026-07-10.html
2026-07-13,FU,燃料油,5987.5,2609,3279.0,2708.0,45.23,现货价-主力期货价,OK,生意社期现基差表,https://www.100ppi.com/sf/day-2026-07-13.html
2026-07-14,FU,燃料油,6050.0,2609,3504.0,2546.0,42.08,现货价-主力期货价,OK,生意社期现基差表,https://www.100ppi.com/sf/day-2026-07-14.html
2026-07-15,FU,燃料油,6100.0,2609,3605.0,2495.0,40.9,现货价-主力期货价,OK,生意社期现基差表,https://www.100ppi.com/sf/day-2026-07-15.html
2026-07-16,FU,燃料油,6062.5,2609,3563.0,2499.0,41.22,现货价-主力期货价,OK,生意社期现基差表,https://www.100ppi.com/sf/day-2026-07-16.html
2026-07-17,FU,燃料油,6062.5,2609,3565.0,2497.0,41.19,现货价-主力期货价,OK,生意社期现基差表,https://www.100ppi.com/sf/day-2026-07-17.html
2026-07-20,FU,燃料油,6187.5,2609,3775.0,2412.0,38.98,现货价-主力期货价,OK,生意社期现基差表,https://www.100ppi.com/sf/day-2026-07-20.html
2026-07-21,FU,燃料油,6225.0,2609,3628.0,2597.0,41.72,现货价-主力期货价,OK,生意社期现基差表,https://www.100ppi.com/sf/day-2026-07-21.html
2026-07-22,FU,燃料油,6200.0,2609,3794.0,2406.0,38.81,现货价-主力期货价,OK,生意社期现基差表,https://www.100ppi.com/sf/day-2026-07-22.html
2026-07-23,FU,燃料油,6175.0,2609,3896.0,2279.0,36.91,现货价-主力期货价,OK,生意社期现基差表,https://www.100ppi.com/sf/day-2026-07-23.html
2026-07-24,FU,燃料油,6250.0,2609,3879.0,2371.0,37.94,现货价-主力期货价,OK,生意社期现基差表,https://www.100ppi.com/sf/day-2026-07-24.html
2026-07-27,FU,燃料油,6250.0,2609,3604.0,2646.0,42.34,现货价-主力期货价,OK,生意社期现基差表,https://www.100ppi.com/sf/day-2026-07-27.html
2026-07-28,FU,燃料油,6250.0,2609,3503.0,2747.0,43.95,现货价-主力期货价,OK,生意社期现基差表,https://www.100ppi.com/sf/day-2026-07-28.html
2026-07-29,FU,燃料油,6262.5,2609,3586.0,2676.0,42.73,现货价-主力期货价,OK,生意社期现基差表,https://www.100ppi.com/sf/day-2026-07-29.html
2026-07-30,FU,燃料油,6262.5,2609,3711.0,2551.0,40.73,现货价-主力期货价,OK,生意社期现基差表,https://www.100ppi.com/sf/day-2026-07-30.html
2026-07-31,FU,燃料油,6262.5,2609,3530.0,2732.0,43.62,现货价-主力期货价,OK,生意社期现基差表,https://www.100ppi.com/sf/day-2026-07-31.html
2026-08-03,FU,燃料油,6237.5,2609,3397.0,2840.0,45.53,现货价-主力期货价,OK,生意社期现基差表,https://www.100ppi.com/sf/day-2026-08-03.html
2026-08-04,FU,燃料油,6237.5,2609,3471.0,2766.0,44.34,现货价-主力期货价,OK,生意社期现基差表,https://www.100ppi.com/sf/day-2026-08-04.html
2026-08-05,FU,燃料油,6275.0,2611,3176.0,3099.0,49.39,现货价-主力期货价,OK,生意社期现基差表,https://www.100ppi.com/sf/day-2026-08-05.html
2026-08-06,FU,燃料油,6225.0,2611,3242.0,2983.0,47.92,现货价-主力期货价,OK,生意社期现基差表,https://www.100ppi.com/sf/day-2026-08-06.html
2026-08-07,FU,燃料油,6200.0,2611,3317.0,2883.0,46.5,现货价-主力期货价,OK,生意社期现基差表,https://www.100ppi.com/sf/day-2026-08-07.html
2026-08-10,FU,燃料油,6187.5,2611,3316.0,2871.0,46.4,现货价-主力期货价,OK,生意社期现基差表,https://www.100ppi.com/sf/day-2026-08-10.html
2026-08-11,FU,燃料油,6212.5,2611,3500.0,2712.0,43.65,现货价-主力期货价,OK,生意社期现基差表,https://www.100ppi.com/sf/day-2026-08-11.html
2026-08-12,FU,燃料油,6225.0,2611,3505.0,2720.0,43.69,现货价-主力期货价,OK,生意社期现基差表,https://www.100ppi.com/sf/day-2026-08-12.html
2026-08-13,FU,燃料油,6225.0,2611,3503.0,2722.0,43.73,现货价-主力期货价,OK,生意社期现基差表,https://www.100ppi.com/sf/day-2026-08-13.html
2026-08-14,FU,燃料油,6250.0,2611,3585.0,2665.0,42.64,现货价-主力期货价,OK,生意社期现基差表,https://www.100ppi.com/sf/day-2026-08-14.html
2026-07-06,HC,热轧卷板,3304.0,2610,3289.0,15.0,0.45,现货价-主力期货价,OK,生意社期现基差表,https://www.100ppi.com/sf/day-2026-07-06.html
2026-07-07,HC,热轧卷板,3298.0,2610,3283.0,15.0,0.45,现货价-主力期货价,OK,生意社期现基差表,https://www.100ppi.com/sf/day-2026-07-07.html
2026-07-08,HC,热轧卷板,3302.0,2610,3300.0,2.0,0.06,现货价-主力期货价,OK,生意社期现基差表,https://www.100ppi.com/sf/day-2026-07-08.html
2026-07-09,HC,热轧卷板,3304.0,2610,3298.0,6.0,0.18,现货价-主力期货价,OK,生意社期现基差表,https://www.100ppi.com/sf/day-2026-07-09.html
2026-07-10,HC,热轧卷板,3304.0,2610,3291.0,13.0,0.39,现货价-主力期货价,OK,生意社期现基差表,https://www.100ppi.com/sf/day-2026-07-10.html
2026-07-13,HC,热轧卷板,3294.0,2610,3272.0,22.0,0.67,现货价-主力期货价,OK,生意社期现基差表,https://www.100ppi.com/sf/day-2026-07-13.html
2026-07-14,HC,热轧卷板,3306.0,2610,3302.0,4.0,0.12,现货价-主力期货价,OK,生意社期现基差表,https://www.100ppi.com/sf/day-2026-07-14.html
2026-07-15,HC,热轧卷板,3342.0,2610,3327.0,15.0,0.45,现货价-主力期货价,OK,生意社期现基差表,https://www.100ppi.com/sf/day-2026-07-15.html
2026-07-16,HC,热轧卷板,3336.0,2610,3324.0,12.0,0.36,现货价-主力期货价,OK,生意社期现基差表,https://www.100ppi.com/sf/day-2026-07-16.html
2026-07-17,HC,热轧卷板,3328.0,2610,3318.0,10.0,0.3,现货价-主力期货价,OK,生意社期现基差表,https://www.100ppi.com/sf/day-2026-07-17.html
2026-07-20,HC,热轧卷板,3326.0,2610,3298.0,28.0,0.84,现货价-主力期货价,OK,生意社期现基差表,https://www.100ppi.com/sf/day-2026-07-20.html
2026-07-21,HC,热轧卷板,3312.0,2610,3297.0,15.0,0.45,现货价-主力期货价,OK,生意社期现基差表,https://www.100ppi.com/sf/day-2026-07-21.html
2026-07-22,HC,热轧卷板,3302.0,2610,3282.0,20.0,0.61,现货价-主力期货价,OK,生意社期现基差表,https://www.100ppi.com/sf/day-2026-07-22.html
2026-07-23,HC,热轧卷板,3310.0,2610,3291.0,19.0,0.57,现货价-主力期货价,OK,生意社期现基差表,https://www.100ppi.com/sf/day-2026-07-23.html
2026-07-24,HC,热轧卷板,3296.0,2610,3289.0,7.0,0.21,现货价-主力期货价,OK,生意社期现基差表,https://www.100ppi.com/sf/day-2026-07-24.html
2026-07-27,HC,热轧卷板,3314.0,2610,3294.0,20.0,0.6,现货价-主力期货价,OK,生意社期现基差表,https://www.100ppi.com/sf/day-2026-07-27.html
2026-07-28,HC,热轧卷板,3294.0,2610,3281.0,13.0,0.39,现货价-主力期货价,OK,生意社期现基差表,https://www.100ppi.com/sf/day-2026-07-28.html
2026-07-29,HC,热轧卷板,3304.0,2610,3286.0,18.0,0.54,现货价-主力期货价,OK,生意社期现基差表,https://www.100ppi.com/sf/day-2026-07-29.html
2026-07-30,HC,热轧卷板,3268.0,2610,3240.0,28.0,0.86,现货价-主力期货价,OK,生意社期现基差表,https://www.100ppi.com/sf/day-2026-07-30.html
2026-07-31,HC,热轧卷板,3256.0,2610,3220.0,36.0,1.11,现货价-主力期货价,OK,生意社期现基差表,https://www.100ppi.com/sf/day-2026-07-31.html
2026-08-03,HC,热轧卷板,3262.0,2610,3197.0,65.0,1.99,现货价-主力期货价,OK,生意社期现基差表,https://www.100ppi.com/sf/day-2026-08-03.html
2026-08-04,HC,热轧卷板,3260.0,2610,3201.0,59.0,1.81,现货价-主力期货价,OK,生意社期现基差表,https://www.100ppi.com/sf/day-2026-08-04.html
2026-08-05,HC,热轧卷板,3220.0,2610,3207.0,13.0,0.4,现货价-主力期货价,OK,生意社期现基差表,https://www.100ppi.com/sf/day-2026-08-05.html
2026-08-06,HC,热轧卷板,3230.0,2610,3236.0,-6.0,-0.19,现货价-主力期货价,OK,生意社期现基差表,https://www.100ppi.com/sf/day-2026-08-06.html
2026-08-07,HC,热轧卷板,3252.0,2610,3243.0,9.0,0.28,现货价-主力期货价,OK,生意社期现基差表,https://www.100ppi.com/sf/day-2026-08-07.html
2026-08-10,HC,热轧卷板,3248.0,2610,3235.0,13.0,0.4,现货价-主力期货价,OK,生意社期现基差表,https://www.100ppi.com/sf/day-2026-08-10.html
2026-08-11,HC,热轧卷板,3250.0,2610,3244.0,6.0,0.18,现货价-主力期货价,OK,生意社期现基差表,https://www.100ppi.com/sf/day-2026-08-11.html
2026-08-12,HC,热轧卷板,3254.0,2610,3239.0,15.0,0.46,现货价-主力期货价,OK,生意社期现基差表,https://www.100ppi.com/sf/day-2026-08-12.html
2026-08-13,HC,热轧卷板,3250.0,2610,3233.0,17.0,0.52,现货价-主力期货价,OK,生意社期现基差表,https://www.100ppi.com/sf/day-2026-08-13.html
2026-08-14,HC,热轧卷板,3268.0,2610,3260.0,8.0,0.24,现货价-主力期货价,OK,生意社期现基差表,https://www.100ppi.com/sf/day-2026-08-14.html
2026-07-06,I,铁矿石,715.89,2609,738.0,-22.0,-3.07,现货价-主力期货价,OK,生意社期现基差表,https://www.100ppi.com/sf/day-2026-07-06.html
2026-07-07,I,铁矿石,712.78,2609,735.5,-22.0,-3.09,现货价-主力期货价,OK,生意社期现基差表,https://www.100ppi.com/sf/day-2026-07-07.html
2026-07-08,I,铁矿石,712.33,2609,746.0,-33.0,-4.63,现货价-主力期货价,OK,生意社期现基差表,https://www.100ppi.com/sf/day-2026-07-08.html
2026-07-09,I,铁矿石,716.22,2609,745.5,-29.0,-4.05,现货价-主力期货价,OK,生意社期现基差表,https://www.100ppi.com/sf/day-2026-07-09.html
2026-07-10,I,铁矿石,718.11,2609,751.5,-33.0,-4.6,现货价-主力期货价,OK,生意社期现基差表,https://www.100ppi.com/sf/day-2026-07-10.html
2026-07-13,I,铁矿石,720.44,2609,744.5,-24.0,-3.33,现货价-主力期货价,OK,生意社期现基差表,https://www.100ppi.com/sf/day-2026-07-13.html
2026-07-14,I,铁矿石,721.78,2609,760.5,-38.0,-5.26,现货价-主力期货价,OK,生意社期现基差表,https://www.100ppi.com/sf/day-2026-07-14.html
2026-07-15,I,铁矿石,726.89,2609,762.0,-35.0,-4.82,现货价-主力期货价,OK,生意社期现基差表,https://www.100ppi.com/sf/day-2026-07-15.html
2026-07-16,I,铁矿石,722.33,2609,759.5,-37.0,-5.12,现货价-主力期货价,OK,生意社期现基差表,https://www.100ppi.com/sf/day-2026-07-16.html
2026-07-17,I,铁矿石,723.67,2609,762.0,-38.0,-5.25,现货价-主力期货价,OK,生意社期现基差表,https://www.100ppi.com/sf/day-2026-07-17.html
2026-07-20,I,铁矿石,725.56,2609,758.0,-32.0,-4.41,现货价-主力期货价,OK,生意社期现基差表,https://www.100ppi.com/sf/day-2026-07-20.html
2026-07-21,I,铁矿石,714.78,2609,749.0,-34.0,-4.76,现货价-主力期货价,OK,生意社期现基差表,https://www.100ppi.com/sf/day-2026-07-21.html
2026-07-22,I,铁矿石,714.56,2609,739.5,-24.0,-3.36,现货价-主力期货价,OK,生意社期现基差表,https://www.100ppi.com/sf/day-2026-07-22.html
2026-07-23,I,铁矿石,713.0,2609,747.5,-34.0,-4.77,现货价-主力期货价,OK,生意社期现基差表,https://www.100ppi.com/sf/day-2026-07-23.html
2026-07-24,I,铁矿石,710.67,2609,746.0,-35.0,-4.92,现货价-主力期货价,OK,生意社期现基差表,https://www.100ppi.com/sf/day-2026-07-24.html
2026-07-27,I,铁矿石,708.89,2609,741.0,-32.0,-4.51,现货价-主力期货价,OK,生意社期现基差表,https://www.100ppi.com/sf/day-2026-07-27.html
2026-07-28,I,铁矿石,709.22,2609,741.0,-31.0,-4.37,现货价-主力期货价,OK,生意社期现基差表,https://www.100ppi.com/sf/day-2026-07-28.html
2026-07-29,I,铁矿石,708.89,2609,739.0,-30.0,-4.23,现货价-主力期货价,OK,生意社期现基差表,https://www.100ppi.com/sf/day-2026-07-29.html
2026-07-30,I,铁矿石,699.44,2609,715.0,-15.0,-2.14,现货价-主力期货价,OK,生意社期现基差表,https://www.100ppi.com/sf/day-2026-07-30.html
2026-07-31,I,铁矿石,695.0,2609,716.0,-21.0,-3.02,现货价-主力期货价,OK,生意社期现基差表,https://www.100ppi.com/sf/day-2026-07-31.html
2026-08-03,I,铁矿石,680.0,2609,698.0,-18.0,-2.65,现货价-主力期货价,OK,生意社期现基差表,https://www.100ppi.com/sf/day-2026-08-03.html
2026-08-04,I,铁矿石,679.33,2609,699.5,-20.0,-2.94,现货价-主力期货价,OK,生意社期现基差表,https://www.100ppi.com/sf/day-2026-08-04.html
2026-08-05,I,铁矿石,680.44,2609,706.0,-25.0,-3.67,现货价-主力期货价,OK,生意社期现基差表,https://www.100ppi.com/sf/day-2026-08-05.html
2026-08-06,I,铁矿石,691.33,2609,719.0,-27.0,-3.91,现货价-主力期货价,OK,生意社期现基差表,https://www.100ppi.com/sf/day-2026-08-06.html
2026-08-07,I,铁矿石,698.67,2701,703.0,-4.33,-0.62,现货价-主力期货价,OK,生意社期现基差表,https://www.100ppi.com/sf/day-2026-08-07.html
2026-08-10,I,铁矿石,693.44,2701,701.5,-8.0,-1.15,现货价-主力期货价,OK,生意社期现基差表,https://www.100ppi.com/sf/day-2026-08-10.html
2026-08-11,I,铁矿石,698.44,2701,707.5,-9.0,-1.29,现货价-主力期货价,OK,生意社期现基差表,https://www.100ppi.com/sf/day-2026-08-11.html
2026-08-12,I,铁矿石,702.56,2701,705.5,-2.94,-0.42,现货价-主力期货价,OK,生意社期现基差表,https://www.100ppi.com/sf/day-2026-08-12.html
2026-08-13,I,铁矿石,701.22,2701,705.0,-3.78,-0.54,现货价-主力期货价,OK,生意社期现基差表,https://www.100ppi.com/sf/day-2026-08-13.html
2026-08-14,I,铁矿石,704.11,2701,710.5,-6.0,-0.85,现货价-主力期货价,OK,生意社期现基差表,https://www.100ppi.com/sf/day-2026-08-14.html
2026-07-06,J,焦炭,2011.25,2609,1951.0,60.0,2.98,现货价-主力期货价,OK,生意社期现基差表,https://www.100ppi.com/sf/day-2026-07-06.html
2026-07-07,J,焦炭,2011.25,2609,1936.0,75.0,3.73,现货价-主力期货价,OK,生意社期现基差表,https://www.100ppi.com/sf/day-2026-07-07.html
2026-07-08,J,焦炭,2011.25,2609,1956.5,54.0,2.68,现货价-主力期货价,OK,生意社期现基差表,https://www.100ppi.com/sf/day-2026-07-08.html
2026-07-09,J,焦炭,2011.25,2609,1945.0,66.0,3.28,现货价-主力期货价,OK,生意社期现基差表,https://www.100ppi.com/sf/day-2026-07-09.html
2026-07-10,J,焦炭,2011.25,2609,1913.0,98.0,4.87,现货价-主力期货价,OK,生意社期现基差表,https://www.100ppi.com/sf/day-2026-07-10.html
2026-07-13,J,焦炭,2011.25,2609,1865.0,146.0,7.26,现货价-主力期货价,OK,生意社期现基差表,https://www.100ppi.com/sf/day-2026-07-13.html
2026-07-14,J,焦炭,2011.25,2609,1868.0,143.0,7.11,现货价-主力期货价,OK,生意社期现基差表,https://www.100ppi.com/sf/day-2026-07-14.html
2026-07-15,J,焦炭,2011.25,2609,1879.5,131.0,6.51,现货价-主力期货价,OK,生意社期现基差表,https://www.100ppi.com/sf/day-2026-07-15.html
2026-07-16,J,焦炭,2011.25,2609,1864.5,146.0,7.26,现货价-主力期货价,OK,生意社期现基差表,https://www.100ppi.com/sf/day-2026-07-16.html
2026-07-17,J,焦炭,2011.25,2609,1864.0,147.0,7.31,现货价-主力期货价,OK,生意社期现基差表,https://www.100ppi.com/sf/day-2026-07-17.html
2026-07-20,J,焦炭,2011.25,2609,1840.0,171.0,8.5,现货价-主力期货价,OK,生意社期现基差表,https://www.100ppi.com/sf/day-2026-07-20.html
2026-07-21,J,焦炭,2011.25,2609,1837.0,174.0,8.65,现货价-主力期货价,OK,生意社期现基差表,https://www.100ppi.com/sf/day-2026-07-21.html
2026-07-22,J,焦炭,2011.25,2609,1824.5,186.0,9.25,现货价-主力期货价,OK,生意社期现基差表,https://www.100ppi.com/sf/day-2026-07-22.html
2026-07-23,J,焦炭,2011.25,2609,1847.0,164.0,8.15,现货价-主力期货价,OK,生意社期现基差表,https://www.100ppi.com/sf/day-2026-07-23.html
2026-07-24,J,焦炭,1972.5,2609,1840.5,132.0,6.69,现货价-主力期货价,OK,生意社期现基差表,https://www.100ppi.com/sf/day-2026-07-24.html
2026-07-27,J,焦炭,1957.5,2609,1853.5,104.0,5.31,现货价-主力期货价,OK,生意社期现基差表,https://www.100ppi.com/sf/day-2026-07-27.html
2026-07-28,J,焦炭,1957.5,2609,1825.0,132.0,6.74,现货价-主力期货价,OK,生意社期现基差表,https://www.100ppi.com/sf/day-2026-07-28.html
2026-07-29,J,焦炭,1957.5,2609,1845.0,112.0,5.72,现货价-主力期货价,OK,生意社期现基差表,https://www.100ppi.com/sf/day-2026-07-29.html
2026-07-30,J,焦炭,1957.5,2609,1821.0,136.0,6.95,现货价-主力期货价,OK,生意社期现基差表,https://www.100ppi.com/sf/day-2026-07-30.html
2026-07-31,J,焦炭,1957.5,2609,1767.0,190.0,9.71,现货价-主力期货价,OK,生意社期现基差表,https://www.100ppi.com/sf/day-2026-07-31.html
2026-08-03,J,焦炭,1957.5,2609,1753.0,204.0,10.42,现货价-主力期货价,OK,生意社期现基差表,https://www.100ppi.com/sf/day-2026-08-03.html
2026-08-04,J,焦炭,1910.0,2609,1760.0,150.0,7.85,现货价-主力期货价,OK,生意社期现基差表,https://www.100ppi.com/sf/day-2026-08-04.html
2026-08-05,J,焦炭,1910.0,2609,1793.0,117.0,6.13,现货价-主力期货价,OK,生意社期现基差表,https://www.100ppi.com/sf/day-2026-08-05.html
2026-08-06,J,焦炭,1903.75,2609,1832.5,71.0,3.73,现货价-主力期货价,OK,生意社期现基差表,https://www.100ppi.com/sf/day-2026-08-06.html
2026-08-07,J,焦炭,1903.75,2609,1868.5,35.0,1.84,现货价-主力期货价,OK,生意社期现基差表,https://www.100ppi.com/sf/day-2026-08-07.html
2026-08-10,J,焦炭,1903.75,2609,1865.0,38.0,2.0,现货价-主力期货价,OK,生意社期现基差表,https://www.100ppi.com/sf/day-2026-08-10.html
2026-08-11,J,焦炭,1868.75,2609,1910.0,-41.0,-2.19,现货价-主力期货价,OK,生意社期现基差表,https://www.100ppi.com/sf/day-2026-08-11.html
2026-08-12,J,焦炭,1868.75,2609,1906.0,-37.0,-1.98,现货价-主力期货价,OK,生意社期现基差表,https://www.100ppi.com/sf/day-2026-08-12.html
2026-08-13,J,焦炭,1868.75,2609,1890.5,-21.0,-1.12,现货价-主力期货价,OK,生意社期现基差表,https://www.100ppi.com/sf/day-2026-08-13.html
2026-08-14,J,焦炭,1868.75,2609,1911.5,-42.0,-2.25,现货价-主力期货价,OK,生意社期现基差表,https://www.100ppi.com/sf/day-2026-08-14.html
2026-07-06,JD,鸡蛋,9.0,2608,4707.0,-207.0,-4.6,现货价-主力期货价,OK,生意社期现基差表,https://www.100ppi.com/sf/day-2026-07-06.html
2026-07-07,JD,鸡蛋,9.23,2608,4718.0,-103.0,-2.23,现货价-主力期货价,OK,生意社期现基差表,https://www.100ppi.com/sf/day-2026-07-07.html
2026-07-08,JD,鸡蛋,9.4,2608,4714.0,-14.0,-0.3,现货价-主力期货价,OK,生意社期现基差表,https://www.100ppi.com/sf/day-2026-07-08.html
2026-07-09,JD,鸡蛋,9.53,2609,4507.0,258.0,5.41,现货价-主力期货价,OK,生意社期现基差表,https://www.100ppi.com/sf/day-2026-07-09.html
2026-07-10,JD,鸡蛋,9.6,2609,4638.0,162.0,3.38,现货价-主力期货价,OK,生意社期现基差表,https://www.100ppi.com/sf/day-2026-07-10.html
2026-07-13,JD,鸡蛋,9.6,2609,4529.0,271.0,5.65,现货价-主力期货价,OK,生意社期现基差表,https://www.100ppi.com/sf/day-2026-07-13.html
2026-07-14,JD,鸡蛋,9.8,2609,4366.0,534.0,10.9,现货价-主力期货价,OK,生意社期现基差表,https://www.100ppi.com/sf/day-2026-07-14.html
2026-07-15,JD,鸡蛋,9.8,2609,4432.0,468.0,9.55,现货价-主力期货价,OK,生意社期现基差表,https://www.100ppi.com/sf/day-2026-07-15.html
2026-07-16,JD,鸡蛋,9.8,2609,4377.0,523.0,10.67,现货价-主力期货价,OK,生意社期现基差表,https://www.100ppi.com/sf/day-2026-07-16.html
2026-07-17,JD,鸡蛋,9.8,2609,4342.0,558.0,11.39,现货价-主力期货价,OK,生意社期现基差表,https://www.100ppi.com/sf/day-2026-07-17.html
2026-07-20,JD,鸡蛋,9.85,2609,4191.0,734.0,14.9,现货价-主力期货价,OK,生意社期现基差表,https://www.100ppi.com/sf/day-2026-07-20.html
2026-07-21,JD,鸡蛋,9.9,2609,4153.0,797.0,16.1,现货价-主力期货价,OK,生意社期现基差表,https://www.100ppi.com/sf/day-2026-07-21.html
2026-07-22,JD,鸡蛋,9.9,2609,4131.0,819.0,16.55,现货价-主力期货价,OK,生意社期现基差表,https://www.100ppi.com/sf/day-2026-07-22.html
2026-07-23,JD,鸡蛋,9.85,2609,4144.0,781.0,15.86,现货价-主力期货价,OK,生意社期现基差表,https://www.100ppi.com/sf/day-2026-07-23.html
2026-07-24,JD,鸡蛋,9.73,2609,4022.0,843.0,17.33,现货价-主力期货价,OK,生意社期现基差表,https://www.100ppi.com/sf/day-2026-07-24.html
2026-07-27,JD,鸡蛋,9.7,2609,4085.0,764.0,15.75,现货价-主力期货价,OK,生意社期现基差表,https://www.100ppi.com/sf/day-2026-07-27.html
2026-07-28,JD,鸡蛋,9.7,2609,4134.0,715.0,14.74,现货价-主力期货价,OK,生意社期现基差表,https://www.100ppi.com/sf/day-2026-07-28.html
2026-07-29,JD,鸡蛋,9.7,2609,4091.0,758.0,15.63,现货价-主力期货价,OK,生意社期现基差表,https://www.100ppi.com/sf/day-2026-07-29.html
2026-07-30,JD,鸡蛋,9.7,2609,4040.0,809.0,16.68,现货价-主力期货价,OK,生意社期现基差表,https://www.100ppi.com/sf/day-2026-07-30.html
2026-07-31,JD,鸡蛋,9.7,2609,3949.0,900.0,18.56,现货价-主力期货价,OK,生意社期现基差表,https://www.100ppi.com/sf/day-2026-07-31.html
2026-08-03,JD,鸡蛋,9.22,2609,4061.0,549.0,11.91,现货价-主力期货价,OK,生意社期现基差表,https://www.100ppi.com/sf/day-2026-08-03.html
2026-08-04,JD,鸡蛋,9.2,2610,3820.0,780.0,16.96,现货价-主力期货价,OK,生意社期现基差表,https://www.100ppi.com/sf/day-2026-08-04.html
2026-08-05,JD,鸡蛋,9.28,2610,3876.0,764.0,16.47,现货价-主力期货价,OK,生意社期现基差表,https://www.100ppi.com/sf/day-2026-08-05.html
2026-08-06,JD,鸡蛋,9.35,2610,3936.0,739.0,15.81,现货价-主力期货价,OK,生意社期现基差表,https://www.100ppi.com/sf/day-2026-08-06.html
2026-08-07,JD,鸡蛋,9.35,2610,3963.0,712.0,15.23,现货价-主力期货价,OK,生意社期现基差表,https://www.100ppi.com/sf/day-2026-08-07.html
2026-08-10,JD,鸡蛋,9.55,2610,3904.0,871.0,18.24,现货价-主力期货价,OK,生意社期现基差表,https://www.100ppi.com/sf/day-2026-08-10.html
2026-08-11,JD,鸡蛋,9.68,2610,3818.0,1022.0,21.12,现货价-主力期货价,OK,生意社期现基差表,https://www.100ppi.com/sf/day-2026-08-11.html
2026-08-12,JD,鸡蛋,9.72,2610,3878.0,982.0,20.21,现货价-主力期货价,OK,生意社期现基差表,https://www.100ppi.com/sf/day-2026-08-12.html
2026-08-13,JD,鸡蛋,9.88,2610,3909.0,1031.0,20.87,现货价-主力期货价,OK,生意社期现基差表,https://www.100ppi.com/sf/day-2026-08-13.html
2026-08-14,JD,鸡蛋,10.03,2610,3957.0,1058.0,21.1,现货价-主力期货价,OK,生意社期现基差表,https://www.100ppi.com/sf/day-2026-08-14.html
2026-07-06,JM,焦煤,1911.25,2609,1283.5,627.0,32.81,现货价-主力期货价,OK,生意社期现基差表,https://www.100ppi.com/sf/day-2026-07-06.html
2026-07-07,JM,焦煤,1911.25,2609,1273.0,638.0,33.38,现货价-主力期货价,OK,生意社期现基差表,https://www.100ppi.com/sf/day-2026-07-07.html
2026-07-08,JM,焦煤,1911.25,2609,1293.5,617.0,32.28,现货价-主力期货价,OK,生意社期现基差表,https://www.100ppi.com/sf/day-2026-07-08.html
2026-07-09,JM,焦煤,1891.25,2609,1290.0,601.0,31.78,现货价-主力期货价,OK,生意社期现基差表,https://www.100ppi.com/sf/day-2026-07-09.html
2026-07-10,JM,焦煤,1891.25,2609,1257.5,633.0,33.47,现货价-主力期货价,OK,生意社期现基差表,https://www.100ppi.com/sf/day-2026-07-10.html
2026-07-13,JM,焦煤,1878.75,2609,1239.0,639.0,34.01,现货价-主力期货价,OK,生意社期现基差表,https://www.100ppi.com/sf/day-2026-07-13.html
2026-07-14,JM,焦煤,1878.75,2609,1260.0,618.0,32.89,现货价-主力期货价,OK,生意社期现基差表,https://www.100ppi.com/sf/day-2026-07-14.html
2026-07-15,JM,焦煤,1878.75,2609,1273.0,605.0,32.2,现货价-主力期货价,OK,生意社期现基差表,https://www.100ppi.com/sf/day-2026-07-15.html
2026-07-16,JM,焦煤,1878.75,2609,1261.0,617.0,32.84,现货价-主力期货价,OK,生意社期现基差表,https://www.100ppi.com/sf/day-2026-07-16.html
2026-07-17,JM,焦煤,1861.25,2609,1260.5,600.0,32.24,现货价-主力期货价,OK,生意社期现基差表,https://www.100ppi.com/sf/day-2026-07-17.html
2026-07-20,JM,焦煤,1846.25,2609,1272.0,574.0,31.09,现货价-主力期货价,OK,生意社期现基差表,https://www.100ppi.com/sf/day-2026-07-20.html
2026-07-21,JM,焦煤,1846.25,2609,1275.0,571.0,30.93,现货价-主力期货价,OK,生意社期现基差表,https://www.100ppi.com/sf/day-2026-07-21.html
2026-07-22,JM,焦煤,1846.25,2609,1266.0,580.0,31.42,现货价-主力期货价,OK,生意社期现基差表,https://www.100ppi.com/sf/day-2026-07-22.html
2026-07-23,JM,焦煤,1846.25,2609,1287.5,558.0,30.22,现货价-主力期货价,OK,生意社期现基差表,https://www.100ppi.com/sf/day-2026-07-23.html
2026-07-24,JM,焦煤,1846.25,2609,1285.0,561.0,30.39,现货价-主力期货价,OK,生意社期现基差表,https://www.100ppi.com/sf/day-2026-07-24.html
2026-07-27,JM,焦煤,1846.25,2609,1270.5,575.0,31.14,现货价-主力期货价,OK,生意社期现基差表,https://www.100ppi.com/sf/day-2026-07-27.html
2026-07-28,JM,焦煤,1846.25,2609,1242.5,603.0,32.66,现货价-主力期货价,OK,生意社期现基差表,https://www.100ppi.com/sf/day-2026-07-28.html
2026-07-29,JM,焦煤,1846.25,2609,1248.0,598.0,32.39,现货价-主力期货价,OK,生意社期现基差表,https://www.100ppi.com/sf/day-2026-07-29.html
2026-07-30,JM,焦煤,1846.25,2609,1227.0,619.0,33.53,现货价-主力期货价,OK,生意社期现基差表,https://www.100ppi.com/sf/day-2026-07-30.html
2026-07-31,JM,焦煤,1846.25,2609,1181.0,665.0,36.02,现货价-主力期货价,OK,生意社期现基差表,https://www.100ppi.com/sf/day-2026-07-31.html
2026-08-03,JM,焦煤,1823.75,2609,1182.0,641.0,35.15,现货价-主力期货价,OK,生意社期现基差表,https://www.100ppi.com/sf/day-2026-08-03.html
2026-08-04,JM,焦煤,1823.75,2609,1196.5,627.0,34.38,现货价-主力期货价,OK,生意社期现基差表,https://www.100ppi.com/sf/day-2026-08-04.html
2026-08-05,JM,焦煤,1823.75,2609,1233.0,590.0,32.35,现货价-主力期货价,OK,生意社期现基差表,https://www.100ppi.com/sf/day-2026-08-05.html
2026-08-06,JM,焦煤,1863.75,2609,1235.5,628.0,33.7,现货价-主力期货价,OK,生意社期现基差表,https://www.100ppi.com/sf/day-2026-08-06.html
2026-08-07,JM,焦煤,1863.75,2609,1267.5,596.0,31.98,现货价-主力期货价,OK,生意社期现基差表,https://www.100ppi.com/sf/day-2026-08-07.html
2026-08-10,JM,焦煤,1863.75,2609,1273.5,590.0,31.66,现货价-主力期货价,OK,生意社期现基差表,https://www.100ppi.com/sf/day-2026-08-10.html
2026-08-11,JM,焦煤,1863.75,2701,1469.5,394.0,21.14,现货价-主力期货价,OK,生意社期现基差表,https://www.100ppi.com/sf/day-2026-08-11.html
2026-08-12,JM,焦煤,1863.75,2701,1476.0,387.0,20.76,现货价-主力期货价,OK,生意社期现基差表,https://www.100ppi.com/sf/day-2026-08-12.html
2026-08-13,JM,焦煤,1863.75,2701,1470.5,393.0,21.09,现货价-主力期货价,OK,生意社期现基差表,https://www.100ppi.com/sf/day-2026-08-13.html
2026-08-14,JM,焦煤,1898.75,2701,1515.5,383.0,20.17,现货价-主力期货价,OK,生意社期现基差表,https://www.100ppi.com/sf/day-2026-08-14.html
2026-07-06,L,聚乙烯,7316.66,2609,6896.0,420.0,5.74,现货价-主力期货价,OK,生意社期现基差表,https://www.100ppi.com/sf/day-2026-07-06.html
2026-07-07,L,聚乙烯,7341.66,2609,7029.0,312.0,4.25,现货价-主力期货价,OK,生意社期现基差表,https://www.100ppi.com/sf/day-2026-07-07.html
2026-07-08,L,聚乙烯,7491.66,2609,7085.0,406.0,5.42,现货价-主力期货价,OK,生意社期现基差表,https://www.100ppi.com/sf/day-2026-07-08.html
2026-07-09,L,聚乙烯,7545.0,2609,7209.0,336.0,4.45,现货价-主力期货价,OK,生意社期现基差表,https://www.100ppi.com/sf/day-2026-07-09.html
2026-07-10,L,聚乙烯,7565.0,2609,7196.0,369.0,4.88,现货价-主力期货价,OK,生意社期现基差表,https://www.100ppi.com/sf/day-2026-07-10.html
2026-07-13,L,聚乙烯,7835.0,2609,7294.0,541.0,6.9,现货价-主力期货价,OK,生意社期现基差表,https://www.100ppi.com/sf/day-2026-07-13.html
2026-07-14,L,聚乙烯,8286.67,2609,7714.0,572.0,6.9,现货价-主力期货价,OK,生意社期现基差表,https://www.100ppi.com/sf/day-2026-07-14.html
2026-07-15,L,聚乙烯,8325.0,2609,7748.0,577.0,6.93,现货价-主力期货价,OK,生意社期现基差表,https://www.100ppi.com/sf/day-2026-07-15.html
2026-07-16,L,聚乙烯,8390.0,2609,7697.0,693.0,8.26,现货价-主力期货价,OK,生意社期现基差表,https://www.100ppi.com/sf/day-2026-07-16.html
2026-07-17,L,聚乙烯,8350.0,2609,7618.0,732.0,8.77,现货价-主力期货价,OK,生意社期现基差表,https://www.100ppi.com/sf/day-2026-07-17.html
2026-07-20,L,聚乙烯,8403.33,2609,7940.0,463.0,5.51,现货价-主力期货价,OK,生意社期现基差表,https://www.100ppi.com/sf/day-2026-07-20.html
2026-07-21,L,聚乙烯,8411.67,2609,7794.0,617.0,7.34,现货价-主力期货价,OK,生意社期现基差表,https://www.100ppi.com/sf/day-2026-07-21.html
2026-07-22,L,聚乙烯,8383.33,2609,7810.0,573.0,6.83,现货价-主力期货价,OK,生意社期现基差表,https://www.100ppi.com/sf/day-2026-07-22.html
2026-07-23,L,聚乙烯,8408.33,2609,7997.0,411.0,4.89,现货价-主力期货价,OK,生意社期现基差表,https://www.100ppi.com/sf/day-2026-07-23.html
2026-07-24,L,聚乙烯,8440.0,2609,7990.0,450.0,5.33,现货价-主力期货价,OK,生意社期现基差表,https://www.100ppi.com/sf/day-2026-07-24.html
2026-07-27,L,聚乙烯,8325.0,2609,7650.0,675.0,8.11,现货价-主力期货价,OK,生意社期现基差表,https://www.100ppi.com/sf/day-2026-07-27.html
2026-07-28,L,聚乙烯,8198.33,2609,7631.0,567.0,6.92,现货价-主力期货价,OK,生意社期现基差表,https://www.100ppi.com/sf/day-2026-07-28.html
2026-07-29,L,聚乙烯,8195.0,2609,7705.0,490.0,5.98,现货价-主力期货价,OK,生意社期现基差表,https://www.100ppi.com/sf/day-2026-07-29.html
2026-07-30,L,聚乙烯,8243.33,2609,7787.0,456.0,5.53,现货价-主力期货价,OK,生意社期现基差表,https://www.100ppi.com/sf/day-2026-07-30.html
2026-07-31,L,聚乙烯,8233.33,2609,7742.0,491.0,5.96,现货价-主力期货价,OK,生意社期现基差表,https://www.100ppi.com/sf/day-2026-07-31.html
2026-08-03,L,聚乙烯,8243.33,2609,7671.0,572.0,6.94,现货价-主力期货价,OK,生意社期现基差表,https://www.100ppi.com/sf/day-2026-08-03.html
2026-08-04,L,聚乙烯,8238.33,2609,7726.0,512.0,6.21,现货价-主力期货价,OK,生意社期现基差表,https://www.100ppi.com/sf/day-2026-08-04.html
2026-08-05,L,聚乙烯,8191.66,2609,7616.0,575.0,7.02,现货价-主力期货价,OK,生意社期现基差表,https://www.100ppi.com/sf/day-2026-08-05.html
2026-08-06,L,聚乙烯,8158.34,2609,7629.0,529.0,6.48,现货价-主力期货价,OK,生意社期现基差表,https://www.100ppi.com/sf/day-2026-08-06.html
2026-08-07,L,聚乙烯,8158.34,2609,7739.0,419.0,5.14,现货价-主力期货价,OK,生意社期现基差表,https://www.100ppi.com/sf/day-2026-08-07.html
2026-08-10,L,聚乙烯,8175.0,2609,7666.0,509.0,6.23,现货价-主力期货价,OK,生意社期现基差表,https://www.100ppi.com/sf/day-2026-08-10.html
2026-08-11,L,聚乙烯,8191.66,2609,7852.0,339.0,4.14,现货价-主力期货价,OK,生意社期现基差表,https://www.100ppi.com/sf/day-2026-08-11.html
2026-08-12,L,聚乙烯,8275.0,2609,7809.0,466.0,5.63,现货价-主力期货价,OK,生意社期现基差表,https://www.100ppi.com/sf/day-2026-08-12.html
2026-08-13,L,聚乙烯,8275.0,2609,7879.0,396.0,4.79,现货价-主力期货价,OK,生意社期现基差表,https://www.100ppi.com/sf/day-2026-08-13.html
2026-08-14,L,聚乙烯,8301.67,2609,7932.0,369.0,4.44,现货价-主力期货价,OK,生意社期现基差表,https://www.100ppi.com/sf/day-2026-08-14.html
2026-07-06,LC,碳酸锂,162000.0,2609,164560.0,-2560.0,-1.58,现货价-主力期货价,OK,生意社期现基差表,https://www.100ppi.com/sf/day-2026-07-06.html
2026-07-07,LC,碳酸锂,162000.0,2609,163360.0,-1360.0,-0.84,现货价-主力期货价,OK,生意社期现基差表,https://www.100ppi.com/sf/day-2026-07-07.html
2026-07-08,LC,碳酸锂,163000.0,2609,158440.0,4560.0,2.8,现货价-主力期货价,OK,生意社期现基差表,https://www.100ppi.com/sf/day-2026-07-08.html
2026-07-09,LC,碳酸锂,156000.0,2609,153020.0,2980.0,1.91,现货价-主力期货价,OK,生意社期现基差表,https://www.100ppi.com/sf/day-2026-07-09.html
2026-07-10,LC,碳酸锂,154000.0,2609,151600.0,2400.0,1.56,现货价-主力期货价,OK,生意社期现基差表,https://www.100ppi.com/sf/day-2026-07-10.html
2026-07-13,LC,碳酸锂,153000.0,2609,152240.0,760.0,0.5,现货价-主力期货价,OK,生意社期现基差表,https://www.100ppi.com/sf/day-2026-07-13.html
2026-07-14,LC,碳酸锂,153000.0,2609,153180.0,-180.0,-0.12,现货价-主力期货价,OK,生意社期现基差表,https://www.100ppi.com/sf/day-2026-07-14.html
2026-07-15,LC,碳酸锂,153000.0,2609,149240.0,3760.0,2.46,现货价-主力期货价,OK,生意社期现基差表,https://www.100ppi.com/sf/day-2026-07-15.html
2026-07-16,LC,碳酸锂,151000.0,2609,151660.0,-660.0,-0.44,现货价-主力期货价,OK,生意社期现基差表,https://www.100ppi.com/sf/day-2026-07-16.html
2026-07-17,LC,碳酸锂,151000.0,2609,150140.0,860.0,0.57,现货价-主力期货价,OK,生意社期现基差表,https://www.100ppi.com/sf/day-2026-07-17.html
2026-07-20,LC,碳酸锂,149000.0,2609,143900.0,5100.0,3.42,现货价-主力期货价,OK,生意社期现基差表,https://www.100ppi.com/sf/day-2026-07-20.html
2026-07-21,LC,碳酸锂,142000.0,2609,141620.0,380.0,0.27,现货价-主力期货价,OK,生意社期现基差表,https://www.100ppi.com/sf/day-2026-07-21.html
2026-07-22,LC,碳酸锂,142000.0,2609,143300.0,-1300.0,-0.92,现货价-主力期货价,OK,生意社期现基差表,https://www.100ppi.com/sf/day-2026-07-22.html
2026-07-23,LC,碳酸锂,145000.0,2609,145000.0,0.0,0.0,现货价-主力期货价,OK,生意社期现基差表,https://www.100ppi.com/sf/day-2026-07-23.html
2026-07-24,LC,碳酸锂,143000.0,2609,144280.0,-1280.0,-0.9,现货价-主力期货价,OK,生意社期现基差表,https://www.100ppi.com/sf/day-2026-07-24.html
2026-07-27,LC,碳酸锂,146000.0,2609,147220.0,-1220.0,-0.84,现货价-主力期货价,OK,生意社期现基差表,https://www.100ppi.com/sf/day-2026-07-27.html
2026-07-28,LC,碳酸锂,144000.0,2609,143480.0,520.0,0.36,现货价-主力期货价,OK,生意社期现基差表,https://www.100ppi.com/sf/day-2026-07-28.html
2026-07-29,LC,碳酸锂,146000.0,2609,147900.0,-1900.0,-1.3,现货价-主力期货价,OK,生意社期现基差表,https://www.100ppi.com/sf/day-2026-07-29.html
2026-07-30,LC,碳酸锂,144000.0,2609,141060.0,2940.0,2.04,现货价-主力期货价,OK,生意社期现基差表,https://www.100ppi.com/sf/day-2026-07-30.html
2026-07-31,LC,碳酸锂,142000.0,2609,137760.0,4240.0,2.99,现货价-主力期货价,OK,生意社期现基差表,https://www.100ppi.com/sf/day-2026-07-31.html
2026-08-03,LC,碳酸锂,139000.0,2609,138900.0,100.0,0.07,现货价-主力期货价,OK,生意社期现基差表,https://www.100ppi.com/sf/day-2026-08-03.html
2026-08-04,LC,碳酸锂,139000.0,2609,139380.0,-380.0,-0.27,现货价-主力期货价,OK,生意社期现基差表,https://www.100ppi.com/sf/day-2026-08-04.html
2026-08-05,LC,碳酸锂,140000.0,2609,143220.0,-3220.0,-2.3,现货价-主力期货价,OK,生意社期现基差表,https://www.100ppi.com/sf/day-2026-08-05.html
2026-08-06,LC,碳酸锂,140000.0,2609,141460.0,-1460.0,-1.04,现货价-主力期货价,OK,生意社期现基差表,https://www.100ppi.com/sf/day-2026-08-06.html
2026-08-07,LC,碳酸锂,141000.0,2609,140000.0,1000.0,0.71,现货价-主力期货价,OK,生意社期现基差表,https://www.100ppi.com/sf/day-2026-08-07.html
2026-08-10,LC,碳酸锂,143000.0,2609,146360.0,-3360.0,-2.35,现货价-主力期货价,OK,生意社期现基差表,https://www.100ppi.com/sf/day-2026-08-10.html
2026-08-11,LC,碳酸锂,144000.0,2609,145860.0,-1860.0,-1.29,现货价-主力期货价,OK,生意社期现基差表,https://www.100ppi.com/sf/day-2026-08-11.html
2026-08-12,LC,碳酸锂,148000.0,2701,149560.0,-1560.0,-1.05,现货价-主力期货价,OK,生意社期现基差表,https://www.100ppi.com/sf/day-2026-08-12.html
2026-08-13,LC,碳酸锂,149000.0,2701,152120.0,-3120.0,-2.09,现货价-主力期货价,OK,生意社期现基差表,https://www.100ppi.com/sf/day-2026-08-13.html
2026-08-14,LC,碳酸锂,151000.0,2701,155240.0,-4240.0,-2.81,现货价-主力期货价,OK,生意社期现基差表,https://www.100ppi.com/sf/day-2026-08-14.html
2026-07-06,LH,生猪,10.73,2609,12340.0,-1610.0,-15.0,现货价-主力期货价,OK,生意社期现基差表,https://www.100ppi.com/sf/day-2026-07-06.html
2026-07-07,LH,生猪,11.02,2609,12285.0,-1265.0,-11.48,现货价-主力期货价,OK,生意社期现基差表,https://www.100ppi.com/sf/day-2026-07-07.html
2026-07-08,LH,生猪,11.05,2609,12245.0,-1195.0,-10.81,现货价-主力期货价,OK,生意社期现基差表,https://www.100ppi.com/sf/day-2026-07-08.html
2026-07-09,LH,生猪,11.05,2609,12215.0,-1165.0,-10.54,现货价-主力期货价,OK,生意社期现基差表,https://www.100ppi.com/sf/day-2026-07-09.html
2026-07-10,LH,生猪,11.05,2609,12450.0,-1400.0,-12.67,现货价-主力期货价,OK,生意社期现基差表,https://www.100ppi.com/sf/day-2026-07-10.html
2026-07-13,LH,生猪,11.05,2609,12015.0,-965.0,-8.73,现货价-主力期货价,OK,生意社期现基差表,https://www.100ppi.com/sf/day-2026-07-13.html
2026-07-14,LH,生猪,11.02,2609,12050.0,-1030.0,-9.35,现货价-主力期货价,OK,生意社期现基差表,https://www.100ppi.com/sf/day-2026-07-14.html
2026-07-15,LH,生猪,10.98,2609,11960.0,-980.0,-8.93,现货价-主力期货价,OK,生意社期现基差表,https://www.100ppi.com/sf/day-2026-07-15.html
2026-07-16,LH,生猪,10.97,2609,11915.0,-945.0,-8.61,现货价-主力期货价,OK,生意社期现基差表,https://www.100ppi.com/sf/day-2026-07-16.html
2026-07-17,LH,生猪,10.9,2609,11765.0,-865.0,-7.94,现货价-主力期货价,OK,生意社期现基差表,https://www.100ppi.com/sf/day-2026-07-17.html
2026-07-20,LH,生猪,10.87,2609,11475.0,-605.0,-5.57,现货价-主力期货价,OK,生意社期现基差表,https://www.100ppi.com/sf/day-2026-07-20.html
2026-07-21,LH,生猪,10.85,2609,11425.0,-575.0,-5.3,现货价-主力期货价,OK,生意社期现基差表,https://www.100ppi.com/sf/day-2026-07-21.html
2026-07-22,LH,生猪,10.77,2609,11275.0,-505.0,-4.69,现货价-主力期货价,OK,生意社期现基差表,https://www.100ppi.com/sf/day-2026-07-22.html
2026-07-23,LH,生猪,10.68,2609,11330.0,-650.0,-6.09,现货价-主力期货价,OK,生意社期现基差表,https://www.100ppi.com/sf/day-2026-07-23.html
2026-07-24,LH,生猪,10.67,2609,11065.0,-395.0,-3.7,现货价-主力期货价,OK,生意社期现基差表,https://www.100ppi.com/sf/day-2026-07-24.html
2026-07-27,LH,生猪,10.58,2609,11175.0,-595.0,-5.62,现货价-主力期货价,OK,生意社期现基差表,https://www.100ppi.com/sf/day-2026-07-27.html
2026-07-28,LH,生猪,10.5,2609,10965.0,-465.0,-4.43,现货价-主力期货价,OK,生意社期现基差表,https://www.100ppi.com/sf/day-2026-07-28.html
2026-07-29,LH,生猪,10.48,2609,10935.0,-455.0,-4.34,现货价-主力期货价,OK,生意社期现基差表,https://www.100ppi.com/sf/day-2026-07-29.html
2026-07-30,LH,生猪,10.45,2609,10775.0,-325.0,-3.11,现货价-主力期货价,OK,生意社期现基差表,https://www.100ppi.com/sf/day-2026-07-30.html
2026-07-31,LH,生猪,10.38,2611,11810.0,-1430.0,-13.78,现货价-主力期货价,OK,生意社期现基差表,https://www.100ppi.com/sf/day-2026-07-31.html
2026-08-03,LH,生猪,10.45,2611,11600.0,-1150.0,-11.0,现货价-主力期货价,OK,生意社期现基差表,https://www.100ppi.com/sf/day-2026-08-03.html
2026-08-04,LH,生猪,10.48,2611,11820.0,-1340.0,-12.79,现货价-主力期货价,OK,生意社期现基差表,https://www.100ppi.com/sf/day-2026-08-04.html
2026-08-05,LH,生猪,10.47,2611,11910.0,-1440.0,-13.75,现货价-主力期货价,OK,生意社期现基差表,https://www.100ppi.com/sf/day-2026-08-05.html
2026-08-06,LH,生猪,10.42,2611,12085.0,-1665.0,-15.98,现货价-主力期货价,OK,生意社期现基差表,https://www.100ppi.com/sf/day-2026-08-06.html
2026-08-07,LH,生猪,10.43,2611,12035.0,-1605.0,-15.39,现货价-主力期货价,OK,生意社期现基差表,https://www.100ppi.com/sf/day-2026-08-07.html
2026-08-10,LH,生猪,10.58,2611,12170.0,-1590.0,-15.03,现货价-主力期货价,OK,生意社期现基差表,https://www.100ppi.com/sf/day-2026-08-10.html
2026-08-11,LH,生猪,10.65,2611,12130.0,-1480.0,-13.9,现货价-主力期货价,OK,生意社期现基差表,https://www.100ppi.com/sf/day-2026-08-11.html
2026-08-12,LH,生猪,10.72,2611,12035.0,-1315.0,-12.27,现货价-主力期货价,OK,生意社期现基差表,https://www.100ppi.com/sf/day-2026-08-12.html
2026-08-13,LH,生猪,10.75,2611,12305.0,-1555.0,-14.47,现货价-主力期货价,OK,生意社期现基差表,https://www.100ppi.com/sf/day-2026-08-13.html
2026-08-14,LH,生猪,10.78,2611,12315.0,-1535.0,-14.24,现货价-主力期货价,OK,生意社期现基差表,https://www.100ppi.com/sf/day-2026-08-14.html
2026-07-06,M,豆粕,2950.0,2609,3026.0,-76.0,-2.58,现货价-主力期货价,OK,生意社期现基差表,https://www.100ppi.com/sf/day-2026-07-06.html
2026-07-07,M,豆粕,2962.0,2609,3045.0,-83.0,-2.8,现货价-主力期货价,OK,生意社期现基差表,https://www.100ppi.com/sf/day-2026-07-07.html
2026-07-08,M,豆粕,2976.0,2609,3051.0,-75.0,-2.52,现货价-主力期货价,OK,生意社期现基差表,https://www.100ppi.com/sf/day-2026-07-08.html
2026-07-09,M,豆粕,2976.0,2609,3052.0,-76.0,-2.55,现货价-主力期货价,OK,生意社期现基差表,https://www.100ppi.com/sf/day-2026-07-09.html
2026-07-10,M,豆粕,2976.0,2609,3049.0,-73.0,-2.45,现货价-主力期货价,OK,生意社期现基差表,https://www.100ppi.com/sf/day-2026-07-10.html
2026-07-13,M,豆粕,3004.0,2609,3050.0,-46.0,-1.53,现货价-主力期货价,OK,生意社期现基差表,https://www.100ppi.com/sf/day-2026-07-13.html
2026-07-14,M,豆粕,3000.0,2609,3049.0,-49.0,-1.63,现货价-主力期货价,OK,生意社期现基差表,https://www.100ppi.com/sf/day-2026-07-14.html
2026-07-15,M,豆粕,2990.0,2609,3066.0,-76.0,-2.54,现货价-主力期货价,OK,生意社期现基差表,https://www.100ppi.com/sf/day-2026-07-15.html
2026-07-16,M,豆粕,3010.0,2609,3067.0,-57.0,-1.89,现货价-主力期货价,OK,生意社期现基差表,https://www.100ppi.com/sf/day-2026-07-16.html
2026-07-17,M,豆粕,2996.0,2609,3061.0,-65.0,-2.17,现货价-主力期货价,OK,生意社期现基差表,https://www.100ppi.com/sf/day-2026-07-17.html
2026-07-20,M,豆粕,3018.0,2609,3129.0,-111.0,-3.68,现货价-主力期货价,OK,生意社期现基差表,https://www.100ppi.com/sf/day-2026-07-20.html
2026-07-21,M,豆粕,3050.0,2609,3148.0,-98.0,-3.21,现货价-主力期货价,OK,生意社期现基差表,https://www.100ppi.com/sf/day-2026-07-21.html
2026-07-22,M,豆粕,3070.0,2609,3146.0,-76.0,-2.48,现货价-主力期货价,OK,生意社期现基差表,https://www.100ppi.com/sf/day-2026-07-22.html
2026-07-23,M,豆粕,3108.0,2609,3175.0,-67.0,-2.16,现货价-主力期货价,OK,生意社期现基差表,https://www.100ppi.com/sf/day-2026-07-23.html
2026-07-24,M,豆粕,3090.0,2609,3225.0,-135.0,-4.37,现货价-主力期货价,OK,生意社期现基差表,https://www.100ppi.com/sf/day-2026-07-24.html
2026-07-27,M,豆粕,3122.0,2609,3164.0,-42.0,-1.35,现货价-主力期货价,OK,生意社期现基差表,https://www.100ppi.com/sf/day-2026-07-27.html
2026-07-28,M,豆粕,3100.0,2609,3101.0,-1.0,-0.03,现货价-主力期货价,OK,生意社期现基差表,https://www.100ppi.com/sf/day-2026-07-28.html
2026-07-29,M,豆粕,3086.0,2609,3109.0,-23.0,-0.75,现货价-主力期货价,OK,生意社期现基差表,https://www.100ppi.com/sf/day-2026-07-29.html
2026-07-30,M,豆粕,3062.0,2609,3074.0,-12.0,-0.39,现货价-主力期货价,OK,生意社期现基差表,https://www.100ppi.com/sf/day-2026-07-30.html
2026-07-31,M,豆粕,3066.0,2609,3071.0,-5.0,-0.16,现货价-主力期货价,OK,生意社期现基差表,https://www.100ppi.com/sf/day-2026-07-31.html
2026-08-03,M,豆粕,3056.0,2701,3126.0,-70.0,-2.29,现货价-主力期货价,OK,生意社期现基差表,https://www.100ppi.com/sf/day-2026-08-03.html
2026-08-04,M,豆粕,3076.0,2701,3135.0,-59.0,-1.92,现货价-主力期货价,OK,生意社期现基差表,https://www.100ppi.com/sf/day-2026-08-04.html
2026-08-05,M,豆粕,3070.0,2701,3123.0,-53.0,-1.73,现货价-主力期货价,OK,生意社期现基差表,https://www.100ppi.com/sf/day-2026-08-05.html
2026-08-06,M,豆粕,3068.0,2701,3134.0,-66.0,-2.15,现货价-主力期货价,OK,生意社期现基差表,https://www.100ppi.com/sf/day-2026-08-06.html
2026-08-07,M,豆粕,3078.0,2701,3154.0,-76.0,-2.47,现货价-主力期货价,OK,生意社期现基差表,https://www.100ppi.com/sf/day-2026-08-07.html
2026-08-10,M,豆粕,3090.0,2701,3148.0,-58.0,-1.88,现货价-主力期货价,OK,生意社期现基差表,https://www.100ppi.com/sf/day-2026-08-10.html
2026-08-11,M,豆粕,3090.0,2701,3140.0,-50.0,-1.62,现货价-主力期货价,OK,生意社期现基差表,https://www.100ppi.com/sf/day-2026-08-11.html
2026-08-12,M,豆粕,3080.0,2701,3142.0,-62.0,-2.01,现货价-主力期货价,OK,生意社期现基差表,https://www.100ppi.com/sf/day-2026-08-12.html
2026-08-13,M,豆粕,3102.0,2701,3152.0,-50.0,-1.61,现货价-主力期货价,OK,生意社期现基差表,https://www.100ppi.com/sf/day-2026-08-13.html
2026-08-14,M,豆粕,3086.0,2701,3165.0,-79.0,-2.56,现货价-主力期货价,OK,生意社期现基差表,https://www.100ppi.com/sf/day-2026-08-14.html
2026-07-06,MA,甲醇MA,2529.17,2609,2363.0,166.0,6.56,现货价-主力期货价,OK,生意社期现基差表,https://www.100ppi.com/sf/day-2026-07-06.html
2026-07-07,MA,甲醇MA,2534.17,2609,2404.0,130.0,5.13,现货价-主力期货价,OK,生意社期现基差表,https://www.100ppi.com/sf/day-2026-07-07.html
2026-07-08,MA,甲醇MA,2620.0,2609,2488.0,132.0,5.04,现货价-主力期货价,OK,生意社期现基差表,https://www.100ppi.com/sf/day-2026-07-08.html
2026-07-09,MA,甲醇MA,2650.0,2609,2488.0,162.0,6.11,现货价-主力期货价,OK,生意社期现基差表,https://www.100ppi.com/sf/day-2026-07-09.html
2026-07-10,MA,甲醇MA,2613.33,2609,2480.0,133.0,5.09,现货价-主力期货价,OK,生意社期现基差表,https://www.100ppi.com/sf/day-2026-07-10.html
2026-07-13,MA,甲醇MA,2640.0,2609,2516.0,124.0,4.7,现货价-主力期货价,OK,生意社期现基差表,https://www.100ppi.com/sf/day-2026-07-13.html
2026-07-14,MA,甲醇MA,2741.67,2609,2632.0,109.0,3.98,现货价-主力期货价,OK,生意社期现基差表,https://www.100ppi.com/sf/day-2026-07-14.html
2026-07-15,MA,甲醇MA,2696.67,2609,2648.0,48.0,1.78,现货价-主力期货价,OK,生意社期现基差表,https://www.100ppi.com/sf/day-2026-07-15.html
2026-07-16,MA,甲醇MA,2656.67,2609,2633.0,23.0,0.87,现货价-主力期货价,OK,生意社期现基差表,https://www.100ppi.com/sf/day-2026-07-16.html
2026-07-17,MA,甲醇MA,2638.33,2609,2630.0,8.0,0.3,现货价-主力期货价,OK,生意社期现基差表,https://www.100ppi.com/sf/day-2026-07-17.html
2026-07-20,MA,甲醇MA,2790.0,2609,2802.0,-12.0,-0.43,现货价-主力期货价,OK,生意社期现基差表,https://www.100ppi.com/sf/day-2026-07-20.html
2026-07-21,MA,甲醇MA,2706.67,2609,2707.0,-0.33,-0.01,现货价-主力期货价,OK,生意社期现基差表,https://www.100ppi.com/sf/day-2026-07-21.html
2026-07-22,MA,甲醇MA,2718.33,2609,2718.0,0.33,0.01,现货价-主力期货价,OK,生意社期现基差表,https://www.100ppi.com/sf/day-2026-07-22.html
2026-07-23,MA,甲醇MA,2750.0,2609,2756.0,-6.0,-0.22,现货价-主力期货价,OK,生意社期现基差表,https://www.100ppi.com/sf/day-2026-07-23.html
2026-07-24,MA,甲醇MA,2753.33,2609,2755.0,-1.67,-0.06,现货价-主力期货价,OK,生意社期现基差表,https://www.100ppi.com/sf/day-2026-07-24.html
2026-07-27,MA,甲醇MA,2621.67,2609,2610.0,11.0,0.42,现货价-主力期货价,OK,生意社期现基差表,https://www.100ppi.com/sf/day-2026-07-27.html
2026-07-28,MA,甲醇MA,2613.33,2609,2601.0,12.0,0.46,现货价-主力期货价,OK,生意社期现基差表,https://www.100ppi.com/sf/day-2026-07-28.html
2026-07-29,MA,甲醇MA,2656.67,2609,2649.0,7.0,0.26,现货价-主力期货价,OK,生意社期现基差表,https://www.100ppi.com/sf/day-2026-07-29.html
2026-07-30,MA,甲醇MA,2665.0,2609,2657.0,8.0,0.3,现货价-主力期货价,OK,生意社期现基差表,https://www.100ppi.com/sf/day-2026-07-30.html
2026-07-31,MA,甲醇MA,2627.5,2609,2618.0,9.0,0.34,现货价-主力期货价,OK,生意社期现基差表,https://www.100ppi.com/sf/day-2026-07-31.html
2026-08-03,MA,甲醇MA,2620.0,2609,2594.0,26.0,0.99,现货价-主力期货价,OK,生意社期现基差表,https://www.100ppi.com/sf/day-2026-08-03.html
2026-08-04,MA,甲醇MA,2616.67,2609,2586.0,30.0,1.15,现货价-主力期货价,OK,生意社期现基差表,https://www.100ppi.com/sf/day-2026-08-04.html
2026-08-05,MA,甲醇MA,2565.0,2609,2517.0,48.0,1.87,现货价-主力期货价,OK,生意社期现基差表,https://www.100ppi.com/sf/day-2026-08-05.html
2026-08-06,MA,甲醇MA,2531.67,2610,2478.0,53.0,2.09,现货价-主力期货价,OK,生意社期现基差表,https://www.100ppi.com/sf/day-2026-08-06.html
2026-08-07,MA,甲醇MA,2560.0,2610,2500.0,60.0,2.34,现货价-主力期货价,OK,生意社期现基差表,https://www.100ppi.com/sf/day-2026-08-07.html
2026-08-10,MA,甲醇MA,2580.0,2610,2531.0,49.0,1.9,现货价-主力期货价,OK,生意社期现基差表,https://www.100ppi.com/sf/day-2026-08-10.html
2026-08-11,MA,甲醇MA,2660.0,2610,2633.0,27.0,1.02,现货价-主力期货价,OK,生意社期现基差表,https://www.100ppi.com/sf/day-2026-08-11.html
2026-08-12,MA,甲醇MA,2645.0,2610,2607.0,38.0,1.44,现货价-主力期货价,OK,生意社期现基差表,https://www.100ppi.com/sf/day-2026-08-12.html
2026-08-13,MA,甲醇MA,2668.33,2610,2645.0,23.0,0.86,现货价-主力期货价,OK,生意社期现基差表,https://www.100ppi.com/sf/day-2026-08-13.html
2026-08-14,MA,甲醇MA,2707.5,2610,2687.0,20.0,0.74,现货价-主力期货价,OK,生意社期现基差表,https://www.100ppi.com/sf/day-2026-08-14.html
2026-07-06,NI,镍,127683.33,2609,126890.0,793.0,0.62,现货价-主力期货价,OK,生意社期现基差表,https://www.100ppi.com/sf/day-2026-07-06.html
2026-07-07,NI,镍,127950.0,2609,126700.0,1250.0,0.98,现货价-主力期货价,OK,生意社期现基差表,https://www.100ppi.com/sf/day-2026-07-07.html
2026-07-08,NI,镍,126800.0,2609,125640.0,1160.0,0.91,现货价-主力期货价,OK,生意社期现基差表,https://www.100ppi.com/sf/day-2026-07-08.html
2026-07-09,NI,镍,127500.0,2609,127980.0,-480.0,-0.38,现货价-主力期货价,OK,生意社期现基差表,https://www.100ppi.com/sf/day-2026-07-09.html
2026-07-10,NI,镍,129100.0,2609,128180.0,920.0,0.71,现货价-主力期货价,OK,生意社期现基差表,https://www.100ppi.com/sf/day-2026-07-10.html
2026-07-13,NI,镍,128750.0,2609,127710.0,1040.0,0.81,现货价-主力期货价,OK,生意社期现基差表,https://www.100ppi.com/sf/day-2026-07-13.html
2026-07-14,NI,镍,129950.0,2609,129550.0,400.0,0.31,现货价-主力期货价,OK,生意社期现基差表,https://www.100ppi.com/sf/day-2026-07-14.html
2026-07-15,NI,镍,129616.67,2609,128120.0,1496.0,1.15,现货价-主力期货价,OK,生意社期现基差表,https://www.100ppi.com/sf/day-2026-07-15.html
2026-07-16,NI,镍,130350.0,2609,132940.0,-2590.0,-1.99,现货价-主力期货价,OK,生意社期现基差表,https://www.100ppi.com/sf/day-2026-07-16.html
2026-07-17,NI,镍,130283.33,2609,128890.0,1393.0,1.07,现货价-主力期货价,OK,生意社期现基差表,https://www.100ppi.com/sf/day-2026-07-17.html
2026-07-20,NI,镍,131100.0,2609,129920.0,1180.0,0.9,现货价-主力期货价,OK,生意社期现基差表,https://www.100ppi.com/sf/day-2026-07-20.html
2026-07-21,NI,镍,130316.67,2609,130620.0,-303.0,-0.23,现货价-主力期货价,OK,生意社期现基差表,https://www.100ppi.com/sf/day-2026-07-21.html
2026-07-22,NI,镍,131400.0,2609,131480.0,-80.0,-0.06,现货价-主力期货价,OK,生意社期现基差表,https://www.100ppi.com/sf/day-2026-07-22.html
2026-07-23,NI,镍,132533.33,2609,133160.0,-626.0,-0.47,现货价-主力期货价,OK,生意社期现基差表,https://www.100ppi.com/sf/day-2026-07-23.html
2026-07-24,NI,镍,132416.67,2609,133710.0,-1293.0,-0.98,现货价-主力期货价,OK,生意社期现基差表,https://www.100ppi.com/sf/day-2026-07-24.html
2026-07-27,NI,镍,133050.0,2609,132850.0,200.0,0.15,现货价-主力期货价,OK,生意社期现基差表,https://www.100ppi.com/sf/day-2026-07-27.html
2026-07-28,NI,镍,132400.0,2609,131010.0,1390.0,1.05,现货价-主力期货价,OK,生意社期现基差表,https://www.100ppi.com/sf/day-2026-07-28.html
2026-07-29,NI,镍,131616.67,2609,131660.0,-43.0,-0.03,现货价-主力期货价,OK,生意社期现基差表,https://www.100ppi.com/sf/day-2026-07-29.html
2026-07-30,NI,镍,131700.0,2609,131280.0,420.0,0.32,现货价-主力期货价,OK,生意社期现基差表,https://www.100ppi.com/sf/day-2026-07-30.html
2026-07-31,NI,镍,132650.0,2609,131680.0,970.0,0.73,现货价-主力期货价,OK,生意社期现基差表,https://www.100ppi.com/sf/day-2026-07-31.html
2026-08-03,NI,镍,131483.33,2609,129430.0,2053.0,1.56,现货价-主力期货价,OK,生意社期现基差表,https://www.100ppi.com/sf/day-2026-08-03.html
2026-08-04,NI,镍,133583.33,2609,132470.0,1113.0,0.83,现货价-主力期货价,OK,生意社期现基差表,https://www.100ppi.com/sf/day-2026-08-04.html
2026-08-05,NI,镍,130800.0,2609,130800.0,0.0,0.0,现货价-主力期货价,OK,生意社期现基差表,https://www.100ppi.com/sf/day-2026-08-05.html
2026-08-06,NI,镍,131633.33,2609,127460.0,4173.0,3.17,现货价-主力期货价,OK,生意社期现基差表,https://www.100ppi.com/sf/day-2026-08-06.html
2026-08-07,NI,镍,130066.67,2609,130460.0,-393.0,-0.3,现货价-主力期货价,OK,生意社期现基差表,https://www.100ppi.com/sf/day-2026-08-07.html
2026-08-10,NI,镍,130716.67,2609,129740.0,976.0,0.75,现货价-主力期货价,OK,生意社期现基差表,https://www.100ppi.com/sf/day-2026-08-10.html
2026-08-11,NI,镍,129416.67,2609,129270.0,146.0,0.11,现货价-主力期货价,OK,生意社期现基差表,https://www.100ppi.com/sf/day-2026-08-11.html
2026-08-12,NI,镍,129350.0,2609,128710.0,640.0,0.49,现货价-主力期货价,OK,生意社期现基差表,https://www.100ppi.com/sf/day-2026-08-12.html
2026-08-13,NI,镍,128783.33,2609,128000.0,783.0,0.61,现货价-主力期货价,OK,生意社期现基差表,https://www.100ppi.com/sf/day-2026-08-13.html
2026-08-14,NI,镍,127750.0,2609,127040.0,710.0,0.56,现货价-主力期货价,OK,生意社期现基差表,https://www.100ppi.com/sf/day-2026-08-14.html
2026-07-06,OI,菜籽油OI,10016.0,2609,9741.0,275.0,2.75,现货价-主力期货价,OK,生意社期现基差表,https://www.100ppi.com/sf/day-2026-07-06.html
2026-07-07,OI,菜籽油OI,10146.0,2609,9858.0,288.0,2.84,现货价-主力期货价,OK,生意社期现基差表,https://www.100ppi.com/sf/day-2026-07-07.html
2026-07-08,OI,菜籽油OI,10206.0,2609,9844.0,362.0,3.55,现货价-主力期货价,OK,生意社期现基差表,https://www.100ppi.com/sf/day-2026-07-08.html
2026-07-09,OI,菜籽油OI,10216.0,2609,9902.0,314.0,3.07,现货价-主力期货价,OK,生意社期现基差表,https://www.100ppi.com/sf/day-2026-07-09.html
2026-07-10,OI,菜籽油OI,10216.0,2609,9908.0,308.0,3.01,现货价-主力期货价,OK,生意社期现基差表,https://www.100ppi.com/sf/day-2026-07-10.html
2026-07-13,OI,菜籽油OI,10206.0,2609,9875.0,331.0,3.24,现货价-主力期货价,OK,生意社期现基差表,https://www.100ppi.com/sf/day-2026-07-13.html
2026-07-14,OI,菜籽油OI,10256.0,2609,9944.0,312.0,3.04,现货价-主力期货价,OK,生意社期现基差表,https://www.100ppi.com/sf/day-2026-07-14.html
2026-07-15,OI,菜籽油OI,10256.0,2609,9936.0,320.0,3.12,现货价-主力期货价,OK,生意社期现基差表,https://www.100ppi.com/sf/day-2026-07-15.html
2026-07-16,OI,菜籽油OI,10344.0,2609,10037.0,307.0,2.97,现货价-主力期货价,OK,生意社期现基差表,https://www.100ppi.com/sf/day-2026-07-16.html
2026-07-17,OI,菜籽油OI,10324.0,2609,9936.0,388.0,3.76,现货价-主力期货价,OK,生意社期现基差表,https://www.100ppi.com/sf/day-2026-07-17.html
2026-07-20,OI,菜籽油OI,10404.0,2609,10050.0,354.0,3.4,现货价-主力期货价,OK,生意社期现基差表,https://www.100ppi.com/sf/day-2026-07-20.html
2026-07-21,OI,菜籽油OI,10384.0,2609,10037.0,347.0,3.34,现货价-主力期货价,OK,生意社期现基差表,https://www.100ppi.com/sf/day-2026-07-21.html
2026-07-22,OI,菜籽油OI,10284.0,2609,9949.0,335.0,3.26,现货价-主力期货价,OK,生意社期现基差表,https://www.100ppi.com/sf/day-2026-07-22.html
2026-07-23,OI,菜籽油OI,10384.0,2609,10175.0,209.0,2.01,现货价-主力期货价,OK,生意社期现基差表,https://www.100ppi.com/sf/day-2026-07-23.html
2026-07-24,OI,菜籽油OI,10536.0,2609,10281.0,255.0,2.42,现货价-主力期货价,OK,生意社期现基差表,https://www.100ppi.com/sf/day-2026-07-24.html
2026-07-27,OI,菜籽油OI,10376.0,2609,9991.0,385.0,3.71,现货价-主力期货价,OK,生意社期现基差表,https://www.100ppi.com/sf/day-2026-07-27.html
2026-07-28,OI,菜籽油OI,10236.0,2609,9892.0,344.0,3.36,现货价-主力期货价,OK,生意社期现基差表,https://www.100ppi.com/sf/day-2026-07-28.html
2026-07-29,OI,菜籽油OI,10236.0,2609,9922.0,314.0,3.07,现货价-主力期货价,OK,生意社期现基差表,https://www.100ppi.com/sf/day-2026-07-29.html
2026-07-30,OI,菜籽油OI,10216.0,2609,9893.0,323.0,3.16,现货价-主力期货价,OK,生意社期现基差表,https://www.100ppi.com/sf/day-2026-07-30.html
2026-07-31,OI,菜籽油OI,10186.0,2609,9894.0,292.0,2.87,现货价-主力期货价,OK,生意社期现基差表,https://www.100ppi.com/sf/day-2026-07-31.html
2026-08-03,OI,菜籽油OI,10226.0,2609,9891.0,335.0,3.28,现货价-主力期货价,OK,生意社期现基差表,https://www.100ppi.com/sf/day-2026-08-03.html
2026-08-04,OI,菜籽油OI,10376.0,2609,10086.0,290.0,2.79,现货价-主力期货价,OK,生意社期现基差表,https://www.100ppi.com/sf/day-2026-08-04.html
2026-08-05,OI,菜籽油OI,10386.0,2609,10081.0,305.0,2.94,现货价-主力期货价,OK,生意社期现基差表,https://www.100ppi.com/sf/day-2026-08-05.html
2026-08-06,OI,菜籽油OI,10426.0,2609,10151.0,275.0,2.64,现货价-主力期货价,OK,生意社期现基差表,https://www.100ppi.com/sf/day-2026-08-06.html
2026-08-07,OI,菜籽油OI,10466.0,2609,10144.0,322.0,3.08,现货价-主力期货价,OK,生意社期现基差表,https://www.100ppi.com/sf/day-2026-08-07.html
2026-08-10,OI,菜籽油OI,10466.0,2611,10071.0,395.0,3.77,现货价-主力期货价,OK,生意社期现基差表,https://www.100ppi.com/sf/day-2026-08-10.html
2026-08-11,OI,菜籽油OI,10502.0,2611,10126.0,376.0,3.58,现货价-主力期货价,OK,生意社期现基差表,https://www.100ppi.com/sf/day-2026-08-11.html
2026-08-12,OI,菜籽油OI,10464.0,2611,10103.0,361.0,3.45,现货价-主力期货价,OK,生意社期现基差表,https://www.100ppi.com/sf/day-2026-08-12.html
2026-08-13,OI,菜籽油OI,10520.0,2611,10187.0,333.0,3.17,现货价-主力期货价,OK,生意社期现基差表,https://www.100ppi.com/sf/day-2026-08-13.html
2026-08-14,OI,菜籽油OI,10708.0,2611,10431.0,277.0,2.59,现货价-主力期货价,OK,生意社期现基差表,https://www.100ppi.com/sf/day-2026-08-14.html
2026-07-06,P,棕榈油,9062.0,2609,9245.0,-183.0,-2.02,现货价-主力期货价,OK,生意社期现基差表,https://www.100ppi.com/sf/day-2026-07-06.html
2026-07-07,P,棕榈油,9116.0,2609,9340.0,-224.0,-2.46,现货价-主力期货价,OK,生意社期现基差表,https://www.100ppi.com/sf/day-2026-07-07.html
2026-07-08,P,棕榈油,9196.0,2609,9341.0,-145.0,-1.58,现货价-主力期货价,OK,生意社期现基差表,https://www.100ppi.com/sf/day-2026-07-08.html
2026-07-09,P,棕榈油,9200.0,2609,9354.0,-154.0,-1.67,现货价-主力期货价,OK,生意社期现基差表,https://www.100ppi.com/sf/day-2026-07-09.html
2026-07-10,P,棕榈油,9120.0,2609,9222.0,-102.0,-1.12,现货价-主力期货价,OK,生意社期现基差表,https://www.100ppi.com/sf/day-2026-07-10.html
2026-07-13,P,棕榈油,9072.0,2609,9212.0,-140.0,-1.54,现货价-主力期货价,OK,生意社期现基差表,https://www.100ppi.com/sf/day-2026-07-13.html
2026-07-14,P,棕榈油,9084.0,2609,9351.0,-267.0,-2.94,现货价-主力期货价,OK,生意社期现基差表,https://www.100ppi.com/sf/day-2026-07-14.html
2026-07-15,P,棕榈油,9120.0,2609,9279.0,-159.0,-1.74,现货价-主力期货价,OK,生意社期现基差表,https://www.100ppi.com/sf/day-2026-07-15.html
2026-07-16,P,棕榈油,9092.0,2609,9244.0,-152.0,-1.67,现货价-主力期货价,OK,生意社期现基差表,https://www.100ppi.com/sf/day-2026-07-16.html
2026-07-17,P,棕榈油,9112.0,2609,9232.0,-120.0,-1.32,现货价-主力期货价,OK,生意社期现基差表,https://www.100ppi.com/sf/day-2026-07-17.html
2026-07-20,P,棕榈油,9282.0,2609,9389.0,-107.0,-1.15,现货价-主力期货价,OK,生意社期现基差表,https://www.100ppi.com/sf/day-2026-07-20.html
2026-07-21,P,棕榈油,9172.0,2609,9240.0,-68.0,-0.74,现货价-主力期货价,OK,生意社期现基差表,https://www.100ppi.com/sf/day-2026-07-21.html
2026-07-22,P,棕榈油,9128.0,2609,9250.0,-122.0,-1.34,现货价-主力期货价,OK,生意社期现基差表,https://www.100ppi.com/sf/day-2026-07-22.html
2026-07-23,P,棕榈油,9398.0,2609,9515.0,-117.0,-1.24,现货价-主力期货价,OK,生意社期现基差表,https://www.100ppi.com/sf/day-2026-07-23.html
2026-07-24,P,棕榈油,9452.0,2609,9570.0,-118.0,-1.25,现货价-主力期货价,OK,生意社期现基差表,https://www.100ppi.com/sf/day-2026-07-24.html
2026-07-27,P,棕榈油,9316.0,2609,9380.0,-64.0,-0.69,现货价-主力期货价,OK,生意社期现基差表,https://www.100ppi.com/sf/day-2026-07-27.html
2026-07-28,P,棕榈油,9216.0,2609,9312.0,-96.0,-1.04,现货价-主力期货价,OK,生意社期现基差表,https://www.100ppi.com/sf/day-2026-07-28.html
2026-07-29,P,棕榈油,9266.0,2609,9385.0,-119.0,-1.28,现货价-主力期货价,OK,生意社期现基差表,https://www.100ppi.com/sf/day-2026-07-29.html
2026-07-30,P,棕榈油,9264.0,2609,9393.0,-129.0,-1.39,现货价-主力期货价,OK,生意社期现基差表,https://www.100ppi.com/sf/day-2026-07-30.html
2026-07-31,P,棕榈油,9234.0,2609,9281.0,-47.0,-0.51,现货价-主力期货价,OK,生意社期现基差表,https://www.100ppi.com/sf/day-2026-07-31.html
2026-08-03,P,棕榈油,9202.0,2609,9253.0,-51.0,-0.55,现货价-主力期货价,OK,生意社期现基差表,https://www.100ppi.com/sf/day-2026-08-03.html
2026-08-04,P,棕榈油,9272.0,2609,9299.0,-27.0,-0.29,现货价-主力期货价,OK,生意社期现基差表,https://www.100ppi.com/sf/day-2026-08-04.html
2026-08-05,P,棕榈油,9282.0,2609,9395.0,-113.0,-1.22,现货价-主力期货价,OK,生意社期现基差表,https://www.100ppi.com/sf/day-2026-08-05.html
2026-08-06,P,棕榈油,9332.0,2701,9688.0,-356.0,-3.81,现货价-主力期货价,OK,生意社期现基差表,https://www.100ppi.com/sf/day-2026-08-06.html
2026-08-07,P,棕榈油,9312.0,2701,9662.0,-350.0,-3.76,现货价-主力期货价,OK,生意社期现基差表,https://www.100ppi.com/sf/day-2026-08-07.html
2026-08-10,P,棕榈油,9362.0,2701,9710.0,-348.0,-3.72,现货价-主力期货价,OK,生意社期现基差表,https://www.100ppi.com/sf/day-2026-08-10.html
2026-08-11,P,棕榈油,9422.0,2701,9744.0,-322.0,-3.42,现货价-主力期货价,OK,生意社期现基差表,https://www.100ppi.com/sf/day-2026-08-11.html
2026-08-12,P,棕榈油,9356.0,2701,9691.0,-335.0,-3.58,现货价-主力期货价,OK,生意社期现基差表,https://www.100ppi.com/sf/day-2026-08-12.html
2026-08-13,P,棕榈油,9366.0,2701,9735.0,-369.0,-3.94,现货价-主力期货价,OK,生意社期现基差表,https://www.100ppi.com/sf/day-2026-08-13.html
2026-08-14,P,棕榈油,9468.0,2701,9838.0,-370.0,-3.91,现货价-主力期货价,OK,生意社期现基差表,https://www.100ppi.com/sf/day-2026-08-14.html
2026-07-06,PB,铅,15900.0,2608,15895.0,5.0,0.03,现货价-主力期货价,OK,生意社期现基差表,https://www.100ppi.com/sf/day-2026-07-06.html
2026-07-07,PB,铅,15881.25,2608,15905.0,-23.0,-0.14,现货价-主力期货价,OK,生意社期现基差表,https://www.100ppi.com/sf/day-2026-07-07.html
2026-07-08,PB,铅,16087.5,2608,16065.0,22.0,0.14,现货价-主力期货价,OK,生意社期现基差表,https://www.100ppi.com/sf/day-2026-07-08.html
2026-07-09,PB,铅,16037.5,2608,16140.0,-102.0,-0.64,现货价-主力期货价,OK,生意社期现基差表,https://www.100ppi.com/sf/day-2026-07-09.html
2026-07-10,PB,铅,16031.25,2608,16015.0,16.0,0.1,现货价-主力期货价,OK,生意社期现基差表,https://www.100ppi.com/sf/day-2026-07-10.html
2026-07-13,PB,铅,15925.0,2609,15925.0,0.0,0.0,现货价-主力期货价,OK,生意社期现基差表,https://www.100ppi.com/sf/day-2026-07-13.html
2026-07-14,PB,铅,15850.0,2609,15885.0,-35.0,-0.22,现货价-主力期货价,OK,生意社期现基差表,https://www.100ppi.com/sf/day-2026-07-14.html
2026-07-15,PB,铅,15612.5,2609,15570.0,42.0,0.27,现货价-主力期货价,OK,生意社期现基差表,https://www.100ppi.com/sf/day-2026-07-15.html
2026-07-16,PB,铅,15600.0,2609,15710.0,-110.0,-0.71,现货价-主力期货价,OK,生意社期现基差表,https://www.100ppi.com/sf/day-2026-07-16.html
2026-07-17,PB,铅,15831.25,2609,15875.0,-43.0,-0.27,现货价-主力期货价,OK,生意社期现基差表,https://www.100ppi.com/sf/day-2026-07-17.html
2026-07-20,PB,铅,15831.25,2609,15810.0,21.0,0.13,现货价-主力期货价,OK,生意社期现基差表,https://www.100ppi.com/sf/day-2026-07-20.html
2026-07-21,PB,铅,15825.0,2609,15885.0,-60.0,-0.38,现货价-主力期货价,OK,生意社期现基差表,https://www.100ppi.com/sf/day-2026-07-21.html
2026-07-22,PB,铅,15693.75,2609,15725.0,-31.0,-0.2,现货价-主力期货价,OK,生意社期现基差表,https://www.100ppi.com/sf/day-2026-07-22.html
2026-07-23,PB,铅,15831.25,2609,15905.0,-73.0,-0.46,现货价-主力期货价,OK,生意社期现基差表,https://www.100ppi.com/sf/day-2026-07-23.html
2026-07-24,PB,铅,15693.75,2609,15725.0,-31.0,-0.2,现货价-主力期货价,OK,生意社期现基差表,https://www.100ppi.com/sf/day-2026-07-24.html
2026-07-27,PB,铅,15518.75,2609,15635.0,-116.0,-0.75,现货价-主力期货价,OK,生意社期现基差表,https://www.100ppi.com/sf/day-2026-07-27.html
2026-07-28,PB,铅,15587.5,2609,15625.0,-37.0,-0.24,现货价-主力期货价,OK,生意社期现基差表,https://www.100ppi.com/sf/day-2026-07-28.html
2026-07-29,PB,铅,15625.0,2609,15810.0,-185.0,-1.18,现货价-主力期货价,OK,生意社期现基差表,https://www.100ppi.com/sf/day-2026-07-29.html
2026-07-30,PB,铅,15625.0,2609,15740.0,-115.0,-0.74,现货价-主力期货价,OK,生意社期现基差表,https://www.100ppi.com/sf/day-2026-07-30.html
2026-07-31,PB,铅,15475.0,2609,15550.0,-75.0,-0.48,现货价-主力期货价,OK,生意社期现基差表,https://www.100ppi.com/sf/day-2026-07-31.html
2026-08-03,PB,铅,15337.5,2609,15430.0,-92.0,-0.6,现货价-主力期货价,OK,生意社期现基差表,https://www.100ppi.com/sf/day-2026-08-03.html
2026-08-04,PB,铅,15325.0,2609,15445.0,-120.0,-0.78,现货价-主力期货价,OK,生意社期现基差表,https://www.100ppi.com/sf/day-2026-08-04.html
2026-08-05,PB,铅,15606.25,2609,15755.0,-148.0,-0.95,现货价-主力期货价,OK,生意社期现基差表,https://www.100ppi.com/sf/day-2026-08-05.html
2026-08-06,PB,铅,15612.5,2609,15650.0,-37.0,-0.24,现货价-主力期货价,OK,生意社期现基差表,https://www.100ppi.com/sf/day-2026-08-06.html
2026-08-07,PB,铅,15662.5,2609,15730.0,-67.0,-0.43,现货价-主力期货价,OK,生意社期现基差表,https://www.100ppi.com/sf/day-2026-08-07.html
2026-08-10,PB,铅,15687.5,2610,15890.0,-202.0,-1.29,现货价-主力期货价,OK,生意社期现基差表,https://www.100ppi.com/sf/day-2026-08-10.html
2026-08-11,PB,铅,15781.25,2610,15925.0,-143.0,-0.91,现货价-主力期货价,OK,生意社期现基差表,https://www.100ppi.com/sf/day-2026-08-11.html
2026-08-12,PB,铅,15818.75,2610,15925.0,-106.0,-0.67,现货价-主力期货价,OK,生意社期现基差表,https://www.100ppi.com/sf/day-2026-08-12.html
2026-08-13,PB,铅,15881.25,2610,15940.0,-58.0,-0.37,现货价-主力期货价,OK,生意社期现基差表,https://www.100ppi.com/sf/day-2026-08-13.html
2026-08-14,PB,铅,15737.5,2610,15830.0,-92.0,-0.58,现货价-主力期货价,OK,生意社期现基差表,https://www.100ppi.com/sf/day-2026-08-14.html
2026-07-06,PF,涤纶短纤,7263.57,2609,6858.0,405.0,5.58,现货价-主力期货价,OK,生意社期现基差表,https://www.100ppi.com/sf/day-2026-07-06.html
2026-07-07,PF,涤纶短纤,7267.8,2609,6944.0,323.0,4.44,现货价-主力期货价,OK,生意社期现基差表,https://www.100ppi.com/sf/day-2026-07-07.html
2026-07-08,PF,涤纶短纤,7346.17,2609,7026.0,320.0,4.36,现货价-主力期货价,OK,生意社期现基差表,https://www.100ppi.com/sf/day-2026-07-08.html
2026-07-09,PF,涤纶短纤,7392.9,2609,7052.0,340.0,4.6,现货价-主力期货价,OK,生意社期现基差表,https://www.100ppi.com/sf/day-2026-07-09.html
2026-07-10,PF,涤纶短纤,7332.23,2609,7014.0,318.0,4.34,现货价-主力期货价,OK,生意社期现基差表,https://www.100ppi.com/sf/day-2026-07-10.html
2026-07-13,PF,涤纶短纤,7373.48,2609,7110.0,263.0,3.57,现货价-主力期货价,OK,生意社期现基差表,https://www.100ppi.com/sf/day-2026-07-13.html
2026-07-14,PF,涤纶短纤,7389.27,2609,7370.0,19.0,0.26,现货价-主力期货价,OK,生意社期现基差表,https://www.100ppi.com/sf/day-2026-07-14.html
2026-07-15,PF,涤纶短纤,7437.8,2609,7352.0,85.0,1.14,现货价-主力期货价,OK,生意社期现基差表,https://www.100ppi.com/sf/day-2026-07-15.html
2026-07-16,PF,涤纶短纤,7446.98,2609,7316.0,130.0,1.75,现货价-主力期货价,OK,生意社期现基差表,https://www.100ppi.com/sf/day-2026-07-16.html
2026-07-17,PF,涤纶短纤,7469.43,2609,7272.0,197.0,2.64,现货价-主力期货价,OK,生意社期现基差表,https://www.100ppi.com/sf/day-2026-07-17.html
2026-07-20,PF,涤纶短纤,7515.33,2609,7478.0,37.0,0.49,现货价-主力期货价,OK,生意社期现基差表,https://www.100ppi.com/sf/day-2026-07-20.html
2026-07-21,PF,涤纶短纤,7547.0,2609,7364.0,183.0,2.42,现货价-主力期货价,OK,生意社期现基差表,https://www.100ppi.com/sf/day-2026-07-21.html
2026-07-22,PF,涤纶短纤,7561.71,2609,7478.0,83.0,1.1,现货价-主力期货价,OK,生意社期现基差表,https://www.100ppi.com/sf/day-2026-07-22.html
2026-07-23,PF,涤纶短纤,7590.17,2609,7552.0,38.0,0.5,现货价-主力期货价,OK,生意社期现基差表,https://www.100ppi.com/sf/day-2026-07-23.html
2026-07-24,PF,涤纶短纤,7662.83,2609,7526.0,136.0,1.77,现货价-主力期货价,OK,生意社期现基差表,https://www.100ppi.com/sf/day-2026-07-24.html
2026-07-27,PF,涤纶短纤,7532.75,2609,7252.0,280.0,3.72,现货价-主力期货价,OK,生意社期现基差表,https://www.100ppi.com/sf/day-2026-07-27.html
2026-07-28,PF,涤纶短纤,7498.33,2609,7250.0,248.0,3.31,现货价-主力期货价,OK,生意社期现基差表,https://www.100ppi.com/sf/day-2026-07-28.html
2026-07-29,PF,涤纶短纤,7511.33,2609,7336.0,175.0,2.33,现货价-主力期货价,OK,生意社期现基差表,https://www.100ppi.com/sf/day-2026-07-29.html
2026-07-30,PF,涤纶短纤,7558.21,2609,7514.0,44.0,0.58,现货价-主力期货价,OK,生意社期现基差表,https://www.100ppi.com/sf/day-2026-07-30.html
2026-07-31,PF,涤纶短纤,7565.33,2609,7426.0,139.0,1.84,现货价-主力期货价,OK,生意社期现基差表,https://www.100ppi.com/sf/day-2026-07-31.html
2026-08-03,PF,涤纶短纤,7560.58,2610,7390.0,170.0,2.25,现货价-主力期货价,OK,生意社期现基差表,https://www.100ppi.com/sf/day-2026-08-03.html
2026-08-04,PF,涤纶短纤,7591.29,2610,7394.0,197.0,2.6,现货价-主力期货价,OK,生意社期现基差表,https://www.100ppi.com/sf/day-2026-08-04.html
2026-08-05,PF,涤纶短纤,7483.83,2610,7180.0,303.0,4.05,现货价-主力期货价,OK,生意社期现基差表,https://www.100ppi.com/sf/day-2026-08-05.html
2026-08-06,PF,涤纶短纤,7473.17,2610,7196.0,277.0,3.71,现货价-主力期货价,OK,生意社期现基差表,https://www.100ppi.com/sf/day-2026-08-06.html
2026-08-07,PF,涤纶短纤,7518.0,2610,7332.0,186.0,2.47,现货价-主力期货价,OK,生意社期现基差表,https://www.100ppi.com/sf/day-2026-08-07.html
2026-08-10,PF,涤纶短纤,7548.54,2610,7280.0,268.0,3.55,现货价-主力期货价,OK,生意社期现基差表,https://www.100ppi.com/sf/day-2026-08-10.html
2026-08-11,PF,涤纶短纤,7590.33,2610,7406.0,184.0,2.42,现货价-主力期货价,OK,生意社期现基差表,https://www.100ppi.com/sf/day-2026-08-11.html
2026-08-12,PF,涤纶短纤,7593.21,2610,7368.0,225.0,2.96,现货价-主力期货价,OK,生意社期现基差表,https://www.100ppi.com/sf/day-2026-08-12.html
2026-08-13,PF,涤纶短纤,7601.46,2610,7388.0,213.0,2.8,现货价-主力期货价,OK,生意社期现基差表,https://www.100ppi.com/sf/day-2026-08-13.html
2026-08-14,PF,涤纶短纤,7605.46,2610,7476.0,129.0,1.7,现货价-主力期货价,OK,生意社期现基差表,https://www.100ppi.com/sf/day-2026-08-14.html
2026-07-06,PG,液化石油气,5237.5,2608,4534.0,703.0,13.42,现货价-主力期货价,OK,生意社期现基差表,https://www.100ppi.com/sf/day-2026-07-06.html
2026-07-07,PG,液化石油气,5225.0,2608,4564.0,661.0,12.65,现货价-主力期货价,OK,生意社期现基差表,https://www.100ppi.com/sf/day-2026-07-07.html
2026-07-08,PG,液化石油气,5232.5,2608,4727.0,505.0,9.65,现货价-主力期货价,OK,生意社期现基差表,https://www.100ppi.com/sf/day-2026-07-08.html
2026-07-09,PG,液化石油气,5320.0,2608,4703.0,617.0,11.6,现货价-主力期货价,OK,生意社期现基差表,https://www.100ppi.com/sf/day-2026-07-09.html
2026-07-10,PG,液化石油气,5332.5,2608,4746.0,586.0,10.99,现货价-主力期货价,OK,生意社期现基差表,https://www.100ppi.com/sf/day-2026-07-10.html
2026-07-13,PG,液化石油气,5357.5,2608,4899.0,458.0,8.55,现货价-主力期货价,OK,生意社期现基差表,https://www.100ppi.com/sf/day-2026-07-13.html
2026-07-14,PG,液化石油气,5487.5,2608,5152.0,335.0,6.1,现货价-主力期货价,OK,生意社期现基差表,https://www.100ppi.com/sf/day-2026-07-14.html
2026-07-15,PG,液化石油气,5500.0,2608,5168.0,332.0,6.04,现货价-主力期货价,OK,生意社期现基差表,https://www.100ppi.com/sf/day-2026-07-15.html
2026-07-16,PG,液化石油气,5532.5,2610,5361.0,171.0,3.09,现货价-主力期货价,OK,生意社期现基差表,https://www.100ppi.com/sf/day-2026-07-16.html
2026-07-17,PG,液化石油气,5532.5,2610,5407.0,125.0,2.26,现货价-主力期货价,OK,生意社期现基差表,https://www.100ppi.com/sf/day-2026-07-17.html
2026-07-20,PG,液化石油气,6150.0,2610,5785.0,365.0,5.93,现货价-主力期货价,OK,生意社期现基差表,https://www.100ppi.com/sf/day-2026-07-20.html
2026-07-21,PG,液化石油气,6325.0,2610,5610.0,715.0,11.3,现货价-主力期货价,OK,生意社期现基差表,https://www.100ppi.com/sf/day-2026-07-21.html
2026-07-22,PG,液化石油气,6300.0,2610,5733.0,567.0,9.0,现货价-主力期货价,OK,生意社期现基差表,https://www.100ppi.com/sf/day-2026-07-22.html
2026-07-23,PG,液化石油气,6325.0,2610,5790.0,535.0,8.46,现货价-主力期货价,OK,生意社期现基差表,https://www.100ppi.com/sf/day-2026-07-23.html
2026-07-24,PG,液化石油气,6375.0,2610,5779.0,596.0,9.35,现货价-主力期货价,OK,生意社期现基差表,https://www.100ppi.com/sf/day-2026-07-24.html
2026-07-27,PG,液化石油气,6150.0,2610,5462.0,688.0,11.19,现货价-主力期货价,OK,生意社期现基差表,https://www.100ppi.com/sf/day-2026-07-27.html
2026-07-28,PG,液化石油气,6150.0,2610,5390.0,760.0,12.36,现货价-主力期货价,OK,生意社期现基差表,https://www.100ppi.com/sf/day-2026-07-28.html
2026-07-29,PG,液化石油气,6187.5,2610,5461.0,726.0,11.73,现货价-主力期货价,OK,生意社期现基差表,https://www.100ppi.com/sf/day-2026-07-29.html
2026-07-30,PG,液化石油气,6250.0,2610,5562.0,688.0,11.01,现货价-主力期货价,OK,生意社期现基差表,https://www.100ppi.com/sf/day-2026-07-30.html
2026-07-31,PG,液化石油气,6262.5,2610,5431.0,831.0,13.27,现货价-主力期货价,OK,生意社期现基差表,https://www.100ppi.com/sf/day-2026-07-31.html
2026-08-03,PG,液化石油气,6175.0,2610,5338.0,837.0,13.55,现货价-主力期货价,OK,生意社期现基差表,https://www.100ppi.com/sf/day-2026-08-03.html
2026-08-04,PG,液化石油气,6087.5,2610,5376.0,711.0,11.68,现货价-主力期货价,OK,生意社期现基差表,https://www.100ppi.com/sf/day-2026-08-04.html
2026-08-05,PG,液化石油气,6112.5,2610,5160.0,952.0,15.57,现货价-主力期货价,OK,生意社期现基差表,https://www.100ppi.com/sf/day-2026-08-05.html
2026-08-06,PG,液化石油气,6025.0,2610,5148.0,877.0,14.56,现货价-主力期货价,OK,生意社期现基差表,https://www.100ppi.com/sf/day-2026-08-06.html
2026-08-07,PG,液化石油气,6120.0,2610,5236.0,884.0,14.44,现货价-主力期货价,OK,生意社期现基差表,https://www.100ppi.com/sf/day-2026-08-07.html
2026-08-10,PG,液化石油气,6300.0,2610,5236.0,1064.0,16.89,现货价-主力期货价,OK,生意社期现基差表,https://www.100ppi.com/sf/day-2026-08-10.html
2026-08-11,PG,液化石油气,6337.5,2610,5436.0,901.0,14.22,现货价-主力期货价,OK,生意社期现基差表,https://www.100ppi.com/sf/day-2026-08-11.html
2026-08-12,PG,液化石油气,6337.5,2610,5417.0,920.0,14.52,现货价-主力期货价,OK,生意社期现基差表,https://www.100ppi.com/sf/day-2026-08-12.html
2026-08-13,PG,液化石油气,6312.5,2610,5381.0,931.0,14.75,现货价-主力期货价,OK,生意社期现基差表,https://www.100ppi.com/sf/day-2026-08-13.html
2026-08-14,PG,液化石油气,6187.5,2610,5378.0,809.0,13.07,现货价-主力期货价,OK,生意社期现基差表,https://www.100ppi.com/sf/day-2026-08-14.html
2026-07-06,PL,丙烯,7647.67,2609,6779.0,868.0,11.35,现货价-主力期货价,OK,生意社期现基差表,https://www.100ppi.com/sf/day-2026-07-06.html
2026-07-07,PL,丙烯,7794.33,2609,6959.0,835.0,10.71,现货价-主力期货价,OK,生意社期现基差表,https://www.100ppi.com/sf/day-2026-07-07.html
2026-07-08,PL,丙烯,7821.0,2609,7142.0,679.0,8.68,现货价-主力期货价,OK,生意社期现基差表,https://www.100ppi.com/sf/day-2026-07-08.html
2026-07-09,PL,丙烯,7921.0,2609,7111.0,810.0,10.23,现货价-主力期货价,OK,生意社期现基差表,https://www.100ppi.com/sf/day-2026-07-09.html
2026-07-10,PL,丙烯,8011.0,2609,7089.0,922.0,11.51,现货价-主力期货价,OK,生意社期现基差表,https://www.100ppi.com/sf/day-2026-07-10.html
2026-07-13,PL,丙烯,8117.67,2609,7195.0,922.0,11.36,现货价-主力期货价,OK,生意社期现基差表,https://www.100ppi.com/sf/day-2026-07-13.html
2026-07-14,PL,丙烯,8417.67,2609,7621.0,796.0,9.46,现货价-主力期货价,OK,生意社期现基差表,https://www.100ppi.com/sf/day-2026-07-14.html
2026-07-15,PL,丙烯,8911.0,2609,7697.0,1214.0,13.62,现货价-主力期货价,OK,生意社期现基差表,https://www.100ppi.com/sf/day-2026-07-15.html
2026-07-16,PL,丙烯,8944.33,2609,7680.0,1264.0,14.13,现货价-主力期货价,OK,生意社期现基差表,https://www.100ppi.com/sf/day-2026-07-16.html
2026-07-17,PL,丙烯,8661.0,2609,7668.0,993.0,11.47,现货价-主力期货价,OK,生意社期现基差表,https://www.100ppi.com/sf/day-2026-07-17.html
2026-07-20,PL,丙烯,8517.67,2609,8106.0,411.0,4.83,现货价-主力期货价,OK,生意社期现基差表,https://www.100ppi.com/sf/day-2026-07-20.html
2026-07-21,PL,丙烯,8494.33,2609,7887.0,607.0,7.15,现货价-主力期货价,OK,生意社期现基差表,https://www.100ppi.com/sf/day-2026-07-21.html
2026-07-22,PL,丙烯,8417.67,2609,7952.0,465.0,5.52,现货价-主力期货价,OK,生意社期现基差表,https://www.100ppi.com/sf/day-2026-07-22.html
2026-07-23,PL,丙烯,8434.33,2609,8064.0,370.0,4.39,现货价-主力期货价,OK,生意社期现基差表,https://www.100ppi.com/sf/day-2026-07-23.html
2026-07-24,PL,丙烯,8377.67,2609,8061.0,316.0,3.77,现货价-主力期货价,OK,生意社期现基差表,https://www.100ppi.com/sf/day-2026-07-24.html
2026-07-27,PL,丙烯,7767.67,2609,7600.0,167.0,2.15,现货价-主力期货价,OK,生意社期现基差表,https://www.100ppi.com/sf/day-2026-07-27.html
2026-07-28,PL,丙烯,7511.0,2609,7692.0,-181.0,-2.41,现货价-主力期货价,OK,生意社期现基差表,https://www.100ppi.com/sf/day-2026-07-28.html
2026-07-29,PL,丙烯,7794.33,2610,7540.0,254.0,3.26,现货价-主力期货价,OK,生意社期现基差表,https://www.100ppi.com/sf/day-2026-07-29.html
2026-07-30,PL,丙烯,8001.0,2609,7959.0,42.0,0.52,现货价-主力期货价,OK,生意社期现基差表,https://www.100ppi.com/sf/day-2026-07-30.html
2026-07-31,PL,丙烯,7927.67,2610,7603.0,324.0,4.09,现货价-主力期货价,OK,生意社期现基差表,https://www.100ppi.com/sf/day-2026-07-31.html
2026-08-03,PL,丙烯,7861.0,2611,7325.0,536.0,6.82,现货价-主力期货价,OK,生意社期现基差表,https://www.100ppi.com/sf/day-2026-08-03.html
2026-08-04,PL,丙烯,7924.33,2611,7351.0,573.0,7.23,现货价-主力期货价,OK,生意社期现基差表,https://www.100ppi.com/sf/day-2026-08-04.html
2026-08-05,PL,丙烯,8007.67,2611,7100.0,907.0,11.33,现货价-主力期货价,OK,生意社期现基差表,https://www.100ppi.com/sf/day-2026-08-05.html
2026-08-06,PL,丙烯,8017.67,2611,7006.0,1011.0,12.61,现货价-主力期货价,OK,生意社期现基差表,https://www.100ppi.com/sf/day-2026-08-06.html
2026-08-07,PL,丙烯,8134.33,2611,7105.0,1029.0,12.65,现货价-主力期货价,OK,生意社期现基差表,https://www.100ppi.com/sf/day-2026-08-07.html
2026-08-10,PL,丙烯,8161.0,2611,7155.0,1006.0,12.33,现货价-主力期货价,OK,生意社期现基差表,https://www.100ppi.com/sf/day-2026-08-10.html
2026-08-11,PL,丙烯,8251.0,2611,7428.0,823.0,9.97,现货价-主力期货价,OK,生意社期现基差表,https://www.100ppi.com/sf/day-2026-08-11.html
2026-08-12,PL,丙烯,8451.0,2611,7366.0,1085.0,12.84,现货价-主力期货价,OK,生意社期现基差表,https://www.100ppi.com/sf/day-2026-08-12.html
2026-08-13,PL,丙烯,8591.0,2611,7449.0,1142.0,13.29,现货价-主力期货价,OK,生意社期现基差表,https://www.100ppi.com/sf/day-2026-08-13.html
2026-08-14,PL,丙烯,8614.33,2611,7513.0,1101.0,12.78,现货价-主力期货价,OK,生意社期现基差表,https://www.100ppi.com/sf/day-2026-08-14.html
2026-07-06,PP,聚丙烯,8166.67,2609,7273.0,893.0,10.93,现货价-主力期货价,OK,生意社期现基差表,https://www.100ppi.com/sf/day-2026-07-06.html
2026-07-07,PP,聚丙烯,8166.67,2609,7454.0,712.0,8.72,现货价-主力期货价,OK,生意社期现基差表,https://www.100ppi.com/sf/day-2026-07-07.html
2026-07-08,PP,聚丙烯,8400.0,2609,7647.0,753.0,8.96,现货价-主力期货价,OK,生意社期现基差表,https://www.100ppi.com/sf/day-2026-07-08.html
2026-07-09,PP,聚丙烯,8566.67,2609,7642.0,924.0,10.79,现货价-主力期货价,OK,生意社期现基差表,https://www.100ppi.com/sf/day-2026-07-09.html
2026-07-10,PP,聚丙烯,8633.33,2609,7585.0,1048.0,12.14,现货价-主力期货价,OK,生意社期现基差表,https://www.100ppi.com/sf/day-2026-07-10.html
2026-07-13,PP,聚丙烯,8850.0,2609,7670.0,1180.0,13.33,现货价-主力期货价,OK,生意社期现基差表,https://www.100ppi.com/sf/day-2026-07-13.html
2026-07-14,PP,聚丙烯,9093.33,2609,8062.0,1031.0,11.34,现货价-主力期货价,OK,生意社期现基差表,https://www.100ppi.com/sf/day-2026-07-14.html
2026-07-15,PP,聚丙烯,9243.33,2609,8095.0,1148.0,12.42,现货价-主力期货价,OK,生意社期现基差表,https://www.100ppi.com/sf/day-2026-07-15.html
2026-07-16,PP,聚丙烯,9066.67,2609,8058.0,1008.0,11.12,现货价-主力期货价,OK,生意社期现基差表,https://www.100ppi.com/sf/day-2026-07-16.html
2026-07-17,PP,聚丙烯,9066.67,2609,8044.0,1022.0,11.27,现货价-主力期货价,OK,生意社期现基差表,https://www.100ppi.com/sf/day-2026-07-17.html
2026-07-20,PP,聚丙烯,9366.67,2609,8462.0,904.0,9.65,现货价-主力期货价,OK,生意社期现基差表,https://www.100ppi.com/sf/day-2026-07-20.html
2026-07-21,PP,聚丙烯,9283.33,2609,8273.0,1010.0,10.88,现货价-主力期货价,OK,生意社期现基差表,https://www.100ppi.com/sf/day-2026-07-21.html
2026-07-22,PP,聚丙烯,9333.33,2609,8339.0,994.0,10.65,现货价-主力期货价,OK,生意社期现基差表,https://www.100ppi.com/sf/day-2026-07-22.html
2026-07-23,PP,聚丙烯,9300.0,2609,8470.0,830.0,8.92,现货价-主力期货价,OK,生意社期现基差表,https://www.100ppi.com/sf/day-2026-07-23.html
2026-07-24,PP,聚丙烯,9250.0,2609,8470.0,780.0,8.43,现货价-主力期货价,OK,生意社期现基差表,https://www.100ppi.com/sf/day-2026-07-24.html
2026-07-27,PP,聚丙烯,9183.33,2609,8086.0,1097.0,11.95,现货价-主力期货价,OK,生意社期现基差表,https://www.100ppi.com/sf/day-2026-07-27.html
2026-07-28,PP,聚丙烯,9033.33,2609,8098.0,935.0,10.35,现货价-主力期货价,OK,生意社期现基差表,https://www.100ppi.com/sf/day-2026-07-28.html
2026-07-29,PP,聚丙烯,9016.67,2609,8214.0,802.0,8.89,现货价-主力期货价,OK,生意社期现基差表,https://www.100ppi.com/sf/day-2026-07-29.html
2026-07-30,PP,聚丙烯,9000.0,2609,8364.0,636.0,7.07,现货价-主力期货价,OK,生意社期现基差表,https://www.100ppi.com/sf/day-2026-07-30.html
2026-07-31,PP,聚丙烯,8973.33,2609,8310.0,663.0,7.39,现货价-主力期货价,OK,生意社期现基差表,https://www.100ppi.com/sf/day-2026-07-31.html
2026-08-03,PP,聚丙烯,9006.67,2609,8231.0,775.0,8.6,现货价-主力期货价,OK,生意社期现基差表,https://www.100ppi.com/sf/day-2026-08-03.html
2026-08-04,PP,聚丙烯,9000.0,2609,8298.0,702.0,7.8,现货价-主力期货价,OK,生意社期现基差表,https://www.100ppi.com/sf/day-2026-08-04.html
2026-08-05,PP,聚丙烯,8993.33,2609,8080.0,913.0,10.15,现货价-主力期货价,OK,生意社期现基差表,https://www.100ppi.com/sf/day-2026-08-05.html
2026-08-06,PP,聚丙烯,8903.33,2609,8034.0,869.0,9.76,现货价-主力期货价,OK,生意社期现基差表,https://www.100ppi.com/sf/day-2026-08-06.html
2026-08-07,PP,聚丙烯,8810.0,2609,8159.0,651.0,7.39,现货价-主力期货价,OK,生意社期现基差表,https://www.100ppi.com/sf/day-2026-08-07.html
2026-08-10,PP,聚丙烯,8866.67,2609,8170.0,696.0,7.85,现货价-主力期货价,OK,生意社期现基差表,https://www.100ppi.com/sf/day-2026-08-10.html
2026-08-11,PP,聚丙烯,8983.33,2609,8423.0,560.0,6.23,现货价-主力期货价,OK,生意社期现基差表,https://www.100ppi.com/sf/day-2026-08-11.html
2026-08-12,PP,聚丙烯,9010.0,2609,8356.0,654.0,7.26,现货价-主力期货价,OK,生意社期现基差表,https://www.100ppi.com/sf/day-2026-08-12.html
2026-08-13,PP,聚丙烯,8993.33,2609,8421.0,572.0,6.36,现货价-主力期货价,OK,生意社期现基差表,https://www.100ppi.com/sf/day-2026-08-13.html
2026-08-14,PP,聚丙烯,9016.67,2609,8464.0,552.0,6.12,现货价-主力期货价,OK,生意社期现基差表,https://www.100ppi.com/sf/day-2026-08-14.html
2026-07-06,PR,瓶片,7000.0,2609,6580.0,420.0,6.0,现货价-主力期货价,OK,生意社期现基差表,https://www.100ppi.com/sf/day-2026-07-06.html
2026-07-07,PR,瓶片,7035.0,2609,6692.0,343.0,4.88,现货价-主力期货价,OK,生意社期现基差表,https://www.100ppi.com/sf/day-2026-07-07.html
2026-07-08,PR,瓶片,7192.5,2609,6800.0,392.0,5.45,现货价-主力期货价,OK,生意社期现基差表,https://www.100ppi.com/sf/day-2026-07-08.html
2026-07-09,PR,瓶片,7192.5,2609,6832.0,360.0,5.01,现货价-主力期货价,OK,生意社期现基差表,https://www.100ppi.com/sf/day-2026-07-09.html
2026-07-10,PR,瓶片,7225.0,2609,6778.0,447.0,6.19,现货价-主力期货价,OK,生意社期现基差表,https://www.100ppi.com/sf/day-2026-07-10.html
2026-07-13,PR,瓶片,7225.0,2609,6870.0,355.0,4.91,现货价-主力期货价,OK,生意社期现基差表,https://www.100ppi.com/sf/day-2026-07-13.html
2026-07-14,PR,瓶片,7285.0,2609,7170.0,115.0,1.58,现货价-主力期货价,OK,生意社期现基差表,https://www.100ppi.com/sf/day-2026-07-14.html
2026-07-15,PR,瓶片,7517.5,2609,7112.0,405.0,5.39,现货价-主力期货价,OK,生意社期现基差表,https://www.100ppi.com/sf/day-2026-07-15.html
2026-07-16,PR,瓶片,7475.0,2609,7120.0,355.0,4.75,现货价-主力期货价,OK,生意社期现基差表,https://www.100ppi.com/sf/day-2026-07-16.html
2026-07-17,PR,瓶片,7385.0,2609,7032.0,353.0,4.78,现货价-主力期货价,OK,生意社期现基差表,https://www.100ppi.com/sf/day-2026-07-17.html
2026-07-20,PR,瓶片,7385.0,2609,7314.0,71.0,0.96,现货价-主力期货价,OK,生意社期现基差表,https://www.100ppi.com/sf/day-2026-07-20.html
2026-07-21,PR,瓶片,7652.5,2609,7164.0,488.0,6.38,现货价-主力期货价,OK,生意社期现基差表,https://www.100ppi.com/sf/day-2026-07-21.html
2026-07-22,PR,瓶片,7580.0,2609,7312.0,268.0,3.54,现货价-主力期货价,OK,生意社期现基差表,https://www.100ppi.com/sf/day-2026-07-22.html
2026-07-23,PR,瓶片,7647.5,2609,7394.0,253.0,3.31,现货价-主力期货价,OK,生意社期现基差表,https://www.100ppi.com/sf/day-2026-07-23.html
2026-07-24,PR,瓶片,7727.5,2609,7432.0,295.0,3.82,现货价-主力期货价,OK,生意社期现基差表,https://www.100ppi.com/sf/day-2026-07-24.html
2026-07-27,PR,瓶片,7425.0,2609,7080.0,345.0,4.65,现货价-主力期货价,OK,生意社期现基差表,https://www.100ppi.com/sf/day-2026-07-27.html
2026-07-28,PR,瓶片,7425.0,2609,7122.0,303.0,4.08,现货价-主力期货价,OK,生意社期现基差表,https://www.100ppi.com/sf/day-2026-07-28.html
2026-07-29,PR,瓶片,7425.0,2609,7260.0,165.0,2.22,现货价-主力期货价,OK,生意社期现基差表,https://www.100ppi.com/sf/day-2026-07-29.html
2026-07-30,PR,瓶片,7542.5,2609,7462.0,80.0,1.06,现货价-主力期货价,OK,生意社期现基差表,https://www.100ppi.com/sf/day-2026-07-30.html
2026-07-31,PR,瓶片,7635.0,2609,7330.0,305.0,3.99,现货价-主力期货价,OK,生意社期现基差表,https://www.100ppi.com/sf/day-2026-07-31.html
2026-08-03,PR,瓶片,7610.0,2609,7356.0,254.0,3.34,现货价-主力期货价,OK,生意社期现基差表,https://www.100ppi.com/sf/day-2026-08-03.html
2026-08-04,PR,瓶片,7627.5,2609,7308.0,319.0,4.18,现货价-主力期货价,OK,生意社期现基差表,https://www.100ppi.com/sf/day-2026-08-04.html
2026-08-05,PR,瓶片,7627.5,2610,6966.0,661.0,8.67,现货价-主力期货价,OK,生意社期现基差表,https://www.100ppi.com/sf/day-2026-08-05.html
2026-08-06,PR,瓶片,7342.5,2610,6968.0,374.0,5.09,现货价-主力期货价,OK,生意社期现基差表,https://www.100ppi.com/sf/day-2026-08-06.html
2026-08-07,PR,瓶片,7417.5,2610,7120.0,297.0,4.0,现货价-主力期货价,OK,生意社期现基差表,https://www.100ppi.com/sf/day-2026-08-07.html
2026-08-10,PR,瓶片,7443.66,2610,7062.0,381.0,5.12,现货价-主力期货价,OK,生意社期现基差表,https://www.100ppi.com/sf/day-2026-08-10.html
2026-08-11,PR,瓶片,7454.34,2610,7198.0,256.0,3.43,现货价-主力期货价,OK,生意社期现基差表,https://www.100ppi.com/sf/day-2026-08-11.html
2026-08-12,PR,瓶片,7445.34,2610,7144.0,301.0,4.04,现货价-主力期货价,OK,生意社期现基差表,https://www.100ppi.com/sf/day-2026-08-12.html
2026-08-13,PR,瓶片,7439.16,2610,7164.0,275.0,3.7,现货价-主力期货价,OK,生意社期现基差表,https://www.100ppi.com/sf/day-2026-08-13.html
2026-08-14,PR,瓶片,7444.59,2610,7250.0,194.0,2.61,现货价-主力期货价,OK,生意社期现基差表,https://www.100ppi.com/sf/day-2026-08-14.html
2026-07-06,PS,多晶硅,33633.33,2609,35925.0,-2291.0,-6.81,现货价-主力期货价,OK,生意社期现基差表,https://www.100ppi.com/sf/day-2026-07-06.html
2026-07-07,PS,多晶硅,33633.33,2609,36025.0,-2391.0,-7.11,现货价-主力期货价,OK,生意社期现基差表,https://www.100ppi.com/sf/day-2026-07-07.html
2026-07-08,PS,多晶硅,33633.33,2609,35475.0,-1841.0,-5.47,现货价-主力期货价,OK,生意社期现基差表,https://www.100ppi.com/sf/day-2026-07-08.html
2026-07-09,PS,多晶硅,33133.33,2609,35795.0,-2661.0,-8.03,现货价-主力期货价,OK,生意社期现基差表,https://www.100ppi.com/sf/day-2026-07-09.html
2026-07-10,PS,多晶硅,33133.33,2609,36350.0,-3216.0,-9.71,现货价-主力期货价,OK,生意社期现基差表,https://www.100ppi.com/sf/day-2026-07-10.html
2026-07-13,PS,多晶硅,33133.33,2609,36110.0,-2976.0,-8.98,现货价-主力期货价,OK,生意社期现基差表,https://www.100ppi.com/sf/day-2026-07-13.html
2026-07-14,PS,多晶硅,33133.33,2609,35815.0,-2681.0,-8.09,现货价-主力期货价,OK,生意社期现基差表,https://www.100ppi.com/sf/day-2026-07-14.html
2026-07-15,PS,多晶硅,33133.33,2609,35160.0,-2026.0,-6.11,现货价-主力期货价,OK,生意社期现基差表,https://www.100ppi.com/sf/day-2026-07-15.html
2026-07-16,PS,多晶硅,32666.67,2609,35140.0,-2473.0,-7.57,现货价-主力期货价,OK,生意社期现基差表,https://www.100ppi.com/sf/day-2026-07-16.html
2026-07-17,PS,多晶硅,32666.67,2609,33985.0,-1318.0,-4.03,现货价-主力期货价,OK,生意社期现基差表,https://www.100ppi.com/sf/day-2026-07-17.html
2026-07-20,PS,多晶硅,32666.67,2609,33360.0,-693.0,-2.12,现货价-主力期货价,OK,生意社期现基差表,https://www.100ppi.com/sf/day-2026-07-20.html
2026-07-21,PS,多晶硅,32666.67,2609,33760.0,-1093.0,-3.35,现货价-主力期货价,OK,生意社期现基差表,https://www.100ppi.com/sf/day-2026-07-21.html
2026-07-22,PS,多晶硅,32666.67,2609,34250.0,-1583.0,-4.85,现货价-主力期货价,OK,生意社期现基差表,https://www.100ppi.com/sf/day-2026-07-22.html
2026-07-23,PS,多晶硅,32333.33,2609,33715.0,-1381.0,-4.27,现货价-主力期货价,OK,生意社期现基差表,https://www.100ppi.com/sf/day-2026-07-23.html
2026-07-24,PS,多晶硅,32333.33,2609,33365.0,-1031.0,-3.19,现货价-主力期货价,OK,生意社期现基差表,https://www.100ppi.com/sf/day-2026-07-24.html
2026-07-27,PS,多晶硅,32333.33,2609,33640.0,-1306.0,-4.04,现货价-主力期货价,OK,生意社期现基差表,https://www.100ppi.com/sf/day-2026-07-27.html
2026-07-28,PS,多晶硅,32333.33,2609,32625.0,-291.0,-0.9,现货价-主力期货价,OK,生意社期现基差表,https://www.100ppi.com/sf/day-2026-07-28.html
2026-07-29,PS,多晶硅,32333.33,2609,32680.0,-346.0,-1.07,现货价-主力期货价,OK,生意社期现基差表,https://www.100ppi.com/sf/day-2026-07-29.html
2026-07-30,PS,多晶硅,32333.33,2609,32560.0,-226.0,-0.7,现货价-主力期货价,OK,生意社期现基差表,https://www.100ppi.com/sf/day-2026-07-30.html
2026-07-31,PS,多晶硅,32333.33,2609,33040.0,-706.0,-2.18,现货价-主力期货价,OK,生意社期现基差表,https://www.100ppi.com/sf/day-2026-07-31.html
2026-08-03,PS,多晶硅,32333.33,2609,35890.0,-3556.0,-11.0,现货价-主力期货价,OK,生意社期现基差表,https://www.100ppi.com/sf/day-2026-08-03.html
2026-08-04,PS,多晶硅,32333.33,2609,35715.0,-3381.0,-10.46,现货价-主力期货价,OK,生意社期现基差表,https://www.100ppi.com/sf/day-2026-08-04.html
2026-08-05,PS,多晶硅,32333.33,2609,35480.0,-3146.0,-9.73,现货价-主力期货价,OK,生意社期现基差表,https://www.100ppi.com/sf/day-2026-08-05.html
2026-08-06,PS,多晶硅,32333.33,2609,35895.0,-3561.0,-11.01,现货价-主力期货价,OK,生意社期现基差表,https://www.100ppi.com/sf/day-2026-08-06.html
2026-08-07,PS,多晶硅,31333.33,2609,37040.0,-5706.0,-18.21,现货价-主力期货价,OK,生意社期现基差表,https://www.100ppi.com/sf/day-2026-08-07.html
2026-08-10,PS,多晶硅,31333.33,2609,36390.0,-5056.0,-16.14,现货价-主力期货价,OK,生意社期现基差表,https://www.100ppi.com/sf/day-2026-08-10.html
2026-08-11,PS,多晶硅,31333.33,2609,37105.0,-5771.0,-18.42,现货价-主力期货价,OK,生意社期现基差表,https://www.100ppi.com/sf/day-2026-08-11.html
2026-08-12,PS,多晶硅,31333.33,2611,38345.0,-7011.0,-22.38,现货价-主力期货价,OK,生意社期现基差表,https://www.100ppi.com/sf/day-2026-08-12.html
2026-08-13,PS,多晶硅,31333.33,2611,38390.0,-7056.0,-22.52,现货价-主力期货价,OK,生意社期现基差表,https://www.100ppi.com/sf/day-2026-08-13.html
2026-08-14,PS,多晶硅,31333.33,2611,39190.0,-7856.0,-25.07,现货价-主力期货价,OK,生意社期现基差表,https://www.100ppi.com/sf/day-2026-08-14.html
2026-07-06,PX,PX,7900.0,2609,7530.0,370.0,4.68,现货价-主力期货价,OK,生意社期现基差表,https://www.100ppi.com/sf/day-2026-07-06.html
2026-07-07,PX,PX,7900.0,2609,7616.0,284.0,3.59,现货价-主力期货价,OK,生意社期现基差表,https://www.100ppi.com/sf/day-2026-07-07.html
2026-07-08,PX,PX,7900.0,2609,7780.0,120.0,1.52,现货价-主力期货价,OK,生意社期现基差表,https://www.100ppi.com/sf/day-2026-07-08.html
2026-07-09,PX,PX,7900.0,2609,7840.0,60.0,0.76,现货价-主力期货价,OK,生意社期现基差表,https://www.100ppi.com/sf/day-2026-07-09.html
2026-07-10,PX,PX,7900.0,2609,7742.0,158.0,2.0,现货价-主力期货价,OK,生意社期现基差表,https://www.100ppi.com/sf/day-2026-07-10.html
2026-07-13,PX,PX,7900.0,2609,7840.0,60.0,0.76,现货价-主力期货价,OK,生意社期现基差表,https://www.100ppi.com/sf/day-2026-07-13.html
2026-07-14,PX,PX,7900.0,2609,8206.0,-306.0,-3.87,现货价-主力期货价,OK,生意社期现基差表,https://www.100ppi.com/sf/day-2026-07-14.html
2026-07-15,PX,PX,7900.0,2609,8128.0,-228.0,-2.89,现货价-主力期货价,OK,生意社期现基差表,https://www.100ppi.com/sf/day-2026-07-15.html
2026-07-16,PX,PX,8400.0,2609,8108.0,292.0,3.48,现货价-主力期货价,OK,生意社期现基差表,https://www.100ppi.com/sf/day-2026-07-16.html
2026-07-17,PX,PX,8400.0,2609,8034.0,366.0,4.36,现货价-主力期货价,OK,生意社期现基差表,https://www.100ppi.com/sf/day-2026-07-17.html
2026-07-20,PX,PX,8400.0,2609,8362.0,38.0,0.45,现货价-主力期货价,OK,生意社期现基差表,https://www.100ppi.com/sf/day-2026-07-20.html
2026-07-21,PX,PX,8400.0,2609,8124.0,276.0,3.29,现货价-主力期货价,OK,生意社期现基差表,https://www.100ppi.com/sf/day-2026-07-21.html
2026-07-22,PX,PX,8400.0,2609,8350.0,50.0,0.6,现货价-主力期货价,OK,生意社期现基差表,https://www.100ppi.com/sf/day-2026-07-22.html
2026-07-23,PX,PX,8400.0,2609,8432.0,-32.0,-0.38,现货价-主力期货价,OK,生意社期现基差表,https://www.100ppi.com/sf/day-2026-07-23.html
2026-07-24,PX,PX,8400.0,2609,8350.0,50.0,0.6,现货价-主力期货价,OK,生意社期现基差表,https://www.100ppi.com/sf/day-2026-07-24.html
2026-07-27,PX,PX,8400.0,2609,7974.0,426.0,5.07,现货价-主力期货价,OK,生意社期现基差表,https://www.100ppi.com/sf/day-2026-07-27.html
2026-07-28,PX,PX,8400.0,2609,7928.0,472.0,5.62,现货价-主力期货价,OK,生意社期现基差表,https://www.100ppi.com/sf/day-2026-07-28.html
2026-07-29,PX,PX,8500.0,2609,7998.0,502.0,5.91,现货价-主力期货价,OK,生意社期现基差表,https://www.100ppi.com/sf/day-2026-07-29.html
2026-07-30,PX,PX,8500.0,2609,8286.0,214.0,2.52,现货价-主力期货价,OK,生意社期现基差表,https://www.100ppi.com/sf/day-2026-07-30.html
2026-07-31,PX,PX,8500.0,2609,8162.0,338.0,3.98,现货价-主力期货价,OK,生意社期现基差表,https://www.100ppi.com/sf/day-2026-07-31.html
2026-08-03,PX,PX,8500.0,2609,8148.0,352.0,4.14,现货价-主力期货价,OK,生意社期现基差表,https://www.100ppi.com/sf/day-2026-08-03.html
2026-08-04,PX,PX,8500.0,2609,8200.0,300.0,3.53,现货价-主力期货价,OK,生意社期现基差表,https://www.100ppi.com/sf/day-2026-08-04.html
2026-08-05,PX,PX,8500.0,2611,7772.0,728.0,8.56,现货价-主力期货价,OK,生意社期现基差表,https://www.100ppi.com/sf/day-2026-08-05.html
2026-08-06,PX,PX,8500.0,2611,7780.0,720.0,8.47,现货价-主力期货价,OK,生意社期现基差表,https://www.100ppi.com/sf/day-2026-08-06.html
2026-08-07,PX,PX,8500.0,2611,7936.0,564.0,6.64,现货价-主力期货价,OK,生意社期现基差表,https://www.100ppi.com/sf/day-2026-08-07.html
2026-08-10,PX,PX,8500.0,2611,7866.0,634.0,7.46,现货价-主力期货价,OK,生意社期现基差表,https://www.100ppi.com/sf/day-2026-08-10.html
2026-08-11,PX,PX,8500.0,2611,8046.0,454.0,5.34,现货价-主力期货价,OK,生意社期现基差表,https://www.100ppi.com/sf/day-2026-08-11.html
2026-08-12,PX,PX,8500.0,2611,7970.0,530.0,6.24,现货价-主力期货价,OK,生意社期现基差表,https://www.100ppi.com/sf/day-2026-08-12.html
2026-08-13,PX,PX,8500.0,2611,7996.0,504.0,5.93,现货价-主力期货价,OK,生意社期现基差表,https://www.100ppi.com/sf/day-2026-08-13.html
2026-08-14,PX,PX,8500.0,2611,8096.0,404.0,4.75,现货价-主力期货价,OK,生意社期现基差表,https://www.100ppi.com/sf/day-2026-08-14.html
2026-07-06,RB,螺纹钢,3105.66,2610,3072.0,33.0,1.06,现货价-主力期货价,OK,生意社期现基差表,https://www.100ppi.com/sf/day-2026-07-06.html
2026-07-07,RB,螺纹钢,3109.66,2610,3068.0,41.0,1.32,现货价-主力期货价,OK,生意社期现基差表,https://www.100ppi.com/sf/day-2026-07-07.html
2026-07-08,RB,螺纹钢,3094.5,2610,3096.0,-1.5,-0.05,现货价-主力期货价,OK,生意社期现基差表,https://www.100ppi.com/sf/day-2026-07-08.html
2026-07-09,RB,螺纹钢,3100.0,2610,3091.0,9.0,0.29,现货价-主力期货价,OK,生意社期现基差表,https://www.100ppi.com/sf/day-2026-07-09.html
2026-07-10,RB,螺纹钢,3094.34,2610,3087.0,7.0,0.23,现货价-主力期货价,OK,生意社期现基差表,https://www.100ppi.com/sf/day-2026-07-10.html
2026-07-13,RB,螺纹钢,3085.5,2610,3054.0,31.0,1.0,现货价-主力期货价,OK,生意社期现基差表,https://www.100ppi.com/sf/day-2026-07-13.html
2026-07-14,RB,螺纹钢,3072.0,2610,3090.0,-18.0,-0.59,现货价-主力期货价,OK,生意社期现基差表,https://www.100ppi.com/sf/day-2026-07-14.html
2026-07-15,RB,螺纹钢,3097.16,2610,3115.0,-17.0,-0.55,现货价-主力期货价,OK,生意社期现基差表,https://www.100ppi.com/sf/day-2026-07-15.html
2026-07-16,RB,螺纹钢,3095.16,2610,3115.0,-19.0,-0.61,现货价-主力期货价,OK,生意社期现基差表,https://www.100ppi.com/sf/day-2026-07-16.html
2026-07-17,RB,螺纹钢,3096.84,2610,3112.0,-15.0,-0.48,现货价-主力期货价,OK,生意社期现基差表,https://www.100ppi.com/sf/day-2026-07-17.html
2026-07-20,RB,螺纹钢,3088.66,2610,3096.0,-7.0,-0.23,现货价-主力期货价,OK,生意社期现基差表,https://www.100ppi.com/sf/day-2026-07-20.html
2026-07-21,RB,螺纹钢,3087.5,2610,3095.0,-7.0,-0.23,现货价-主力期货价,OK,生意社期现基差表,https://www.100ppi.com/sf/day-2026-07-21.html
2026-07-22,RB,螺纹钢,3079.66,2610,3083.0,-3.34,-0.11,现货价-主力期货价,OK,生意社期现基差表,https://www.100ppi.com/sf/day-2026-07-22.html
2026-07-23,RB,螺纹钢,3077.0,2610,3085.0,-8.0,-0.26,现货价-主力期货价,OK,生意社期现基差表,https://www.100ppi.com/sf/day-2026-07-23.html
2026-07-24,RB,螺纹钢,3067.34,2610,3076.0,-8.0,-0.26,现货价-主力期货价,OK,生意社期现基差表,https://www.100ppi.com/sf/day-2026-07-24.html
2026-07-27,RB,螺纹钢,3073.34,2610,3078.0,-4.66,-0.15,现货价-主力期货价,OK,生意社期现基差表,https://www.100ppi.com/sf/day-2026-07-27.html
2026-07-28,RB,螺纹钢,3068.5,2610,3060.0,8.0,0.26,现货价-主力期货价,OK,生意社期现基差表,https://www.100ppi.com/sf/day-2026-07-28.html
2026-07-29,RB,螺纹钢,3070.0,2610,3062.0,8.0,0.26,现货价-主力期货价,OK,生意社期现基差表,https://www.100ppi.com/sf/day-2026-07-29.html
2026-07-30,RB,螺纹钢,3040.0,2610,3014.0,26.0,0.86,现货价-主力期货价,OK,生意社期现基差表,https://www.100ppi.com/sf/day-2026-07-30.html
2026-07-31,RB,螺纹钢,3037.0,2610,3004.0,33.0,1.09,现货价-主力期货价,OK,生意社期现基差表,https://www.100ppi.com/sf/day-2026-07-31.html
2026-08-03,RB,螺纹钢,3002.34,2610,2976.0,26.0,0.87,现货价-主力期货价,OK,生意社期现基差表,https://www.100ppi.com/sf/day-2026-08-03.html
2026-08-04,RB,螺纹钢,3022.0,2610,2983.0,39.0,1.29,现货价-主力期货价,OK,生意社期现基差表,https://www.100ppi.com/sf/day-2026-08-04.html
2026-08-05,RB,螺纹钢,3022.0,2610,2990.0,32.0,1.06,现货价-主力期货价,OK,生意社期现基差表,https://www.100ppi.com/sf/day-2026-08-05.html
2026-08-06,RB,螺纹钢,3018.66,2610,3014.0,4.66,0.15,现货价-主力期货价,OK,生意社期现基差表,https://www.100ppi.com/sf/day-2026-08-06.html
2026-08-07,RB,螺纹钢,3029.0,2610,3008.0,21.0,0.69,现货价-主力期货价,OK,生意社期现基差表,https://www.100ppi.com/sf/day-2026-08-07.html
2026-08-10,RB,螺纹钢,3019.0,2610,2997.0,22.0,0.73,现货价-主力期货价,OK,生意社期现基差表,https://www.100ppi.com/sf/day-2026-08-10.html
2026-08-11,RB,螺纹钢,3012.34,2610,3016.0,-3.66,-0.12,现货价-主力期货价,OK,生意社期现基差表,https://www.100ppi.com/sf/day-2026-08-11.html
2026-08-12,RB,螺纹钢,3019.0,2610,3010.0,9.0,0.3,现货价-主力期货价,OK,生意社期现基差表,https://www.100ppi.com/sf/day-2026-08-12.html
2026-08-13,RB,螺纹钢,3018.0,2610,3002.0,16.0,0.53,现货价-主力期货价,OK,生意社期现基差表,https://www.100ppi.com/sf/day-2026-08-13.html
2026-08-14,RB,螺纹钢,3022.0,2610,3015.0,7.0,0.23,现货价-主力期货价,OK,生意社期现基差表,https://www.100ppi.com/sf/day-2026-08-14.html
2026-07-06,RM,菜籽粕,2370.0,2609,2304.0,66.0,2.78,现货价-主力期货价,OK,生意社期现基差表,https://www.100ppi.com/sf/day-2026-07-06.html
2026-07-07,RM,菜籽粕,2402.0,2609,2318.0,84.0,3.5,现货价-主力期货价,OK,生意社期现基差表,https://www.100ppi.com/sf/day-2026-07-07.html
2026-07-08,RM,菜籽粕,2404.0,2609,2305.0,99.0,4.12,现货价-主力期货价,OK,生意社期现基差表,https://www.100ppi.com/sf/day-2026-07-08.html
2026-07-09,RM,菜籽粕,2404.0,2609,2338.0,66.0,2.75,现货价-主力期货价,OK,生意社期现基差表,https://www.100ppi.com/sf/day-2026-07-09.html
2026-07-10,RM,菜籽粕,2412.0,2609,2325.0,87.0,3.61,现货价-主力期货价,OK,生意社期现基差表,https://www.100ppi.com/sf/day-2026-07-10.html
2026-07-13,RM,菜籽粕,2400.0,2609,2295.0,105.0,4.38,现货价-主力期货价,OK,生意社期现基差表,https://www.100ppi.com/sf/day-2026-07-13.html
2026-07-14,RM,菜籽粕,2396.0,2609,2308.0,88.0,3.67,现货价-主力期货价,OK,生意社期现基差表,https://www.100ppi.com/sf/day-2026-07-14.html
2026-07-15,RM,菜籽粕,2396.0,2609,2315.0,81.0,3.38,现货价-主力期货价,OK,生意社期现基差表,https://www.100ppi.com/sf/day-2026-07-15.html
2026-07-16,RM,菜籽粕,2404.0,2609,2308.0,96.0,3.99,现货价-主力期货价,OK,生意社期现基差表,https://www.100ppi.com/sf/day-2026-07-16.html
2026-07-17,RM,菜籽粕,2386.0,2609,2286.0,100.0,4.19,现货价-主力期货价,OK,生意社期现基差表,https://www.100ppi.com/sf/day-2026-07-17.html
2026-07-20,RM,菜籽粕,2402.0,2609,2333.0,69.0,2.87,现货价-主力期货价,OK,生意社期现基差表,https://www.100ppi.com/sf/day-2026-07-20.html
2026-07-21,RM,菜籽粕,2426.0,2609,2342.0,84.0,3.46,现货价-主力期货价,OK,生意社期现基差表,https://www.100ppi.com/sf/day-2026-07-21.html
2026-07-22,RM,菜籽粕,2430.0,2609,2350.0,80.0,3.29,现货价-主力期货价,OK,生意社期现基差表,https://www.100ppi.com/sf/day-2026-07-22.html
2026-07-23,RM,菜籽粕,2444.0,2609,2360.0,84.0,3.44,现货价-主力期货价,OK,生意社期现基差表,https://www.100ppi.com/sf/day-2026-07-23.html
2026-07-24,RM,菜籽粕,2464.0,2609,2467.0,-3.0,-0.12,现货价-主力期货价,OK,生意社期现基差表,https://www.100ppi.com/sf/day-2026-07-24.html
2026-07-27,RM,菜籽粕,2468.0,2609,2387.0,81.0,3.28,现货价-主力期货价,OK,生意社期现基差表,https://www.100ppi.com/sf/day-2026-07-27.html
2026-07-28,RM,菜籽粕,2416.0,2609,2335.0,81.0,3.35,现货价-主力期货价,OK,生意社期现基差表,https://www.100ppi.com/sf/day-2026-07-28.html
2026-07-29,RM,菜籽粕,2416.0,2609,2337.0,79.0,3.27,现货价-主力期货价,OK,生意社期现基差表,https://www.100ppi.com/sf/day-2026-07-29.html
2026-07-30,RM,菜籽粕,2390.0,2609,2289.0,101.0,4.23,现货价-主力期货价,OK,生意社期现基差表,https://www.100ppi.com/sf/day-2026-07-30.html
2026-07-31,RM,菜籽粕,2386.0,2609,2316.0,70.0,2.93,现货价-主力期货价,OK,生意社期现基差表,https://www.100ppi.com/sf/day-2026-07-31.html
2026-08-03,RM,菜籽粕,2394.0,2609,2319.0,75.0,3.13,现货价-主力期货价,OK,生意社期现基差表,https://www.100ppi.com/sf/day-2026-08-03.html
2026-08-04,RM,菜籽粕,2402.0,2611,2199.0,203.0,8.45,现货价-主力期货价,OK,生意社期现基差表,https://www.100ppi.com/sf/day-2026-08-04.html
2026-08-05,RM,菜籽粕,2396.0,2611,2186.0,210.0,8.76,现货价-主力期货价,OK,生意社期现基差表,https://www.100ppi.com/sf/day-2026-08-05.html
2026-08-06,RM,菜籽粕,2386.0,2611,2173.0,213.0,8.93,现货价-主力期货价,OK,生意社期现基差表,https://www.100ppi.com/sf/day-2026-08-06.html
2026-08-07,RM,菜籽粕,2386.0,2611,2173.0,213.0,8.93,现货价-主力期货价,OK,生意社期现基差表,https://www.100ppi.com/sf/day-2026-08-07.html
2026-08-10,RM,菜籽粕,2386.0,2611,2174.0,212.0,8.89,现货价-主力期货价,OK,生意社期现基差表,https://www.100ppi.com/sf/day-2026-08-10.html
2026-08-11,RM,菜籽粕,2352.0,2611,2171.0,181.0,7.7,现货价-主力期货价,OK,生意社期现基差表,https://www.100ppi.com/sf/day-2026-08-11.html
2026-08-12,RM,菜籽粕,2352.0,2611,2180.0,172.0,7.31,现货价-主力期货价,OK,生意社期现基差表,https://www.100ppi.com/sf/day-2026-08-12.html
2026-08-13,RM,菜籽粕,2352.0,2611,2178.0,174.0,7.4,现货价-主力期货价,OK,生意社期现基差表,https://www.100ppi.com/sf/day-2026-08-13.html
2026-08-14,RM,菜籽粕,2366.0,2611,2191.0,175.0,7.4,现货价-主力期货价,OK,生意社期现基差表,https://www.100ppi.com/sf/day-2026-08-14.html
2026-07-06,RU,天然橡胶,16883.33,2609,16910.0,-26.0,-0.15,现货价-主力期货价,OK,生意社期现基差表,https://www.100ppi.com/sf/day-2026-07-06.html
2026-07-07,RU,天然橡胶,16900.0,2609,16970.0,-70.0,-0.41,现货价-主力期货价,OK,生意社期现基差表,https://www.100ppi.com/sf/day-2026-07-07.html
2026-07-08,RU,天然橡胶,16858.33,2609,16980.0,-121.0,-0.72,现货价-主力期货价,OK,生意社期现基差表,https://www.100ppi.com/sf/day-2026-07-08.html
2026-07-09,RU,天然橡胶,16825.0,2609,16920.0,-95.0,-0.56,现货价-主力期货价,OK,生意社期现基差表,https://www.100ppi.com/sf/day-2026-07-09.html
2026-07-10,RU,天然橡胶,16783.33,2609,16905.0,-121.0,-0.72,现货价-主力期货价,OK,生意社期现基差表,https://www.100ppi.com/sf/day-2026-07-10.html
2026-07-13,RU,天然橡胶,16850.0,2609,16910.0,-60.0,-0.36,现货价-主力期货价,OK,生意社期现基差表,https://www.100ppi.com/sf/day-2026-07-13.html
2026-07-14,RU,天然橡胶,17000.0,2609,17065.0,-65.0,-0.38,现货价-主力期货价,OK,生意社期现基差表,https://www.100ppi.com/sf/day-2026-07-14.html
2026-07-15,RU,天然橡胶,17108.33,2609,17190.0,-81.0,-0.47,现货价-主力期货价,OK,生意社期现基差表,https://www.100ppi.com/sf/day-2026-07-15.html
2026-07-16,RU,天然橡胶,16958.33,2609,16905.0,53.0,0.31,现货价-主力期货价,OK,生意社期现基差表,https://www.100ppi.com/sf/day-2026-07-16.html
2026-07-17,RU,天然橡胶,16800.0,2609,16805.0,-5.0,-0.03,现货价-主力期货价,OK,生意社期现基差表,https://www.100ppi.com/sf/day-2026-07-17.html
2026-07-20,RU,天然橡胶,16983.33,2609,16985.0,-1.67,-0.01,现货价-主力期货价,OK,生意社期现基差表,https://www.100ppi.com/sf/day-2026-07-20.html
2026-07-21,RU,天然橡胶,16758.33,2609,16815.0,-56.0,-0.33,现货价-主力期货价,OK,生意社期现基差表,https://www.100ppi.com/sf/day-2026-07-21.html
2026-07-22,RU,天然橡胶,16941.67,2609,16930.0,11.0,0.06,现货价-主力期货价,OK,生意社期现基差表,https://www.100ppi.com/sf/day-2026-07-22.html
2026-07-23,RU,天然橡胶,16933.33,2609,17030.0,-96.0,-0.57,现货价-主力期货价,OK,生意社期现基差表,https://www.100ppi.com/sf/day-2026-07-23.html
2026-07-24,RU,天然橡胶,16791.67,2609,16765.0,26.0,0.15,现货价-主力期货价,OK,生意社期现基差表,https://www.100ppi.com/sf/day-2026-07-24.html
2026-07-27,RU,天然橡胶,16766.67,2609,16760.0,6.0,0.04,现货价-主力期货价,OK,生意社期现基差表,https://www.100ppi.com/sf/day-2026-07-27.html
2026-07-28,RU,天然橡胶,16750.0,2609,16710.0,40.0,0.24,现货价-主力期货价,OK,生意社期现基差表,https://www.100ppi.com/sf/day-2026-07-28.html
2026-07-29,RU,天然橡胶,16441.67,2609,16370.0,71.0,0.43,现货价-主力期货价,OK,生意社期现基差表,https://www.100ppi.com/sf/day-2026-07-29.html
2026-07-30,RU,天然橡胶,16391.67,2609,16385.0,6.0,0.04,现货价-主力期货价,OK,生意社期现基差表,https://www.100ppi.com/sf/day-2026-07-30.html
2026-07-31,RU,天然橡胶,16483.33,2609,16375.0,108.0,0.66,现货价-主力期货价,OK,生意社期现基差表,https://www.100ppi.com/sf/day-2026-07-31.html
2026-08-03,RU,天然橡胶,16433.33,2609,16295.0,138.0,0.84,现货价-主力期货价,OK,生意社期现基差表,https://www.100ppi.com/sf/day-2026-08-03.html
2026-08-04,RU,天然橡胶,16683.33,2609,16685.0,-1.67,-0.01,现货价-主力期货价,OK,生意社期现基差表,https://www.100ppi.com/sf/day-2026-08-04.html
2026-08-05,RU,天然橡胶,16708.33,2701,17660.0,-951.0,-5.69,现货价-主力期货价,OK,生意社期现基差表,https://www.100ppi.com/sf/day-2026-08-05.html
2026-08-06,RU,天然橡胶,16891.67,2701,17815.0,-923.0,-5.46,现货价-主力期货价,OK,生意社期现基差表,https://www.100ppi.com/sf/day-2026-08-06.html
2026-08-07,RU,天然橡胶,16900.0,2701,17840.0,-940.0,-5.56,现货价-主力期货价,OK,生意社期现基差表,https://www.100ppi.com/sf/day-2026-08-07.html
2026-08-10,RU,天然橡胶,16900.0,2701,17835.0,-935.0,-5.53,现货价-主力期货价,OK,生意社期现基差表,https://www.100ppi.com/sf/day-2026-08-10.html
2026-08-11,RU,天然橡胶,16925.0,2701,17875.0,-950.0,-5.61,现货价-主力期货价,OK,生意社期现基差表,https://www.100ppi.com/sf/day-2026-08-11.html
2026-08-12,RU,天然橡胶,17016.67,2701,17950.0,-933.0,-5.48,现货价-主力期货价,OK,生意社期现基差表,https://www.100ppi.com/sf/day-2026-08-12.html
2026-08-13,RU,天然橡胶,16916.67,2701,17875.0,-958.0,-5.66,现货价-主力期货价,OK,生意社期现基差表,https://www.100ppi.com/sf/day-2026-08-13.html
2026-08-14,RU,天然橡胶,16941.67,2701,17790.0,-848.0,-5.01,现货价-主力期货价,OK,生意社期现基差表,https://www.100ppi.com/sf/day-2026-08-14.html
2026-07-06,SA,纯碱,1161.43,2609,1101.0,60.0,5.17,现货价-主力期货价,OK,生意社期现基差表,https://www.100ppi.com/sf/day-2026-07-06.html
2026-07-07,SA,纯碱,1158.57,2609,1070.0,88.0,7.6,现货价-主力期货价,OK,生意社期现基差表,https://www.100ppi.com/sf/day-2026-07-07.html
2026-07-08,SA,纯碱,1158.57,2609,1080.0,78.0,6.73,现货价-主力期货价,OK,生意社期现基差表,https://www.100ppi.com/sf/day-2026-07-08.html
2026-07-09,SA,纯碱,1158.57,2609,1078.0,80.0,6.91,现货价-主力期货价,OK,生意社期现基差表,https://www.100ppi.com/sf/day-2026-07-09.html
2026-07-10,SA,纯碱,1160.0,2609,1084.0,76.0,6.55,现货价-主力期货价,OK,生意社期现基差表,https://www.100ppi.com/sf/day-2026-07-10.html
2026-07-13,SA,纯碱,1160.0,2609,1063.0,97.0,8.36,现货价-主力期货价,OK,生意社期现基差表,https://www.100ppi.com/sf/day-2026-07-13.html
2026-07-14,SA,纯碱,1155.71,2609,1064.0,91.0,7.87,现货价-主力期货价,OK,生意社期现基差表,https://www.100ppi.com/sf/day-2026-07-14.html
2026-07-15,SA,纯碱,1152.86,2609,1051.0,101.0,8.76,现货价-主力期货价,OK,生意社期现基差表,https://www.100ppi.com/sf/day-2026-07-15.html
2026-07-16,SA,纯碱,1152.86,2609,1034.0,118.0,10.24,现货价-主力期货价,OK,生意社期现基差表,https://www.100ppi.com/sf/day-2026-07-16.html
2026-07-17,SA,纯碱,1152.86,2609,1007.0,145.0,12.58,现货价-主力期货价,OK,生意社期现基差表,https://www.100ppi.com/sf/day-2026-07-17.html
2026-07-20,SA,纯碱,1152.86,2609,1006.0,146.0,12.66,现货价-主力期货价,OK,生意社期现基差表,https://www.100ppi.com/sf/day-2026-07-20.html
2026-07-21,SA,纯碱,1152.86,2609,1009.0,143.0,12.4,现货价-主力期货价,OK,生意社期现基差表,https://www.100ppi.com/sf/day-2026-07-21.html
2026-07-22,SA,纯碱,1152.86,2609,1013.0,139.0,12.06,现货价-主力期货价,OK,生意社期现基差表,https://www.100ppi.com/sf/day-2026-07-22.html
2026-07-23,SA,纯碱,1152.86,2609,1007.0,145.0,12.58,现货价-主力期货价,OK,生意社期现基差表,https://www.100ppi.com/sf/day-2026-07-23.html
2026-07-24,SA,纯碱,1152.86,2609,1004.0,148.0,12.84,现货价-主力期货价,OK,生意社期现基差表,https://www.100ppi.com/sf/day-2026-07-24.html
2026-07-27,SA,纯碱,1144.29,2609,995.0,149.0,13.02,现货价-主力期货价,OK,生意社期现基差表,https://www.100ppi.com/sf/day-2026-07-27.html
2026-07-28,SA,纯碱,1144.29,2609,972.0,172.0,15.03,现货价-主力期货价,OK,生意社期现基差表,https://www.100ppi.com/sf/day-2026-07-28.html
2026-07-29,SA,纯碱,1144.29,2609,960.0,184.0,16.08,现货价-主力期货价,OK,生意社期现基差表,https://www.100ppi.com/sf/day-2026-07-29.html
2026-07-30,SA,纯碱,1140.0,2609,944.0,196.0,17.19,现货价-主力期货价,OK,生意社期现基差表,https://www.100ppi.com/sf/day-2026-07-30.html
2026-07-31,SA,纯碱,1104.29,2609,935.0,169.0,15.3,现货价-主力期货价,OK,生意社期现基差表,https://www.100ppi.com/sf/day-2026-07-31.html
2026-08-03,SA,纯碱,1090.0,2609,919.0,171.0,15.69,现货价-主力期货价,OK,生意社期现基差表,https://www.100ppi.com/sf/day-2026-08-03.html
2026-08-04,SA,纯碱,1090.0,2609,922.0,168.0,15.41,现货价-主力期货价,OK,生意社期现基差表,https://www.100ppi.com/sf/day-2026-08-04.html
2026-08-05,SA,纯碱,1090.0,2609,937.0,153.0,14.04,现货价-主力期货价,OK,生意社期现基差表,https://www.100ppi.com/sf/day-2026-08-05.html
2026-08-06,SA,纯碱,1090.0,2609,937.0,153.0,14.04,现货价-主力期货价,OK,生意社期现基差表,https://www.100ppi.com/sf/day-2026-08-06.html
2026-08-07,SA,纯碱,1090.0,2609,939.0,151.0,13.85,现货价-主力期货价,OK,生意社期现基差表,https://www.100ppi.com/sf/day-2026-08-07.html
2026-08-10,SA,纯碱,1090.0,2609,966.0,124.0,11.38,现货价-主力期货价,OK,生意社期现基差表,https://www.100ppi.com/sf/day-2026-08-10.html
2026-08-11,SA,纯碱,1090.0,2609,996.0,94.0,8.62,现货价-主力期货价,OK,生意社期现基差表,https://www.100ppi.com/sf/day-2026-08-11.html
2026-08-12,SA,纯碱,1090.0,2609,987.0,103.0,9.45,现货价-主力期货价,OK,生意社期现基差表,https://www.100ppi.com/sf/day-2026-08-12.html
2026-08-13,SA,纯碱,1090.0,2701,1037.0,53.0,4.86,现货价-主力期货价,OK,生意社期现基差表,https://www.100ppi.com/sf/day-2026-08-13.html
2026-08-14,SA,纯碱,1090.0,2701,1023.0,67.0,6.15,现货价-主力期货价,OK,生意社期现基差表,https://www.100ppi.com/sf/day-2026-08-14.html
2026-07-06,SF,硅铁,5517.14,2609,5782.0,-264.0,-4.79,现货价-主力期货价,OK,生意社期现基差表,https://www.100ppi.com/sf/day-2026-07-06.html
2026-07-07,SF,硅铁,5525.71,2609,5818.0,-292.0,-5.28,现货价-主力期货价,OK,生意社期现基差表,https://www.100ppi.com/sf/day-2026-07-07.html
2026-07-08,SF,硅铁,5524.29,2609,5832.0,-307.0,-5.56,现货价-主力期货价,OK,生意社期现基差表,https://www.100ppi.com/sf/day-2026-07-08.html
2026-07-09,SF,硅铁,5524.29,2609,5824.0,-299.0,-5.41,现货价-主力期货价,OK,生意社期现基差表,https://www.100ppi.com/sf/day-2026-07-09.html
2026-07-10,SF,硅铁,5524.29,2609,5792.0,-267.0,-4.83,现货价-主力期货价,OK,生意社期现基差表,https://www.100ppi.com/sf/day-2026-07-10.html
2026-07-13,SF,硅铁,5515.71,2609,5746.0,-230.0,-4.17,现货价-主力期货价,OK,生意社期现基差表,https://www.100ppi.com/sf/day-2026-07-13.html
2026-07-14,SF,硅铁,5521.43,2609,5828.0,-306.0,-5.54,现货价-主力期货价,OK,生意社期现基差表,https://www.100ppi.com/sf/day-2026-07-14.html
2026-07-15,SF,硅铁,5542.86,2609,5796.0,-253.0,-4.56,现货价-主力期货价,OK,生意社期现基差表,https://www.100ppi.com/sf/day-2026-07-15.html
2026-07-16,SF,硅铁,5542.86,2609,5812.0,-269.0,-4.85,现货价-主力期货价,OK,生意社期现基差表,https://www.100ppi.com/sf/day-2026-07-16.html
2026-07-17,SF,硅铁,5531.43,2609,5784.0,-252.0,-4.56,现货价-主力期货价,OK,生意社期现基差表,https://www.100ppi.com/sf/day-2026-07-17.html
2026-07-20,SF,硅铁,5531.43,2609,5782.0,-250.0,-4.52,现货价-主力期货价,OK,生意社期现基差表,https://www.100ppi.com/sf/day-2026-07-20.html
2026-07-21,SF,硅铁,5527.14,2609,5782.0,-254.0,-4.6,现货价-主力期货价,OK,生意社期现基差表,https://www.100ppi.com/sf/day-2026-07-21.html
2026-07-22,SF,硅铁,5527.14,2609,5840.0,-312.0,-5.64,现货价-主力期货价,OK,生意社期现基差表,https://www.100ppi.com/sf/day-2026-07-22.html
2026-07-23,SF,硅铁,5534.29,2609,5830.0,-295.0,-5.33,现货价-主力期货价,OK,生意社期现基差表,https://www.100ppi.com/sf/day-2026-07-23.html
2026-07-24,SF,硅铁,5531.43,2609,5892.0,-360.0,-6.51,现货价-主力期货价,OK,生意社期现基差表,https://www.100ppi.com/sf/day-2026-07-24.html
2026-07-27,SF,硅铁,5521.43,2609,5896.0,-374.0,-6.77,现货价-主力期货价,OK,生意社期现基差表,https://www.100ppi.com/sf/day-2026-07-27.html
2026-07-28,SF,硅铁,5521.43,2609,5812.0,-290.0,-5.25,现货价-主力期货价,OK,生意社期现基差表,https://www.100ppi.com/sf/day-2026-07-28.html
2026-07-29,SF,硅铁,5521.43,2609,5916.0,-394.0,-7.14,现货价-主力期货价,OK,生意社期现基差表,https://www.100ppi.com/sf/day-2026-07-29.html
2026-07-30,SF,硅铁,5535.71,2609,5786.0,-250.0,-4.52,现货价-主力期货价,OK,生意社期现基差表,https://www.100ppi.com/sf/day-2026-07-30.html
2026-07-31,SF,硅铁,5528.57,2609,5782.0,-253.0,-4.58,现货价-主力期货价,OK,生意社期现基差表,https://www.100ppi.com/sf/day-2026-07-31.html
2026-08-03,SF,硅铁,5510.0,2611,5680.0,-170.0,-3.09,现货价-主力期货价,OK,生意社期现基差表,https://www.100ppi.com/sf/day-2026-08-03.html
2026-08-04,SF,硅铁,5524.29,2611,5860.0,-335.0,-6.06,现货价-主力期货价,OK,生意社期现基差表,https://www.100ppi.com/sf/day-2026-08-04.html
2026-08-05,SF,硅铁,5545.71,2611,5880.0,-334.0,-6.02,现货价-主力期货价,OK,生意社期现基差表,https://www.100ppi.com/sf/day-2026-08-05.html
2026-08-06,SF,硅铁,5542.86,2611,5924.0,-381.0,-6.87,现货价-主力期货价,OK,生意社期现基差表,https://www.100ppi.com/sf/day-2026-08-06.html
2026-08-07,SF,硅铁,5564.29,2611,5900.0,-335.0,-6.02,现货价-主力期货价,OK,生意社期现基差表,https://www.100ppi.com/sf/day-2026-08-07.html
2026-08-10,SF,硅铁,5570.0,2611,5882.0,-312.0,-5.6,现货价-主力期货价,OK,生意社期现基差表,https://www.100ppi.com/sf/day-2026-08-10.html
2026-08-11,SF,硅铁,5565.71,2611,5906.0,-340.0,-6.11,现货价-主力期货价,OK,生意社期现基差表,https://www.100ppi.com/sf/day-2026-08-11.html
2026-08-12,SF,硅铁,5565.71,2611,5924.0,-358.0,-6.43,现货价-主力期货价,OK,生意社期现基差表,https://www.100ppi.com/sf/day-2026-08-12.html
2026-08-13,SF,硅铁,5570.0,2611,5896.0,-326.0,-5.85,现货价-主力期货价,OK,生意社期现基差表,https://www.100ppi.com/sf/day-2026-08-13.html
2026-08-14,SF,硅铁,5590.0,2611,5926.0,-336.0,-6.01,现货价-主力期货价,OK,生意社期现基差表,https://www.100ppi.com/sf/day-2026-08-14.html
2026-07-06,SH,烧碱,652.0,2609,1911.0,126.0,6.18,现货价-主力期货价,OK,生意社期现基差表,https://www.100ppi.com/sf/day-2026-07-06.html
2026-07-07,SH,烧碱,646.0,2609,1882.0,136.0,6.74,现货价-主力期货价,OK,生意社期现基差表,https://www.100ppi.com/sf/day-2026-07-07.html
2026-07-08,SH,烧碱,643.0,2609,1933.0,76.0,3.78,现货价-主力期货价,OK,生意社期现基差表,https://www.100ppi.com/sf/day-2026-07-08.html
2026-07-09,SH,烧碱,643.0,2609,1941.0,68.0,3.38,现货价-主力期货价,OK,生意社期现基差表,https://www.100ppi.com/sf/day-2026-07-09.html
2026-07-10,SH,烧碱,643.0,2609,1939.0,70.0,3.48,现货价-主力期货价,OK,生意社期现基差表,https://www.100ppi.com/sf/day-2026-07-10.html
2026-07-13,SH,烧碱,643.0,2609,1914.0,95.0,4.73,现货价-主力期货价,OK,生意社期现基差表,https://www.100ppi.com/sf/day-2026-07-13.html
2026-07-14,SH,烧碱,643.0,2609,1949.0,60.0,2.99,现货价-主力期货价,OK,生意社期现基差表,https://www.100ppi.com/sf/day-2026-07-14.html
2026-07-15,SH,烧碱,643.0,2609,1908.0,101.0,5.03,现货价-主力期货价,OK,生意社期现基差表,https://www.100ppi.com/sf/day-2026-07-15.html
2026-07-16,SH,烧碱,643.0,2609,1906.0,103.0,5.13,现货价-主力期货价,OK,生意社期现基差表,https://www.100ppi.com/sf/day-2026-07-16.html
2026-07-17,SH,烧碱,643.0,2609,1858.0,151.0,7.51,现货价-主力期货价,OK,生意社期现基差表,https://www.100ppi.com/sf/day-2026-07-17.html
2026-07-20,SH,烧碱,643.0,2609,1912.0,97.0,4.83,现货价-主力期货价,OK,生意社期现基差表,https://www.100ppi.com/sf/day-2026-07-20.html
2026-07-21,SH,烧碱,643.0,2609,1889.0,120.0,5.97,现货价-主力期货价,OK,生意社期现基差表,https://www.100ppi.com/sf/day-2026-07-21.html
2026-07-22,SH,烧碱,643.0,2609,1875.0,134.0,6.67,现货价-主力期货价,OK,生意社期现基差表,https://www.100ppi.com/sf/day-2026-07-22.html
2026-07-23,SH,烧碱,643.0,2609,1877.0,132.0,6.57,现货价-主力期货价,OK,生意社期现基差表,https://www.100ppi.com/sf/day-2026-07-23.html
2026-07-24,SH,烧碱,643.0,2609,1861.0,148.0,7.37,现货价-主力期货价,OK,生意社期现基差表,https://www.100ppi.com/sf/day-2026-07-24.html
2026-07-27,SH,烧碱,643.0,2609,1885.0,124.0,6.17,现货价-主力期货价,OK,生意社期现基差表,https://www.100ppi.com/sf/day-2026-07-27.html
2026-07-28,SH,烧碱,643.0,2609,1862.0,147.0,7.32,现货价-主力期货价,OK,生意社期现基差表,https://www.100ppi.com/sf/day-2026-07-28.html
2026-07-29,SH,烧碱,643.0,2609,1856.0,153.0,7.61,现货价-主力期货价,OK,生意社期现基差表,https://www.100ppi.com/sf/day-2026-07-29.html
2026-07-30,SH,烧碱,643.0,2609,1842.0,167.0,8.31,现货价-主力期货价,OK,生意社期现基差表,https://www.100ppi.com/sf/day-2026-07-30.html
2026-07-31,SH,烧碱,643.0,2609,1837.0,172.0,8.56,现货价-主力期货价,OK,生意社期现基差表,https://www.100ppi.com/sf/day-2026-07-31.html
2026-08-03,SH,烧碱,641.0,2609,1838.0,165.0,8.24,现货价-主力期货价,OK,生意社期现基差表,https://www.100ppi.com/sf/day-2026-08-03.html
2026-08-04,SH,烧碱,641.0,2609,1839.0,164.0,8.19,现货价-主力期货价,OK,生意社期现基差表,https://www.100ppi.com/sf/day-2026-08-04.html
2026-08-05,SH,烧碱,641.0,2609,1861.0,142.0,7.09,现货价-主力期货价,OK,生意社期现基差表,https://www.100ppi.com/sf/day-2026-08-05.html
2026-08-06,SH,烧碱,641.0,2609,1884.0,119.0,5.94,现货价-主力期货价,OK,生意社期现基差表,https://www.100ppi.com/sf/day-2026-08-06.html
2026-08-07,SH,烧碱,641.0,2609,1884.0,119.0,5.94,现货价-主力期货价,OK,生意社期现基差表,https://www.100ppi.com/sf/day-2026-08-07.html
2026-08-10,SH,烧碱,639.0,2609,1873.0,123.0,6.16,现货价-主力期货价,OK,生意社期现基差表,https://www.100ppi.com/sf/day-2026-08-10.html
2026-08-11,SH,烧碱,639.0,2609,1891.0,105.0,5.26,现货价-主力期货价,OK,生意社期现基差表,https://www.100ppi.com/sf/day-2026-08-11.html
2026-08-12,SH,烧碱,639.0,2611,1903.0,93.0,4.66,现货价-主力期货价,OK,生意社期现基差表,https://www.100ppi.com/sf/day-2026-08-12.html
2026-08-13,SH,烧碱,639.0,2611,1902.0,94.0,4.71,现货价-主力期货价,OK,生意社期现基差表,https://www.100ppi.com/sf/day-2026-08-13.html
2026-08-14,SH,烧碱,639.0,2611,1870.0,126.0,6.31,现货价-主力期货价,OK,生意社期现基差表,https://www.100ppi.com/sf/day-2026-08-14.html
2026-07-06,SI,工业硅,9350.0,2609,8390.0,960.0,10.27,现货价-主力期货价,OK,生意社期现基差表,https://www.100ppi.com/sf/day-2026-07-06.html
2026-07-07,SI,工业硅,9350.0,2609,8350.0,1000.0,10.7,现货价-主力期货价,OK,生意社期现基差表,https://www.100ppi.com/sf/day-2026-07-07.html
2026-07-08,SI,工业硅,9350.0,2609,8170.0,1180.0,12.62,现货价-主力期货价,OK,生意社期现基差表,https://www.100ppi.com/sf/day-2026-07-08.html
2026-07-09,SI,工业硅,9330.0,2609,8340.0,990.0,10.61,现货价-主力期货价,OK,生意社期现基差表,https://www.100ppi.com/sf/day-2026-07-09.html
2026-07-10,SI,工业硅,9320.0,2609,8430.0,890.0,9.55,现货价-主力期货价,OK,生意社期现基差表,https://www.100ppi.com/sf/day-2026-07-10.html
2026-07-13,SI,工业硅,9320.0,2609,8435.0,885.0,9.5,现货价-主力期货价,OK,生意社期现基差表,https://www.100ppi.com/sf/day-2026-07-13.html
2026-07-14,SI,工业硅,9330.0,2609,8490.0,840.0,9.0,现货价-主力期货价,OK,生意社期现基差表,https://www.100ppi.com/sf/day-2026-07-14.html
2026-07-15,SI,工业硅,9330.0,2609,8425.0,905.0,9.7,现货价-主力期货价,OK,生意社期现基差表,https://www.100ppi.com/sf/day-2026-07-15.html
2026-07-16,SI,工业硅,9330.0,2609,8435.0,895.0,9.59,现货价-主力期货价,OK,生意社期现基差表,https://www.100ppi.com/sf/day-2026-07-16.html
2026-07-17,SI,工业硅,9330.0,2609,8320.0,1010.0,10.83,现货价-主力期货价,OK,生意社期现基差表,https://www.100ppi.com/sf/day-2026-07-17.html
2026-07-20,SI,工业硅,9330.0,2609,8270.0,1060.0,11.36,现货价-主力期货价,OK,生意社期现基差表,https://www.100ppi.com/sf/day-2026-07-20.html
2026-07-21,SI,工业硅,9310.0,2609,8275.0,1035.0,11.12,现货价-主力期货价,OK,生意社期现基差表,https://www.100ppi.com/sf/day-2026-07-21.html
2026-07-22,SI,工业硅,9310.0,2609,8250.0,1060.0,11.39,现货价-主力期货价,OK,生意社期现基差表,https://www.100ppi.com/sf/day-2026-07-22.html
2026-07-23,SI,工业硅,9300.0,2609,8295.0,1005.0,10.81,现货价-主力期货价,OK,生意社期现基差表,https://www.100ppi.com/sf/day-2026-07-23.html
2026-07-24,SI,工业硅,9300.0,2609,8295.0,1005.0,10.81,现货价-主力期货价,OK,生意社期现基差表,https://www.100ppi.com/sf/day-2026-07-24.html
2026-07-27,SI,工业硅,9300.0,2609,8300.0,1000.0,10.75,现货价-主力期货价,OK,生意社期现基差表,https://www.100ppi.com/sf/day-2026-07-27.html
2026-07-28,SI,工业硅,9290.0,2609,8185.0,1105.0,11.89,现货价-主力期货价,OK,生意社期现基差表,https://www.100ppi.com/sf/day-2026-07-28.html
2026-07-29,SI,工业硅,9280.0,2609,8165.0,1115.0,12.02,现货价-主力期货价,OK,生意社期现基差表,https://www.100ppi.com/sf/day-2026-07-29.html
2026-07-30,SI,工业硅,9280.0,2609,8175.0,1105.0,11.91,现货价-主力期货价,OK,生意社期现基差表,https://www.100ppi.com/sf/day-2026-07-30.html
2026-07-31,SI,工业硅,9280.0,2609,8170.0,1110.0,11.96,现货价-主力期货价,OK,生意社期现基差表,https://www.100ppi.com/sf/day-2026-07-31.html
2026-08-03,SI,工业硅,9280.0,2609,8335.0,945.0,10.18,现货价-主力期货价,OK,生意社期现基差表,https://www.100ppi.com/sf/day-2026-08-03.html
2026-08-04,SI,工业硅,9280.0,2609,8305.0,975.0,10.51,现货价-主力期货价,OK,生意社期现基差表,https://www.100ppi.com/sf/day-2026-08-04.html
2026-08-05,SI,工业硅,9280.0,2609,8370.0,910.0,9.81,现货价-主力期货价,OK,生意社期现基差表,https://www.100ppi.com/sf/day-2026-08-05.html
2026-08-06,SI,工业硅,9280.0,2609,8425.0,855.0,9.21,现货价-主力期货价,OK,生意社期现基差表,https://www.100ppi.com/sf/day-2026-08-06.html
2026-08-07,SI,工业硅,9280.0,2609,8550.0,730.0,7.87,现货价-主力期货价,OK,生意社期现基差表,https://www.100ppi.com/sf/day-2026-08-07.html
2026-08-10,SI,工业硅,9280.0,2609,8580.0,700.0,7.54,现货价-主力期货价,OK,生意社期现基差表,https://www.100ppi.com/sf/day-2026-08-10.html
2026-08-11,SI,工业硅,9300.0,2609,8630.0,670.0,7.2,现货价-主力期货价,OK,生意社期现基差表,https://www.100ppi.com/sf/day-2026-08-11.html
2026-08-12,SI,工业硅,9300.0,2611,8640.0,660.0,7.1,现货价-主力期货价,OK,生意社期现基差表,https://www.100ppi.com/sf/day-2026-08-12.html
2026-08-13,SI,工业硅,9300.0,2611,8610.0,690.0,7.42,现货价-主力期货价,OK,生意社期现基差表,https://www.100ppi.com/sf/day-2026-08-13.html
2026-08-14,SI,工业硅,9300.0,2611,8795.0,505.0,5.43,现货价-主力期货价,OK,生意社期现基差表,https://www.100ppi.com/sf/day-2026-08-14.html
2026-07-06,SM,锰硅,5624.0,2609,5842.0,-218.0,-3.88,现货价-主力期货价,OK,生意社期现基差表,https://www.100ppi.com/sf/day-2026-07-06.html
2026-07-07,SM,锰硅,5632.0,2609,5892.0,-260.0,-4.62,现货价-主力期货价,OK,生意社期现基差表,https://www.100ppi.com/sf/day-2026-07-07.html
2026-07-08,SM,锰硅,5674.0,2609,5928.0,-254.0,-4.48,现货价-主力期货价,OK,生意社期现基差表,https://www.100ppi.com/sf/day-2026-07-08.html
2026-07-09,SM,锰硅,5666.0,2609,5918.0,-252.0,-4.45,现货价-主力期货价,OK,生意社期现基差表,https://www.100ppi.com/sf/day-2026-07-09.html
2026-07-10,SM,锰硅,5662.0,2609,5872.0,-210.0,-3.71,现货价-主力期货价,OK,生意社期现基差表,https://www.100ppi.com/sf/day-2026-07-10.html
2026-07-13,SM,锰硅,5662.0,2609,5868.0,-206.0,-3.64,现货价-主力期货价,OK,生意社期现基差表,https://www.100ppi.com/sf/day-2026-07-13.html
2026-07-14,SM,锰硅,5666.0,2609,5890.0,-224.0,-3.95,现货价-主力期货价,OK,生意社期现基差表,https://www.100ppi.com/sf/day-2026-07-14.html
2026-07-15,SM,锰硅,5670.0,2609,5882.0,-212.0,-3.74,现货价-主力期货价,OK,生意社期现基差表,https://www.100ppi.com/sf/day-2026-07-15.html
2026-07-16,SM,锰硅,5660.0,2609,5884.0,-224.0,-3.96,现货价-主力期货价,OK,生意社期现基差表,https://www.100ppi.com/sf/day-2026-07-16.html
2026-07-17,SM,锰硅,5656.0,2609,5822.0,-166.0,-2.93,现货价-主力期货价,OK,生意社期现基差表,https://www.100ppi.com/sf/day-2026-07-17.html
2026-07-20,SM,锰硅,5638.0,2609,5802.0,-164.0,-2.91,现货价-主力期货价,OK,生意社期现基差表,https://www.100ppi.com/sf/day-2026-07-20.html
2026-07-21,SM,锰硅,5614.0,2609,5788.0,-174.0,-3.1,现货价-主力期货价,OK,生意社期现基差表,https://www.100ppi.com/sf/day-2026-07-21.html
2026-07-22,SM,锰硅,5584.0,2609,5712.0,-128.0,-2.29,现货价-主力期货价,OK,生意社期现基差表,https://www.100ppi.com/sf/day-2026-07-22.html
2026-07-23,SM,锰硅,5532.0,2609,5670.0,-138.0,-2.49,现货价-主力期货价,OK,生意社期现基差表,https://www.100ppi.com/sf/day-2026-07-23.html
2026-07-24,SM,锰硅,5506.0,2609,5674.0,-168.0,-3.05,现货价-主力期货价,OK,生意社期现基差表,https://www.100ppi.com/sf/day-2026-07-24.html
2026-07-27,SM,锰硅,5516.0,2609,5714.0,-198.0,-3.59,现货价-主力期货价,OK,生意社期现基差表,https://www.100ppi.com/sf/day-2026-07-27.html
2026-07-28,SM,锰硅,5510.0,2609,5694.0,-184.0,-3.34,现货价-主力期货价,OK,生意社期现基差表,https://www.100ppi.com/sf/day-2026-07-28.html
2026-07-29,SM,锰硅,5526.0,2609,5724.0,-198.0,-3.58,现货价-主力期货价,OK,生意社期现基差表,https://www.100ppi.com/sf/day-2026-07-29.html
2026-07-30,SM,锰硅,5510.0,2609,5684.0,-174.0,-3.16,现货价-主力期货价,OK,生意社期现基差表,https://www.100ppi.com/sf/day-2026-07-30.html
2026-07-31,SM,锰硅,5502.0,2609,5680.0,-178.0,-3.24,现货价-主力期货价,OK,生意社期现基差表,https://www.100ppi.com/sf/day-2026-07-31.html
2026-08-03,SM,锰硅,5442.0,2609,5602.0,-160.0,-2.94,现货价-主力期货价,OK,生意社期现基差表,https://www.100ppi.com/sf/day-2026-08-03.html
2026-08-04,SM,锰硅,5454.0,2609,5630.0,-176.0,-3.23,现货价-主力期货价,OK,生意社期现基差表,https://www.100ppi.com/sf/day-2026-08-04.html
2026-08-05,SM,锰硅,5500.0,2609,5634.0,-134.0,-2.44,现货价-主力期货价,OK,生意社期现基差表,https://www.100ppi.com/sf/day-2026-08-05.html
2026-08-06,SM,锰硅,5558.0,2609,5676.0,-118.0,-2.12,现货价-主力期货价,OK,生意社期现基差表,https://www.100ppi.com/sf/day-2026-08-06.html
2026-08-07,SM,锰硅,5558.0,2611,5704.0,-146.0,-2.63,现货价-主力期货价,OK,生意社期现基差表,https://www.100ppi.com/sf/day-2026-08-07.html
2026-08-10,SM,锰硅,5580.0,2611,5710.0,-130.0,-2.33,现货价-主力期货价,OK,生意社期现基差表,https://www.100ppi.com/sf/day-2026-08-10.html
2026-08-11,SM,锰硅,5592.0,2611,5762.0,-170.0,-3.04,现货价-主力期货价,OK,生意社期现基差表,https://www.100ppi.com/sf/day-2026-08-11.html
2026-08-12,SM,锰硅,5620.0,2611,5814.0,-194.0,-3.45,现货价-主力期货价,OK,生意社期现基差表,https://www.100ppi.com/sf/day-2026-08-12.html
2026-08-13,SM,锰硅,5612.0,2611,5806.0,-194.0,-3.46,现货价-主力期货价,OK,生意社期现基差表,https://www.100ppi.com/sf/day-2026-08-13.html
2026-08-14,SM,锰硅,5620.0,2611,5828.0,-208.0,-3.7,现货价-主力期货价,OK,生意社期现基差表,https://www.100ppi.com/sf/day-2026-08-14.html
2026-07-06,SN,锡,412000.0,2608,410360.0,1640.0,0.4,现货价-主力期货价,OK,生意社期现基差表,https://www.100ppi.com/sf/day-2026-07-06.html
2026-07-07,SN,锡,409387.5,2608,409250.0,137.0,0.03,现货价-主力期货价,OK,生意社期现基差表,https://www.100ppi.com/sf/day-2026-07-07.html
2026-07-08,SN,锡,408912.5,2608,411580.0,-2667.0,-0.65,现货价-主力期货价,OK,生意社期现基差表,https://www.100ppi.com/sf/day-2026-07-08.html
2026-07-09,SN,锡,409887.5,2608,416230.0,-6342.0,-1.55,现货价-主力期货价,OK,生意社期现基差表,https://www.100ppi.com/sf/day-2026-07-09.html
2026-07-10,SN,锡,417087.5,2608,415680.0,1407.0,0.34,现货价-主力期货价,OK,生意社期现基差表,https://www.100ppi.com/sf/day-2026-07-10.html
2026-07-13,SN,锡,412475.0,2608,409700.0,2775.0,0.67,现货价-主力期货价,OK,生意社期现基差表,https://www.100ppi.com/sf/day-2026-07-13.html
2026-07-14,SN,锡,410575.0,2608,417520.0,-6945.0,-1.69,现货价-主力期货价,OK,生意社期现基差表,https://www.100ppi.com/sf/day-2026-07-14.html
2026-07-15,SN,锡,417387.5,2608,411620.0,5767.0,1.38,现货价-主力期货价,OK,生意社期现基差表,https://www.100ppi.com/sf/day-2026-07-15.html
2026-07-16,SN,锡,409125.0,2608,412650.0,-3525.0,-0.86,现货价-主力期货价,OK,生意社期现基差表,https://www.100ppi.com/sf/day-2026-07-16.html
2026-07-17,SN,锡,407237.5,2608,403970.0,3267.0,0.8,现货价-主力期货价,OK,生意社期现基差表,https://www.100ppi.com/sf/day-2026-07-17.html
2026-07-20,SN,锡,415312.5,2609,411550.0,3762.0,0.91,现货价-主力期货价,OK,生意社期现基差表,https://www.100ppi.com/sf/day-2026-07-20.html
2026-07-21,SN,锡,411600.0,2609,418150.0,-6550.0,-1.59,现货价-主力期货价,OK,生意社期现基差表,https://www.100ppi.com/sf/day-2026-07-21.html
2026-07-22,SN,锡,418600.0,2609,416970.0,1630.0,0.39,现货价-主力期货价,OK,生意社期现基差表,https://www.100ppi.com/sf/day-2026-07-22.html
2026-07-23,SN,锡,417387.5,2609,418740.0,-1352.0,-0.32,现货价-主力期货价,OK,生意社期现基差表,https://www.100ppi.com/sf/day-2026-07-23.html
2026-07-24,SN,锡,411687.5,2609,413940.0,-2252.0,-0.55,现货价-主力期货价,OK,生意社期现基差表,https://www.100ppi.com/sf/day-2026-07-24.html
2026-07-27,SN,锡,420075.0,2609,421350.0,-1275.0,-0.3,现货价-主力期货价,OK,生意社期现基差表,https://www.100ppi.com/sf/day-2026-07-27.html
2026-07-28,SN,锡,413087.5,2609,411610.0,1477.0,0.36,现货价-主力期货价,OK,生意社期现基差表,https://www.100ppi.com/sf/day-2026-07-28.html
2026-07-29,SN,锡,418150.0,2609,417990.0,160.0,0.04,现货价-主力期货价,OK,生意社期现基差表,https://www.100ppi.com/sf/day-2026-07-29.html
2026-07-30,SN,锡,420200.0,2609,416770.0,3430.0,0.82,现货价-主力期货价,OK,生意社期现基差表,https://www.100ppi.com/sf/day-2026-07-30.html
2026-07-31,SN,锡,426500.0,2609,425570.0,930.0,0.22,现货价-主力期货价,OK,生意社期现基差表,https://www.100ppi.com/sf/day-2026-07-31.html
2026-08-03,SN,锡,426825.0,2609,426750.0,75.0,0.02,现货价-主力期货价,OK,生意社期现基差表,https://www.100ppi.com/sf/day-2026-08-03.html
2026-08-04,SN,锡,428850.0,2609,429290.0,-440.0,-0.1,现货价-主力期货价,OK,生意社期现基差表,https://www.100ppi.com/sf/day-2026-08-04.html
2026-08-05,SN,锡,428350.0,2609,434030.0,-5680.0,-1.33,现货价-主力期货价,OK,生意社期现基差表,https://www.100ppi.com/sf/day-2026-08-05.html
2026-08-06,SN,锡,435375.0,2609,430980.0,4395.0,1.01,现货价-主力期货价,OK,生意社期现基差表,https://www.100ppi.com/sf/day-2026-08-06.html
2026-08-07,SN,锡,434937.5,2609,434910.0,27.0,0.01,现货价-主力期货价,OK,生意社期现基差表,https://www.100ppi.com/sf/day-2026-08-07.html
2026-08-10,SN,锡,427137.5,2609,428000.0,-862.0,-0.2,现货价-主力期货价,OK,生意社期现基差表,https://www.100ppi.com/sf/day-2026-08-10.html
2026-08-11,SN,锡,426812.5,2609,423900.0,2912.0,0.68,现货价-主力期货价,OK,生意社期现基差表,https://www.100ppi.com/sf/day-2026-08-11.html
2026-08-12,SN,锡,427250.0,2609,431480.0,-4230.0,-0.99,现货价-主力期货价,OK,生意社期现基差表,https://www.100ppi.com/sf/day-2026-08-12.html
2026-08-13,SN,锡,424650.0,2609,425650.0,-1000.0,-0.24,现货价-主力期货价,OK,生意社期现基差表,https://www.100ppi.com/sf/day-2026-08-13.html
2026-08-14,SN,锡,427487.5,2609,427380.0,107.0,0.03,现货价-主力期货价,OK,生意社期现基差表,https://www.100ppi.com/sf/day-2026-08-14.html
2026-07-06,SP,纸浆,4833.33,2609,4694.0,139.0,2.88,现货价-主力期货价,OK,生意社期现基差表,https://www.100ppi.com/sf/day-2026-07-06.html
2026-07-07,SP,纸浆,4833.33,2609,4688.0,145.0,3.0,现货价-主力期货价,OK,生意社期现基差表,https://www.100ppi.com/sf/day-2026-07-07.html
2026-07-08,SP,纸浆,4833.33,2609,4658.0,175.0,3.62,现货价-主力期货价,OK,生意社期现基差表,https://www.100ppi.com/sf/day-2026-07-08.html
2026-07-09,SP,纸浆,4816.67,2609,4740.0,76.0,1.58,现货价-主力期货价,OK,生意社期现基差表,https://www.100ppi.com/sf/day-2026-07-09.html
2026-07-10,SP,纸浆,4850.0,2609,4840.0,10.0,0.21,现货价-主力期货价,OK,生意社期现基差表,https://www.100ppi.com/sf/day-2026-07-10.html
2026-07-13,SP,纸浆,4850.0,2609,4846.0,4.0,0.08,现货价-主力期货价,OK,生意社期现基差表,https://www.100ppi.com/sf/day-2026-07-13.html
2026-07-14,SP,纸浆,4900.0,2609,4832.0,68.0,1.39,现货价-主力期货价,OK,生意社期现基差表,https://www.100ppi.com/sf/day-2026-07-14.html
2026-07-15,SP,纸浆,4916.67,2609,4856.0,60.0,1.22,现货价-主力期货价,OK,生意社期现基差表,https://www.100ppi.com/sf/day-2026-07-15.html
2026-07-16,SP,纸浆,4916.67,2609,4800.0,116.0,2.36,现货价-主力期货价,OK,生意社期现基差表,https://www.100ppi.com/sf/day-2026-07-16.html
2026-07-17,SP,纸浆,4900.0,2609,4728.0,172.0,3.51,现货价-主力期货价,OK,生意社期现基差表,https://www.100ppi.com/sf/day-2026-07-17.html
2026-07-20,SP,纸浆,4916.67,2609,4822.0,94.0,1.91,现货价-主力期货价,OK,生意社期现基差表,https://www.100ppi.com/sf/day-2026-07-20.html
2026-07-21,SP,纸浆,4916.67,2609,4846.0,70.0,1.42,现货价-主力期货价,OK,生意社期现基差表,https://www.100ppi.com/sf/day-2026-07-21.html
2026-07-22,SP,纸浆,4900.0,2609,4830.0,70.0,1.43,现货价-主力期货价,OK,生意社期现基差表,https://www.100ppi.com/sf/day-2026-07-22.html
2026-07-23,SP,纸浆,4916.67,2609,4854.0,62.0,1.26,现货价-主力期货价,OK,生意社期现基差表,https://www.100ppi.com/sf/day-2026-07-23.html
2026-07-24,SP,纸浆,4900.0,2609,4804.0,96.0,1.96,现货价-主力期货价,OK,生意社期现基差表,https://www.100ppi.com/sf/day-2026-07-24.html
2026-07-27,SP,纸浆,4900.0,2609,4794.0,106.0,2.16,现货价-主力期货价,OK,生意社期现基差表,https://www.100ppi.com/sf/day-2026-07-27.html
2026-07-28,SP,纸浆,4900.0,2609,4762.0,138.0,2.82,现货价-主力期货价,OK,生意社期现基差表,https://www.100ppi.com/sf/day-2026-07-28.html
2026-07-29,SP,纸浆,4883.33,2609,4790.0,93.0,1.9,现货价-主力期货价,OK,生意社期现基差表,https://www.100ppi.com/sf/day-2026-07-29.html
2026-07-30,SP,纸浆,4866.67,2609,4740.0,126.0,2.59,现货价-主力期货价,OK,生意社期现基差表,https://www.100ppi.com/sf/day-2026-07-30.html
2026-07-31,SP,纸浆,4850.0,2609,4672.0,178.0,3.67,现货价-主力期货价,OK,生意社期现基差表,https://www.100ppi.com/sf/day-2026-07-31.html
2026-08-03,SP,纸浆,4833.33,2609,4654.0,179.0,3.7,现货价-主力期货价,OK,生意社期现基差表,https://www.100ppi.com/sf/day-2026-08-03.html
2026-08-04,SP,纸浆,4816.67,2611,4686.0,130.0,2.7,现货价-主力期货价,OK,生意社期现基差表,https://www.100ppi.com/sf/day-2026-08-04.html
2026-08-05,SP,纸浆,4800.0,2611,4690.0,110.0,2.29,现货价-主力期货价,OK,生意社期现基差表,https://www.100ppi.com/sf/day-2026-08-05.html
2026-08-06,SP,纸浆,4800.0,2611,4682.0,118.0,2.46,现货价-主力期货价,OK,生意社期现基差表,https://www.100ppi.com/sf/day-2026-08-06.html
2026-08-07,SP,纸浆,4783.33,2611,4658.0,125.0,2.61,现货价-主力期货价,OK,生意社期现基差表,https://www.100ppi.com/sf/day-2026-08-07.html
2026-08-10,SP,纸浆,4783.33,2611,4642.0,141.0,2.95,现货价-主力期货价,OK,生意社期现基差表,https://www.100ppi.com/sf/day-2026-08-10.html
2026-08-11,SP,纸浆,4750.0,2611,4572.0,178.0,3.75,现货价-主力期货价,OK,生意社期现基差表,https://www.100ppi.com/sf/day-2026-08-11.html
2026-08-12,SP,纸浆,4716.67,2611,4646.0,70.0,1.48,现货价-主力期货价,OK,生意社期现基差表,https://www.100ppi.com/sf/day-2026-08-12.html
2026-08-13,SP,纸浆,4766.67,2611,4690.0,76.0,1.59,现货价-主力期货价,OK,生意社期现基差表,https://www.100ppi.com/sf/day-2026-08-13.html
2026-08-14,SP,纸浆,4783.33,2611,4680.0,103.0,2.15,现货价-主力期货价,OK,生意社期现基差表,https://www.100ppi.com/sf/day-2026-08-14.html
2026-07-06,SR,白糖,5290.0,2609,5327.0,-37.0,-0.7,现货价-主力期货价,OK,生意社期现基差表,https://www.100ppi.com/sf/day-2026-07-06.html
2026-07-07,SR,白糖,5286.67,2609,5316.0,-29.0,-0.55,现货价-主力期货价,OK,生意社期现基差表,https://www.100ppi.com/sf/day-2026-07-07.html
2026-07-08,SR,白糖,5286.67,2609,5271.0,15.0,0.28,现货价-主力期货价,OK,生意社期现基差表,https://www.100ppi.com/sf/day-2026-07-08.html
2026-07-09,SR,白糖,5273.33,2609,5249.0,24.0,0.46,现货价-主力期货价,OK,生意社期现基差表,https://www.100ppi.com/sf/day-2026-07-09.html
2026-07-10,SR,白糖,5280.0,2609,5284.0,-4.0,-0.08,现货价-主力期货价,OK,生意社期现基差表,https://www.100ppi.com/sf/day-2026-07-10.html
2026-07-13,SR,白糖,5285.0,2609,5255.0,30.0,0.57,现货价-主力期货价,OK,生意社期现基差表,https://www.100ppi.com/sf/day-2026-07-13.html
2026-07-14,SR,白糖,5275.0,2609,5235.0,40.0,0.76,现货价-主力期货价,OK,生意社期现基差表,https://www.100ppi.com/sf/day-2026-07-14.html
2026-07-15,SR,白糖,5273.33,2609,5229.0,44.0,0.83,现货价-主力期货价,OK,生意社期现基差表,https://www.100ppi.com/sf/day-2026-07-15.html
2026-07-16,SR,白糖,5250.0,2609,5158.0,92.0,1.75,现货价-主力期货价,OK,生意社期现基差表,https://www.100ppi.com/sf/day-2026-07-16.html
2026-07-17,SR,白糖,5213.33,2609,5124.0,89.0,1.71,现货价-主力期货价,OK,生意社期现基差表,https://www.100ppi.com/sf/day-2026-07-17.html
2026-07-20,SR,白糖,5246.67,2609,5157.0,89.0,1.7,现货价-主力期货价,OK,生意社期现基差表,https://www.100ppi.com/sf/day-2026-07-20.html
2026-07-21,SR,白糖,5240.0,2609,5169.0,71.0,1.35,现货价-主力期货价,OK,生意社期现基差表,https://www.100ppi.com/sf/day-2026-07-21.html
2026-07-22,SR,白糖,5213.33,2609,5169.0,44.0,0.84,现货价-主力期货价,OK,生意社期现基差表,https://www.100ppi.com/sf/day-2026-07-22.html
2026-07-23,SR,白糖,5216.67,2609,5190.0,26.0,0.5,现货价-主力期货价,OK,生意社期现基差表,https://www.100ppi.com/sf/day-2026-07-23.html
2026-07-24,SR,白糖,5213.33,2609,5158.0,55.0,1.05,现货价-主力期货价,OK,生意社期现基差表,https://www.100ppi.com/sf/day-2026-07-24.html
2026-07-27,SR,白糖,5216.67,2609,5169.0,47.0,0.9,现货价-主力期货价,OK,生意社期现基差表,https://www.100ppi.com/sf/day-2026-07-27.html
2026-07-28,SR,白糖,5210.0,2609,5143.0,67.0,1.29,现货价-主力期货价,OK,生意社期现基差表,https://www.100ppi.com/sf/day-2026-07-28.html
2026-07-29,SR,白糖,5186.67,2609,5120.0,66.0,1.27,现货价-主力期货价,OK,生意社期现基差表,https://www.100ppi.com/sf/day-2026-07-29.html
2026-07-30,SR,白糖,5176.67,2609,5089.0,87.0,1.68,现货价-主力期货价,OK,生意社期现基差表,https://www.100ppi.com/sf/day-2026-07-30.html
2026-07-31,SR,白糖,5170.0,2609,5053.0,117.0,2.26,现货价-主力期货价,OK,生意社期现基差表,https://www.100ppi.com/sf/day-2026-07-31.html
2026-08-03,SR,白糖,5143.33,2609,5057.0,86.0,1.67,现货价-主力期货价,OK,生意社期现基差表,https://www.100ppi.com/sf/day-2026-08-03.html
2026-08-04,SR,白糖,5143.33,2609,5086.0,57.0,1.11,现货价-主力期货价,OK,生意社期现基差表,https://www.100ppi.com/sf/day-2026-08-04.html
2026-08-05,SR,白糖,5150.0,2609,5108.0,42.0,0.82,现货价-主力期货价,OK,生意社期现基差表,https://www.100ppi.com/sf/day-2026-08-05.html
2026-08-06,SR,白糖,5150.0,2609,5122.0,28.0,0.54,现货价-主力期货价,OK,生意社期现基差表,https://www.100ppi.com/sf/day-2026-08-06.html
2026-08-07,SR,白糖,5156.67,2609,5153.0,3.67,0.07,现货价-主力期货价,OK,生意社期现基差表,https://www.100ppi.com/sf/day-2026-08-07.html
2026-08-10,SR,白糖,5233.33,2701,5349.0,-115.0,-2.2,现货价-主力期货价,OK,生意社期现基差表,https://www.100ppi.com/sf/day-2026-08-10.html
2026-08-11,SR,白糖,5223.33,2701,5334.0,-110.0,-2.11,现货价-主力期货价,OK,生意社期现基差表,https://www.100ppi.com/sf/day-2026-08-11.html
2026-08-12,SR,白糖,5226.67,2701,5334.0,-107.0,-2.05,现货价-主力期货价,OK,生意社期现基差表,https://www.100ppi.com/sf/day-2026-08-12.html
2026-08-13,SR,白糖,5226.67,2701,5291.0,-64.0,-1.22,现货价-主力期货价,OK,生意社期现基差表,https://www.100ppi.com/sf/day-2026-08-13.html
2026-08-14,SR,白糖,5210.0,2701,5309.0,-99.0,-1.9,现货价-主力期货价,OK,生意社期现基差表,https://www.100ppi.com/sf/day-2026-08-14.html
2026-07-06,SS,不锈钢,14880.0,2608,14740.0,140.0,0.94,现货价-主力期货价,OK,生意社期现基差表,https://www.100ppi.com/sf/day-2026-07-06.html
2026-07-07,SS,不锈钢,14880.0,2608,14775.0,105.0,0.71,现货价-主力期货价,OK,生意社期现基差表,https://www.100ppi.com/sf/day-2026-07-07.html
2026-07-08,SS,不锈钢,14933.33,2608,14450.0,483.0,3.23,现货价-主力期货价,OK,生意社期现基差表,https://www.100ppi.com/sf/day-2026-07-08.html
2026-07-09,SS,不锈钢,14933.33,2608,14390.0,543.0,3.64,现货价-主力期货价,OK,生意社期现基差表,https://www.100ppi.com/sf/day-2026-07-09.html
2026-07-10,SS,不锈钢,14733.33,2608,14290.0,443.0,3.01,现货价-主力期货价,OK,生意社期现基差表,https://www.100ppi.com/sf/day-2026-07-10.html
2026-07-13,SS,不锈钢,14716.67,2608,14260.0,456.0,3.1,现货价-主力期货价,OK,生意社期现基差表,https://www.100ppi.com/sf/day-2026-07-13.html
2026-07-14,SS,不锈钢,14716.67,2609,14480.0,236.0,1.6,现货价-主力期货价,OK,生意社期现基差表,https://www.100ppi.com/sf/day-2026-07-14.html
2026-07-15,SS,不锈钢,14800.0,2609,14510.0,290.0,1.96,现货价-主力期货价,OK,生意社期现基差表,https://www.100ppi.com/sf/day-2026-07-15.html
2026-07-16,SS,不锈钢,14800.0,2609,14730.0,70.0,0.47,现货价-主力期货价,OK,生意社期现基差表,https://www.100ppi.com/sf/day-2026-07-16.html
2026-07-17,SS,不锈钢,14833.33,2609,14650.0,183.0,1.23,现货价-主力期货价,OK,生意社期现基差表,https://www.100ppi.com/sf/day-2026-07-17.html
2026-07-20,SS,不锈钢,14833.33,2609,14680.0,153.0,1.03,现货价-主力期货价,OK,生意社期现基差表,https://www.100ppi.com/sf/day-2026-07-20.html
2026-07-21,SS,不锈钢,14833.33,2609,14800.0,33.0,0.22,现货价-主力期货价,OK,生意社期现基差表,https://www.100ppi.com/sf/day-2026-07-21.html
2026-07-22,SS,不锈钢,14833.33,2609,14780.0,53.0,0.36,现货价-主力期货价,OK,生意社期现基差表,https://www.100ppi.com/sf/day-2026-07-22.html
2026-07-23,SS,不锈钢,14833.33,2609,14855.0,-21.0,-0.14,现货价-主力期货价,OK,生意社期现基差表,https://www.100ppi.com/sf/day-2026-07-23.html
2026-07-24,SS,不锈钢,14900.0,2609,14770.0,130.0,0.87,现货价-主力期货价,OK,生意社期现基差表,https://www.100ppi.com/sf/day-2026-07-24.html
2026-07-27,SS,不锈钢,14900.0,2609,14690.0,210.0,1.41,现货价-主力期货价,OK,生意社期现基差表,https://www.100ppi.com/sf/day-2026-07-27.html
2026-07-28,SS,不锈钢,14900.0,2609,14515.0,385.0,2.58,现货价-主力期货价,OK,生意社期现基差表,https://www.100ppi.com/sf/day-2026-07-28.html
2026-07-29,SS,不锈钢,14746.67,2609,14545.0,201.0,1.36,现货价-主力期货价,OK,生意社期现基差表,https://www.100ppi.com/sf/day-2026-07-29.html
2026-07-30,SS,不锈钢,14746.67,2609,14560.0,186.0,1.26,现货价-主力期货价,OK,生意社期现基差表,https://www.100ppi.com/sf/day-2026-07-30.html
2026-07-31,SS,不锈钢,14846.67,2609,14635.0,211.0,1.42,现货价-主力期货价,OK,生意社期现基差表,https://www.100ppi.com/sf/day-2026-07-31.html
2026-08-03,SS,不锈钢,14800.0,2609,14470.0,330.0,2.23,现货价-主力期货价,OK,生意社期现基差表,https://www.100ppi.com/sf/day-2026-08-03.html
2026-08-04,SS,不锈钢,14800.0,2609,14820.0,-20.0,-0.14,现货价-主力期货价,OK,生意社期现基差表,https://www.100ppi.com/sf/day-2026-08-04.html
2026-08-05,SS,不锈钢,14773.33,2609,14475.0,298.0,2.02,现货价-主力期货价,OK,生意社期现基差表,https://www.100ppi.com/sf/day-2026-08-05.html
2026-08-06,SS,不锈钢,14773.33,2610,14380.0,393.0,2.66,现货价-主力期货价,OK,生意社期现基差表,https://www.100ppi.com/sf/day-2026-08-06.html
2026-08-07,SS,不锈钢,14700.0,2610,14665.0,35.0,0.24,现货价-主力期货价,OK,生意社期现基差表,https://www.100ppi.com/sf/day-2026-08-07.html
2026-08-10,SS,不锈钢,14746.67,2610,14615.0,131.0,0.89,现货价-主力期货价,OK,生意社期现基差表,https://www.100ppi.com/sf/day-2026-08-10.html
2026-08-11,SS,不锈钢,14746.67,2610,14525.0,221.0,1.5,现货价-主力期货价,OK,生意社期现基差表,https://www.100ppi.com/sf/day-2026-08-11.html
2026-08-12,SS,不锈钢,14733.33,2610,14535.0,198.0,1.34,现货价-主力期货价,OK,生意社期现基差表,https://www.100ppi.com/sf/day-2026-08-12.html
2026-08-13,SS,不锈钢,14733.33,2610,14385.0,348.0,2.36,现货价-主力期货价,OK,生意社期现基差表,https://www.100ppi.com/sf/day-2026-08-13.html
2026-08-14,SS,不锈钢,14633.33,2610,14115.0,518.0,3.54,现货价-主力期货价,OK,生意社期现基差表,https://www.100ppi.com/sf/day-2026-08-14.html
2026-07-06,TA,PTA,5780.66,2609,5462.0,318.0,5.5,现货价-主力期货价,OK,生意社期现基差表,https://www.100ppi.com/sf/day-2026-07-06.html
2026-07-07,TA,PTA,5811.34,2609,5536.0,275.0,4.73,现货价-主力期货价,OK,生意社期现基差表,https://www.100ppi.com/sf/day-2026-07-07.html
2026-07-08,TA,PTA,5873.34,2609,5622.0,251.0,4.27,现货价-主力期货价,OK,生意社期现基差表,https://www.100ppi.com/sf/day-2026-07-08.html
2026-07-09,TA,PTA,5957.84,2609,5640.0,317.0,5.32,现货价-主力期货价,OK,生意社期现基差表,https://www.100ppi.com/sf/day-2026-07-09.html
2026-07-10,TA,PTA,5910.5,2609,5560.0,350.0,5.92,现货价-主力期货价,OK,生意社期现基差表,https://www.100ppi.com/sf/day-2026-07-10.html
2026-07-13,TA,PTA,5898.5,2609,5612.0,286.0,4.85,现货价-主力期货价,OK,生意社期现基差表,https://www.100ppi.com/sf/day-2026-07-13.html
2026-07-14,TA,PTA,6024.5,2609,5842.0,182.0,3.02,现货价-主力期货价,OK,生意社期现基差表,https://www.100ppi.com/sf/day-2026-07-14.html
2026-07-15,TA,PTA,6043.0,2609,5752.0,291.0,4.82,现货价-主力期货价,OK,生意社期现基差表,https://www.100ppi.com/sf/day-2026-07-15.html
2026-07-16,TA,PTA,6012.25,2609,5722.0,290.0,4.82,现货价-主力期货价,OK,生意社期现基差表,https://www.100ppi.com/sf/day-2026-07-16.html
2026-07-17,TA,PTA,5985.91,2609,5690.0,295.0,4.93,现货价-主力期货价,OK,生意社期现基差表,https://www.100ppi.com/sf/day-2026-07-17.html
2026-07-20,TA,PTA,6079.83,2609,5890.0,189.0,3.11,现货价-主力期货价,OK,生意社期现基差表,https://www.100ppi.com/sf/day-2026-07-20.html
2026-07-21,TA,PTA,6036.84,2609,5786.0,250.0,4.14,现货价-主力期货价,OK,生意社期现基差表,https://www.100ppi.com/sf/day-2026-07-21.html
2026-07-22,TA,PTA,6105.33,2609,5890.0,215.0,3.52,现货价-主力期货价,OK,生意社期现基差表,https://www.100ppi.com/sf/day-2026-07-22.html
2026-07-23,TA,PTA,6156.5,2609,5946.0,210.0,3.41,现货价-主力期货价,OK,生意社期现基差表,https://www.100ppi.com/sf/day-2026-07-23.html
2026-07-24,TA,PTA,6170.34,2609,5860.0,310.0,5.02,现货价-主力期货价,OK,生意社期现基差表,https://www.100ppi.com/sf/day-2026-07-24.html
2026-07-27,TA,PTA,5997.16,2609,5624.0,373.0,6.22,现货价-主力期货价,OK,生意社期现基差表,https://www.100ppi.com/sf/day-2026-07-27.html
2026-07-28,TA,PTA,5993.34,2609,5628.0,365.0,6.09,现货价-主力期货价,OK,生意社期现基差表,https://www.100ppi.com/sf/day-2026-07-28.html
2026-07-29,TA,PTA,6017.34,2609,5690.0,327.0,5.43,现货价-主力期货价,OK,生意社期现基差表,https://www.100ppi.com/sf/day-2026-07-29.html
2026-07-30,TA,PTA,6006.41,2609,5844.0,162.0,2.7,现货价-主力期货价,OK,生意社期现基差表,https://www.100ppi.com/sf/day-2026-07-30.html
2026-07-31,TA,PTA,5945.75,2609,5782.0,163.0,2.74,现货价-主力期货价,OK,生意社期现基差表,https://www.100ppi.com/sf/day-2026-07-31.html
2026-08-03,TA,PTA,6027.0,2609,5854.0,173.0,2.87,现货价-主力期货价,OK,生意社期现基差表,https://www.100ppi.com/sf/day-2026-08-03.html
2026-08-04,TA,PTA,6159.83,2609,5900.0,259.0,4.2,现货价-主力期货价,OK,生意社期现基差表,https://www.100ppi.com/sf/day-2026-08-04.html
2026-08-05,TA,PTA,6021.5,2609,5718.0,303.0,5.03,现货价-主力期货价,OK,生意社期现基差表,https://www.100ppi.com/sf/day-2026-08-05.html
2026-08-06,TA,PTA,6010.5,2609,5714.0,296.0,4.92,现货价-主力期货价,OK,生意社期现基差表,https://www.100ppi.com/sf/day-2026-08-06.html
2026-08-07,TA,PTA,6075.86,2609,5800.0,275.0,4.53,现货价-主力期货价,OK,生意社期现基差表,https://www.100ppi.com/sf/day-2026-08-07.html
2026-08-10,TA,PTA,6050.26,2609,5672.0,378.0,6.25,现货价-主力期货价,OK,生意社期现基差表,https://www.100ppi.com/sf/day-2026-08-10.html
2026-08-11,TA,PTA,6062.07,2609,5760.0,302.0,4.98,现货价-主力期货价,OK,生意社期现基差表,https://www.100ppi.com/sf/day-2026-08-11.html
2026-08-12,TA,PTA,6075.26,2609,5764.0,311.0,5.12,现货价-主力期货价,OK,生意社期现基差表,https://www.100ppi.com/sf/day-2026-08-12.html
2026-08-13,TA,PTA,6075.07,2611,5684.0,391.0,6.44,现货价-主力期货价,OK,生意社期现基差表,https://www.100ppi.com/sf/day-2026-08-13.html
2026-08-14,TA,PTA,6084.66,2611,5776.0,308.0,5.06,现货价-主力期货价,OK,生意社期现基差表,https://www.100ppi.com/sf/day-2026-08-14.html
2026-07-06,UR,尿素,1802.5,2609,1738.0,64.0,3.55,现货价-主力期货价,OK,生意社期现基差表,https://www.100ppi.com/sf/day-2026-07-06.html
2026-07-07,UR,尿素,1807.5,2609,1744.0,63.0,3.49,现货价-主力期货价,OK,生意社期现基差表,https://www.100ppi.com/sf/day-2026-07-07.html
2026-07-08,UR,尿素,1805.0,2609,1741.0,64.0,3.55,现货价-主力期货价,OK,生意社期现基差表,https://www.100ppi.com/sf/day-2026-07-08.html
2026-07-09,UR,尿素,1803.75,2609,1728.0,75.0,4.16,现货价-主力期货价,OK,生意社期现基差表,https://www.100ppi.com/sf/day-2026-07-09.html
2026-07-10,UR,尿素,1801.25,2609,1735.0,66.0,3.66,现货价-主力期货价,OK,生意社期现基差表,https://www.100ppi.com/sf/day-2026-07-10.html
2026-07-13,UR,尿素,1798.75,2609,1735.0,63.0,3.5,现货价-主力期货价,OK,生意社期现基差表,https://www.100ppi.com/sf/day-2026-07-13.html
2026-07-14,UR,尿素,1775.0,2609,1746.0,29.0,1.63,现货价-主力期货价,OK,生意社期现基差表,https://www.100ppi.com/sf/day-2026-07-14.html
2026-07-15,UR,尿素,1770.0,2609,1713.0,57.0,3.22,现货价-主力期货价,OK,生意社期现基差表,https://www.100ppi.com/sf/day-2026-07-15.html
2026-07-16,UR,尿素,1770.0,2609,1693.0,77.0,4.35,现货价-主力期货价,OK,生意社期现基差表,https://www.100ppi.com/sf/day-2026-07-16.html
2026-07-17,UR,尿素,1770.0,2609,1687.0,83.0,4.69,现货价-主力期货价,OK,生意社期现基差表,https://www.100ppi.com/sf/day-2026-07-17.html
2026-07-20,UR,尿素,1770.0,2609,1720.0,50.0,2.82,现货价-主力期货价,OK,生意社期现基差表,https://www.100ppi.com/sf/day-2026-07-20.html
2026-07-21,UR,尿素,1765.0,2609,1725.0,40.0,2.27,现货价-主力期货价,OK,生意社期现基差表,https://www.100ppi.com/sf/day-2026-07-21.html
2026-07-22,UR,尿素,1762.5,2609,1741.0,21.0,1.19,现货价-主力期货价,OK,生意社期现基差表,https://www.100ppi.com/sf/day-2026-07-22.html
2026-07-23,UR,尿素,1757.5,2609,1759.0,-1.5,-0.09,现货价-主力期货价,OK,生意社期现基差表,https://www.100ppi.com/sf/day-2026-07-23.html
2026-07-24,UR,尿素,1767.5,2609,1758.0,9.0,0.51,现货价-主力期货价,OK,生意社期现基差表,https://www.100ppi.com/sf/day-2026-07-24.html
2026-07-27,UR,尿素,1767.5,2609,1756.0,11.0,0.62,现货价-主力期货价,OK,生意社期现基差表,https://www.100ppi.com/sf/day-2026-07-27.html
2026-07-28,UR,尿素,1767.5,2609,1740.0,27.0,1.53,现货价-主力期货价,OK,生意社期现基差表,https://www.100ppi.com/sf/day-2026-07-28.html
2026-07-29,UR,尿素,1757.5,2609,1742.0,15.0,0.85,现货价-主力期货价,OK,生意社期现基差表,https://www.100ppi.com/sf/day-2026-07-29.html
2026-07-30,UR,尿素,1757.5,2609,1736.0,21.0,1.19,现货价-主力期货价,OK,生意社期现基差表,https://www.100ppi.com/sf/day-2026-07-30.html
2026-07-31,UR,尿素,1757.5,2609,1734.0,23.0,1.31,现货价-主力期货价,OK,生意社期现基差表,https://www.100ppi.com/sf/day-2026-07-31.html
2026-08-03,UR,尿素,1762.5,2609,1666.0,96.0,5.45,现货价-主力期货价,OK,生意社期现基差表,https://www.100ppi.com/sf/day-2026-08-03.html
2026-08-04,UR,尿素,1740.0,2609,1663.0,77.0,4.43,现货价-主力期货价,OK,生意社期现基差表,https://www.100ppi.com/sf/day-2026-08-04.html
2026-08-05,UR,尿素,1737.5,2609,1728.0,9.0,0.52,现货价-主力期货价,OK,生意社期现基差表,https://www.100ppi.com/sf/day-2026-08-05.html
2026-08-06,UR,尿素,1746.25,2609,1716.0,30.0,1.72,现货价-主力期货价,OK,生意社期现基差表,https://www.100ppi.com/sf/day-2026-08-06.html
2026-08-07,UR,尿素,1751.25,2609,1727.0,24.0,1.37,现货价-主力期货价,OK,生意社期现基差表,https://www.100ppi.com/sf/day-2026-08-07.html
2026-08-10,UR,尿素,1735.0,2609,1721.0,14.0,0.81,现货价-主力期货价,OK,生意社期现基差表,https://www.100ppi.com/sf/day-2026-08-10.html
2026-08-11,UR,尿素,1735.0,2609,1700.0,35.0,2.02,现货价-主力期货价,OK,生意社期现基差表,https://www.100ppi.com/sf/day-2026-08-11.html
2026-08-12,UR,尿素,1717.5,2609,1683.0,34.0,1.98,现货价-主力期货价,OK,生意社期现基差表,https://www.100ppi.com/sf/day-2026-08-12.html
2026-08-13,UR,尿素,1712.5,2609,1678.0,34.0,1.99,现货价-主力期货价,OK,生意社期现基差表,https://www.100ppi.com/sf/day-2026-08-13.html
2026-08-14,UR,尿素,1705.0,2701,1730.0,-25.0,-1.47,现货价-主力期货价,OK,生意社期现基差表,https://www.100ppi.com/sf/day-2026-08-14.html
2026-07-06,V,聚氯乙烯,4425.0,2609,4450.0,-25.0,-0.56,现货价-主力期货价,OK,生意社期现基差表,https://www.100ppi.com/sf/day-2026-07-06.html
2026-07-07,V,聚氯乙烯,4389.0,2609,4439.0,-50.0,-1.14,现货价-主力期货价,OK,生意社期现基差表,https://www.100ppi.com/sf/day-2026-07-07.html
2026-07-08,V,聚氯乙烯,4413.0,2609,4480.0,-67.0,-1.52,现货价-主力期货价,OK,生意社期现基差表,https://www.100ppi.com/sf/day-2026-07-08.html
2026-07-09,V,聚氯乙烯,4415.0,2609,4511.0,-96.0,-2.17,现货价-主力期货价,OK,生意社期现基差表,https://www.100ppi.com/sf/day-2026-07-09.html
2026-07-10,V,聚氯乙烯,4435.0,2609,4534.0,-99.0,-2.23,现货价-主力期货价,OK,生意社期现基差表,https://www.100ppi.com/sf/day-2026-07-10.html
2026-07-13,V,聚氯乙烯,4440.0,2609,4488.0,-48.0,-1.08,现货价-主力期货价,OK,生意社期现基差表,https://www.100ppi.com/sf/day-2026-07-13.html
2026-07-14,V,聚氯乙烯,4450.0,2609,4579.0,-129.0,-2.9,现货价-主力期货价,OK,生意社期现基差表,https://www.100ppi.com/sf/day-2026-07-14.html
2026-07-15,V,聚氯乙烯,4493.0,2609,4598.0,-105.0,-2.34,现货价-主力期货价,OK,生意社期现基差表,https://www.100ppi.com/sf/day-2026-07-15.html
2026-07-16,V,聚氯乙烯,4488.0,2609,4590.0,-102.0,-2.27,现货价-主力期货价,OK,生意社期现基差表,https://www.100ppi.com/sf/day-2026-07-16.html
2026-07-17,V,聚氯乙烯,4388.0,2609,4440.0,-52.0,-1.19,现货价-主力期货价,OK,生意社期现基差表,https://www.100ppi.com/sf/day-2026-07-17.html
2026-07-20,V,聚氯乙烯,4585.0,2609,4713.0,-128.0,-2.79,现货价-主力期货价,OK,生意社期现基差表,https://www.100ppi.com/sf/day-2026-07-20.html
2026-07-21,V,聚氯乙烯,4484.0,2609,4587.0,-103.0,-2.3,现货价-主力期货价,OK,生意社期现基差表,https://www.100ppi.com/sf/day-2026-07-21.html
2026-07-22,V,聚氯乙烯,4449.0,2609,4565.0,-116.0,-2.61,现货价-主力期货价,OK,生意社期现基差表,https://www.100ppi.com/sf/day-2026-07-22.html
2026-07-23,V,聚氯乙烯,4483.0,2609,4618.0,-135.0,-3.01,现货价-主力期货价,OK,生意社期现基差表,https://www.100ppi.com/sf/day-2026-07-23.html
2026-07-24,V,聚氯乙烯,4520.0,2609,4656.0,-136.0,-3.01,现货价-主力期货价,OK,生意社期现基差表,https://www.100ppi.com/sf/day-2026-07-24.html
2026-07-27,V,聚氯乙烯,4430.0,2609,4536.0,-106.0,-2.39,现货价-主力期货价,OK,生意社期现基差表,https://www.100ppi.com/sf/day-2026-07-27.html
2026-07-28,V,聚氯乙烯,4428.0,2609,4503.0,-75.0,-1.69,现货价-主力期货价,OK,生意社期现基差表,https://www.100ppi.com/sf/day-2026-07-28.html
2026-07-29,V,聚氯乙烯,4445.0,2609,4523.0,-78.0,-1.75,现货价-主力期货价,OK,生意社期现基差表,https://www.100ppi.com/sf/day-2026-07-29.html
2026-07-30,V,聚氯乙烯,4375.0,2609,4467.0,-92.0,-2.1,现货价-主力期货价,OK,生意社期现基差表,https://www.100ppi.com/sf/day-2026-07-30.html
2026-07-31,V,聚氯乙烯,4382.0,2609,4480.0,-98.0,-2.24,现货价-主力期货价,OK,生意社期现基差表,https://www.100ppi.com/sf/day-2026-07-31.html
2026-08-03,V,聚氯乙烯,4392.0,2609,4451.0,-59.0,-1.34,现货价-主力期货价,OK,生意社期现基差表,https://www.100ppi.com/sf/day-2026-08-03.html
2026-08-04,V,聚氯乙烯,4395.0,2609,4471.0,-76.0,-1.73,现货价-主力期货价,OK,生意社期现基差表,https://www.100ppi.com/sf/day-2026-08-04.html
2026-08-05,V,聚氯乙烯,4385.0,2609,4461.0,-76.0,-1.73,现货价-主力期货价,OK,生意社期现基差表,https://www.100ppi.com/sf/day-2026-08-05.html
2026-08-06,V,聚氯乙烯,4425.0,2609,4529.0,-104.0,-2.35,现货价-主力期货价,OK,生意社期现基差表,https://www.100ppi.com/sf/day-2026-08-06.html
2026-08-07,V,聚氯乙烯,4445.0,2609,4507.0,-62.0,-1.39,现货价-主力期货价,OK,生意社期现基差表,https://www.100ppi.com/sf/day-2026-08-07.html
2026-08-10,V,聚氯乙烯,4430.0,2609,4498.0,-68.0,-1.53,现货价-主力期货价,OK,生意社期现基差表,https://www.100ppi.com/sf/day-2026-08-10.html
2026-08-11,V,聚氯乙烯,4442.0,2609,4556.0,-114.0,-2.57,现货价-主力期货价,OK,生意社期现基差表,https://www.100ppi.com/sf/day-2026-08-11.html
2026-08-12,V,聚氯乙烯,4441.0,2609,4528.0,-87.0,-1.96,现货价-主力期货价,OK,生意社期现基差表,https://www.100ppi.com/sf/day-2026-08-12.html
2026-08-13,V,聚氯乙烯,4420.0,2609,4511.0,-91.0,-2.06,现货价-主力期货价,OK,生意社期现基差表,https://www.100ppi.com/sf/day-2026-08-13.html
2026-08-14,V,聚氯乙烯,4421.0,2609,4496.0,-75.0,-1.7,现货价-主力期货价,OK,生意社期现基差表,https://www.100ppi.com/sf/day-2026-08-14.html
2026-07-06,Y,豆油,8630.0,2609,8510.0,120.0,1.39,现货价-主力期货价,OK,生意社期现基差表,https://www.100ppi.com/sf/day-2026-07-06.html
2026-07-07,Y,豆油,8710.0,2609,8587.0,123.0,1.41,现货价-主力期货价,OK,生意社期现基差表,https://www.100ppi.com/sf/day-2026-07-07.html
2026-07-08,Y,豆油,8772.0,2609,8616.0,156.0,1.78,现货价-主力期货价,OK,生意社期现基差表,https://www.100ppi.com/sf/day-2026-07-08.html
2026-07-09,Y,豆油,8730.0,2609,8610.0,120.0,1.37,现货价-主力期货价,OK,生意社期现基差表,https://www.100ppi.com/sf/day-2026-07-09.html
2026-07-10,Y,豆油,8700.0,2609,8543.0,157.0,1.8,现货价-主力期货价,OK,生意社期现基差表,https://www.100ppi.com/sf/day-2026-07-10.html
2026-07-13,Y,豆油,8666.0,2609,8568.0,98.0,1.13,现货价-主力期货价,OK,生意社期现基差表,https://www.100ppi.com/sf/day-2026-07-13.html
2026-07-14,Y,豆油,8686.0,2609,8608.0,78.0,0.9,现货价-主力期货价,OK,生意社期现基差表,https://www.100ppi.com/sf/day-2026-07-14.html
2026-07-15,Y,豆油,8702.0,2609,8598.0,104.0,1.2,现货价-主力期货价,OK,生意社期现基差表,https://www.100ppi.com/sf/day-2026-07-15.html
2026-07-16,Y,豆油,8686.0,2609,8570.0,116.0,1.34,现货价-主力期货价,OK,生意社期现基差表,https://www.100ppi.com/sf/day-2026-07-16.html
2026-07-17,Y,豆油,8624.0,2609,8535.0,89.0,1.03,现货价-主力期货价,OK,生意社期现基差表,https://www.100ppi.com/sf/day-2026-07-17.html
2026-07-20,Y,豆油,8684.0,2609,8599.0,85.0,0.98,现货价-主力期货价,OK,生意社期现基差表,https://www.100ppi.com/sf/day-2026-07-20.html
2026-07-21,Y,豆油,8626.0,2609,8542.0,84.0,0.97,现货价-主力期货价,OK,生意社期现基差表,https://www.100ppi.com/sf/day-2026-07-21.html
2026-07-22,Y,豆油,8514.0,2609,8442.0,72.0,0.85,现货价-主力期货价,OK,生意社期现基差表,https://www.100ppi.com/sf/day-2026-07-22.html
2026-07-23,Y,豆油,8596.0,2609,8545.0,51.0,0.59,现货价-主力期货价,OK,生意社期现基差表,https://www.100ppi.com/sf/day-2026-07-23.html
2026-07-24,Y,豆油,8662.0,2609,8620.0,42.0,0.48,现货价-主力期货价,OK,生意社期现基差表,https://www.100ppi.com/sf/day-2026-07-24.html
2026-07-27,Y,豆油,8578.0,2609,8471.0,107.0,1.25,现货价-主力期货价,OK,生意社期现基差表,https://www.100ppi.com/sf/day-2026-07-27.html
2026-07-28,Y,豆油,8478.0,2609,8419.0,59.0,0.7,现货价-主力期货价,OK,生意社期现基差表,https://www.100ppi.com/sf/day-2026-07-28.html
2026-07-29,Y,豆油,8498.0,2609,8412.0,86.0,1.01,现货价-主力期货价,OK,生意社期现基差表,https://www.100ppi.com/sf/day-2026-07-29.html
2026-07-30,Y,豆油,8478.0,2701,8436.0,42.0,0.5,现货价-主力期货价,OK,生意社期现基差表,https://www.100ppi.com/sf/day-2026-07-30.html
2026-07-31,Y,豆油,8458.0,2701,8406.0,52.0,0.61,现货价-主力期货价,OK,生意社期现基差表,https://www.100ppi.com/sf/day-2026-07-31.html
2026-08-03,Y,豆油,8468.0,2701,8388.0,80.0,0.94,现货价-主力期货价,OK,生意社期现基差表,https://www.100ppi.com/sf/day-2026-08-03.html
2026-08-04,Y,豆油,8530.0,2701,8440.0,90.0,1.06,现货价-主力期货价,OK,生意社期现基差表,https://www.100ppi.com/sf/day-2026-08-04.html
2026-08-05,Y,豆油,8438.0,2701,8424.0,14.0,0.17,现货价-主力期货价,OK,生意社期现基差表,https://www.100ppi.com/sf/day-2026-08-05.html
2026-08-06,Y,豆油,8522.0,2701,8441.0,81.0,0.95,现货价-主力期货价,OK,生意社期现基差表,https://www.100ppi.com/sf/day-2026-08-06.html
2026-08-07,Y,豆油,8536.0,2701,8443.0,93.0,1.09,现货价-主力期货价,OK,生意社期现基差表,https://www.100ppi.com/sf/day-2026-08-07.html
2026-08-10,Y,豆油,8516.0,2701,8445.0,71.0,0.83,现货价-主力期货价,OK,生意社期现基差表,https://www.100ppi.com/sf/day-2026-08-10.html
2026-08-11,Y,豆油,8534.0,2701,8468.0,66.0,0.77,现货价-主力期货价,OK,生意社期现基差表,https://www.100ppi.com/sf/day-2026-08-11.html
2026-08-12,Y,豆油,8540.0,2701,8442.0,98.0,1.15,现货价-主力期货价,OK,生意社期现基差表,https://www.100ppi.com/sf/day-2026-08-12.html
2026-08-13,Y,豆油,8550.0,2701,8485.0,65.0,0.76,现货价-主力期货价,OK,生意社期现基差表,https://www.100ppi.com/sf/day-2026-08-13.html
2026-08-14,Y,豆油,8632.0,2701,8541.0,91.0,1.05,现货价-主力期货价,OK,生意社期现基差表,https://www.100ppi.com/sf/day-2026-08-14.html
2026-07-06,ZN,锌,24398.0,2608,24515.0,-117.0,-0.48,现货价-主力期货价,OK,生意社期现基差表,https://www.100ppi.com/sf/day-2026-07-06.html
2026-07-07,ZN,锌,24650.0,2608,24740.0,-90.0,-0.37,现货价-主力期货价,OK,生意社期现基差表,https://www.100ppi.com/sf/day-2026-07-07.html
2026-07-08,ZN,锌,24584.0,2608,24665.0,-81.0,-0.33,现货价-主力期货价,OK,生意社期现基差表,https://www.100ppi.com/sf/day-2026-07-08.html
2026-07-09,ZN,锌,24535.0,2608,24795.0,-260.0,-1.06,现货价-主力期货价,OK,生意社期现基差表,https://www.100ppi.com/sf/day-2026-07-09.html
2026-07-10,ZN,锌,24790.0,2608,24865.0,-75.0,-0.3,现货价-主力期货价,OK,生意社期现基差表,https://www.100ppi.com/sf/day-2026-07-10.html
2026-07-13,ZN,锌,24654.0,2609,24760.0,-106.0,-0.43,现货价-主力期货价,OK,生意社期现基差表,https://www.100ppi.com/sf/day-2026-07-13.html
2026-07-14,ZN,锌,24593.0,2609,24840.0,-247.0,-1.0,现货价-主力期货价,OK,生意社期现基差表,https://www.100ppi.com/sf/day-2026-07-14.html
2026-07-15,ZN,锌,24747.0,2609,24805.0,-58.0,-0.23,现货价-主力期货价,OK,生意社期现基差表,https://www.100ppi.com/sf/day-2026-07-15.html
2026-07-16,ZN,锌,24549.0,2609,24700.0,-151.0,-0.62,现货价-主力期货价,OK,生意社期现基差表,https://www.100ppi.com/sf/day-2026-07-16.html
2026-07-17,ZN,锌,24517.0,2609,24465.0,52.0,0.21,现货价-主力期货价,OK,生意社期现基差表,https://www.100ppi.com/sf/day-2026-07-17.html
2026-07-20,ZN,锌,24390.0,2609,24365.0,25.0,0.1,现货价-主力期货价,OK,生意社期现基差表,https://www.100ppi.com/sf/day-2026-07-20.html
2026-07-21,ZN,锌,24291.0,2609,24515.0,-224.0,-0.92,现货价-主力期货价,OK,生意社期现基差表,https://www.100ppi.com/sf/day-2026-07-21.html
2026-07-22,ZN,锌,24487.0,2609,24565.0,-78.0,-0.32,现货价-主力期货价,OK,生意社期现基差表,https://www.100ppi.com/sf/day-2026-07-22.html
2026-07-23,ZN,锌,24774.0,2609,24910.0,-136.0,-0.55,现货价-主力期货价,OK,生意社期现基差表,https://www.100ppi.com/sf/day-2026-07-23.html
2026-07-24,ZN,锌,24657.0,2609,24785.0,-128.0,-0.52,现货价-主力期货价,OK,生意社期现基差表,https://www.100ppi.com/sf/day-2026-07-24.html
2026-07-27,ZN,锌,24763.0,2609,24885.0,-122.0,-0.49,现货价-主力期货价,OK,生意社期现基差表,https://www.100ppi.com/sf/day-2026-07-27.html
2026-07-28,ZN,锌,24697.0,2609,24780.0,-83.0,-0.34,现货价-主力期货价,OK,生意社期现基差表,https://www.100ppi.com/sf/day-2026-07-28.html
2026-07-29,ZN,锌,24650.0,2609,24765.0,-115.0,-0.47,现货价-主力期货价,OK,生意社期现基差表,https://www.100ppi.com/sf/day-2026-07-29.html
2026-07-30,ZN,锌,24723.0,2609,24700.0,23.0,0.09,现货价-主力期货价,OK,生意社期现基差表,https://www.100ppi.com/sf/day-2026-07-30.html
2026-07-31,ZN,锌,24841.0,2609,24890.0,-49.0,-0.2,现货价-主力期货价,OK,生意社期现基差表,https://www.100ppi.com/sf/day-2026-07-31.html
2026-08-03,ZN,锌,25067.0,2609,25380.0,-313.0,-1.25,现货价-主力期货价,OK,生意社期现基差表,https://www.100ppi.com/sf/day-2026-08-03.html
2026-08-04,ZN,锌,24898.0,2609,25075.0,-177.0,-0.71,现货价-主力期货价,OK,生意社期现基差表,https://www.100ppi.com/sf/day-2026-08-04.html
2026-08-05,ZN,锌,25156.0,2609,25425.0,-269.0,-1.07,现货价-主力期货价,OK,生意社期现基差表,https://www.100ppi.com/sf/day-2026-08-05.html
2026-08-06,ZN,锌,25626.0,2609,25585.0,41.0,0.16,现货价-主力期货价,OK,生意社期现基差表,https://www.100ppi.com/sf/day-2026-08-06.html
2026-08-07,ZN,锌,25920.0,2609,25945.0,-25.0,-0.1,现货价-主力期货价,OK,生意社期现基差表,https://www.100ppi.com/sf/day-2026-08-07.html
2026-08-10,ZN,锌,25493.0,2609,25615.0,-122.0,-0.48,现货价-主力期货价,OK,生意社期现基差表,https://www.100ppi.com/sf/day-2026-08-10.html
2026-08-11,ZN,锌,25498.0,2609,25665.0,-167.0,-0.65,现货价-主力期货价,OK,生意社期现基差表,https://www.100ppi.com/sf/day-2026-08-11.html
2026-08-12,ZN,锌,25632.0,2610,25870.0,-238.0,-0.93,现货价-主力期货价,OK,生意社期现基差表,https://www.100ppi.com/sf/day-2026-08-12.html
2026-08-13,ZN,锌,25546.0,2610,25590.0,-44.0,-0.17,现货价-主力期货价,OK,生意社期现基差表,https://www.100ppi.com/sf/day-2026-08-13.html
2026-08-14,ZN,锌,25538.0,2610,25695.0,-157.0,-0.61,现货价-主力期货价,OK,生意社期现基差表,https://www.100ppi.com/sf/day-2026-08-14.html
