source_date,symbol,variety,spot_price,main_contract,main_price,basis,basis_pct,basis_convention,status,source,source_url
2026-07-17,A,豆一,4505.0,2609,4684.0,-179.0,-3.97,现货价-主力期货价,OK,生意社期现基差表,https://www.100ppi.com/sf/day-2026-07-17.html
2026-07-20,A,豆一,4505.0,2609,4700.0,-195.0,-4.33,现货价-主力期货价,OK,生意社期现基差表,https://www.100ppi.com/sf/day-2026-07-20.html
2026-07-21,A,豆一,4505.0,2609,4715.0,-210.0,-4.66,现货价-主力期货价,OK,生意社期现基差表,https://www.100ppi.com/sf/day-2026-07-21.html
2026-07-22,A,豆一,4505.0,2609,4711.0,-206.0,-4.57,现货价-主力期货价,OK,生意社期现基差表,https://www.100ppi.com/sf/day-2026-07-22.html
2026-07-23,A,豆一,4505.0,2609,4752.0,-247.0,-5.48,现货价-主力期货价,OK,生意社期现基差表,https://www.100ppi.com/sf/day-2026-07-23.html
2026-07-24,A,豆一,4505.0,2609,4777.0,-272.0,-6.04,现货价-主力期货价,OK,生意社期现基差表,https://www.100ppi.com/sf/day-2026-07-24.html
2026-07-27,A,豆一,4505.0,2609,4762.0,-257.0,-5.7,现货价-主力期货价,OK,生意社期现基差表,https://www.100ppi.com/sf/day-2026-07-27.html
2026-07-28,A,豆一,4505.0,2609,4697.0,-192.0,-4.26,现货价-主力期货价,OK,生意社期现基差表,https://www.100ppi.com/sf/day-2026-07-28.html
2026-07-29,A,豆一,4505.0,2609,4713.0,-208.0,-4.62,现货价-主力期货价,OK,生意社期现基差表,https://www.100ppi.com/sf/day-2026-07-29.html
2026-07-30,A,豆一,4505.0,2609,4689.0,-184.0,-4.08,现货价-主力期货价,OK,生意社期现基差表,https://www.100ppi.com/sf/day-2026-07-30.html
2026-07-31,A,豆一,4505.0,2609,4704.0,-199.0,-4.42,现货价-主力期货价,OK,生意社期现基差表,https://www.100ppi.com/sf/day-2026-07-31.html
2026-08-03,A,豆一,4500.0,2609,4719.0,-219.0,-4.87,现货价-主力期货价,OK,生意社期现基差表,https://www.100ppi.com/sf/day-2026-08-03.html
2026-08-04,A,豆一,4500.0,2609,4709.0,-209.0,-4.64,现货价-主力期货价,OK,生意社期现基差表,https://www.100ppi.com/sf/day-2026-08-04.html
2026-08-05,A,豆一,4500.0,2611,4745.0,-245.0,-5.44,现货价-主力期货价,OK,生意社期现基差表,https://www.100ppi.com/sf/day-2026-08-05.html
2026-08-06,A,豆一,4500.0,2611,4828.0,-328.0,-7.29,现货价-主力期货价,OK,生意社期现基差表,https://www.100ppi.com/sf/day-2026-08-06.html
2026-08-07,A,豆一,4500.0,2611,4875.0,-375.0,-8.33,现货价-主力期货价,OK,生意社期现基差表,https://www.100ppi.com/sf/day-2026-08-07.html
2026-08-10,A,豆一,4500.0,2611,4897.0,-397.0,-8.82,现货价-主力期货价,OK,生意社期现基差表,https://www.100ppi.com/sf/day-2026-08-10.html
2026-08-11,A,豆一,4500.0,2611,4914.0,-414.0,-9.2,现货价-主力期货价,OK,生意社期现基差表,https://www.100ppi.com/sf/day-2026-08-11.html
2026-08-12,A,豆一,4500.0,2611,4896.0,-396.0,-8.8,现货价-主力期货价,OK,生意社期现基差表,https://www.100ppi.com/sf/day-2026-08-12.html
2026-08-13,A,豆一,4500.0,2611,4986.0,-486.0,-10.8,现货价-主力期货价,OK,生意社期现基差表,https://www.100ppi.com/sf/day-2026-08-13.html
2026-08-14,A,豆一,4500.0,2611,4998.0,-498.0,-11.07,现货价-主力期货价,OK,生意社期现基差表,https://www.100ppi.com/sf/day-2026-08-14.html
2026-08-17,A,豆一,4500.0,2611,4987.0,-487.0,-10.82,现货价-主力期货价,OK,生意社期现基差表,https://www.100ppi.com/sf/day-2026-08-17.html
2026-08-18,A,豆一,4500.0,2611,5079.0,-579.0,-12.87,现货价-主力期货价,OK,生意社期现基差表,https://www.100ppi.com/sf/day-2026-08-18.html
2026-08-19,A,豆一,4500.0,2611,5074.0,-574.0,-12.76,现货价-主力期货价,OK,生意社期现基差表,https://www.100ppi.com/sf/day-2026-08-19.html
2026-08-20,A,豆一,4500.0,2611,5130.0,-630.0,-14.0,现货价-主力期货价,OK,生意社期现基差表,https://www.100ppi.com/sf/day-2026-08-20.html
2026-08-21,A,豆一,4500.0,2611,5022.0,-522.0,-11.6,现货价-主力期货价,OK,生意社期现基差表,https://www.100ppi.com/sf/day-2026-08-21.html
2026-08-24,A,豆一,4500.0,2611,5031.0,-531.0,-11.8,现货价-主力期货价,OK,生意社期现基差表,https://www.100ppi.com/sf/day-2026-08-24.html
2026-08-25,A,豆一,4500.0,2611,4987.0,-487.0,-10.82,现货价-主力期货价,OK,生意社期现基差表,https://www.100ppi.com/sf/day-2026-08-25.html
2026-08-26,A,豆一,4500.0,2611,5013.0,-513.0,-11.4,现货价-主力期货价,OK,生意社期现基差表,https://www.100ppi.com/sf/day-2026-08-26.html
2026-08-27,A,豆一,4500.0,2611,4974.0,-474.0,-10.53,现货价-主力期货价,OK,生意社期现基差表,https://www.100ppi.com/sf/day-2026-08-27.html
2026-07-17,AG,白银,13450.67,2610,13545.0,-94.0,-0.7,现货价-主力期货价,OK,生意社期现基差表,https://www.100ppi.com/sf/day-2026-07-17.html
2026-07-20,AG,白银,13720.67,2610,13753.0,-32.0,-0.23,现货价-主力期货价,OK,生意社期现基差表,https://www.100ppi.com/sf/day-2026-07-20.html
2026-07-21,AG,白银,13975.0,2610,14420.0,-445.0,-3.18,现货价-主力期货价,OK,生意社期现基差表,https://www.100ppi.com/sf/day-2026-07-21.html
2026-07-22,AG,白银,14588.67,2610,14531.0,57.0,0.39,现货价-主力期货价,OK,生意社期现基差表,https://www.100ppi.com/sf/day-2026-07-22.html
2026-07-23,AG,白银,14559.0,2610,14614.0,-55.0,-0.38,现货价-主力期货价,OK,生意社期现基差表,https://www.100ppi.com/sf/day-2026-07-23.html
2026-07-24,AG,白银,14061.0,2610,14154.0,-93.0,-0.66,现货价-主力期货价,OK,生意社期现基差表,https://www.100ppi.com/sf/day-2026-07-24.html
2026-07-27,AG,白银,14560.67,2610,14558.0,2.67,0.02,现货价-主力期货价,OK,生意社期现基差表,https://www.100ppi.com/sf/day-2026-07-27.html
2026-07-28,AG,白银,13987.33,2610,14088.0,-100.0,-0.71,现货价-主力期货价,OK,生意社期现基差表,https://www.100ppi.com/sf/day-2026-07-28.html
2026-07-29,AG,白银,14071.67,2610,14268.0,-196.0,-1.39,现货价-主力期货价,OK,生意社期现基差表,https://www.100ppi.com/sf/day-2026-07-29.html
2026-07-30,AG,白银,14294.67,2610,14032.0,262.0,1.83,现货价-主力期货价,OK,生意社期现基差表,https://www.100ppi.com/sf/day-2026-07-30.html
2026-07-31,AG,白银,14281.0,2610,14264.0,17.0,0.12,现货价-主力期货价,OK,生意社期现基差表,https://www.100ppi.com/sf/day-2026-07-31.html
2026-08-03,AG,白银,14166.67,2610,14218.0,-51.0,-0.36,现货价-主力期货价,OK,生意社期现基差表,https://www.100ppi.com/sf/day-2026-08-03.html
2026-08-04,AG,白银,14273.67,2610,14373.0,-99.0,-0.69,现货价-主力期货价,OK,生意社期现基差表,https://www.100ppi.com/sf/day-2026-08-04.html
2026-08-05,AG,白银,14687.0,2610,15105.0,-418.0,-2.85,现货价-主力期货价,OK,生意社期现基差表,https://www.100ppi.com/sf/day-2026-08-05.html
2026-08-06,AG,白银,15167.33,2610,15091.0,76.0,0.5,现货价-主力期货价,OK,生意社期现基差表,https://www.100ppi.com/sf/day-2026-08-06.html
2026-08-07,AG,白银,15230.67,2610,15635.0,-404.0,-2.65,现货价-主力期货价,OK,生意社期现基差表,https://www.100ppi.com/sf/day-2026-08-07.html
2026-08-10,AG,白银,15392.33,2610,15705.0,-312.0,-2.03,现货价-主力期货价,OK,生意社期现基差表,https://www.100ppi.com/sf/day-2026-08-10.html
2026-08-11,AG,白银,16088.0,2610,15748.0,340.0,2.11,现货价-主力期货价,OK,生意社期现基差表,https://www.100ppi.com/sf/day-2026-08-11.html
2026-08-12,AG,白银,15854.33,2610,16154.0,-299.0,-1.89,现货价-主力期货价,OK,生意社期现基差表,https://www.100ppi.com/sf/day-2026-08-12.html
2026-08-13,AG,白银,15959.67,2610,15823.0,136.0,0.85,现货价-主力期货价,OK,生意社期现基差表,https://www.100ppi.com/sf/day-2026-08-13.html
2026-08-14,AG,白银,15544.0,2610,15722.0,-178.0,-1.15,现货价-主力期货价,OK,生意社期现基差表,https://www.100ppi.com/sf/day-2026-08-14.html
2026-08-17,AG,白银,16028.0,2610,16143.0,-115.0,-0.72,现货价-主力期货价,OK,生意社期现基差表,https://www.100ppi.com/sf/day-2026-08-17.html
2026-08-18,AG,白银,16052.33,2610,15961.0,91.0,0.57,现货价-主力期货价,OK,生意社期现基差表,https://www.100ppi.com/sf/day-2026-08-18.html
2026-08-19,AG,白银,15424.0,2610,15432.0,-8.0,-0.05,现货价-主力期货价,OK,生意社期现基差表,https://www.100ppi.com/sf/day-2026-08-19.html
2026-08-20,AG,白银,16206.0,2610,16361.0,-155.0,-0.96,现货价-主力期货价,OK,生意社期现基差表,https://www.100ppi.com/sf/day-2026-08-20.html
2026-08-21,AG,白银,16637.67,2610,16771.0,-133.0,-0.8,现货价-主力期货价,OK,生意社期现基差表,https://www.100ppi.com/sf/day-2026-08-21.html
2026-08-24,AG,白银,16684.67,2610,16843.0,-158.0,-0.95,现货价-主力期货价,OK,生意社期现基差表,https://www.100ppi.com/sf/day-2026-08-24.html
2026-08-25,AG,白银,16757.33,2610,16631.0,126.0,0.75,现货价-主力期货价,OK,生意社期现基差表,https://www.100ppi.com/sf/day-2026-08-25.html
2026-08-26,AG,白银,16746.33,2610,16756.0,-9.0,-0.05,现货价-主力期货价,OK,生意社期现基差表,https://www.100ppi.com/sf/day-2026-08-26.html
2026-08-27,AG,白银,16877.67,2610,16728.0,149.0,0.88,现货价-主力期货价,OK,生意社期现基差表,https://www.100ppi.com/sf/day-2026-08-27.html
2026-07-17,AL,铝,23233.33,2609,23190.0,43.0,0.19,现货价-主力期货价,OK,生意社期现基差表,https://www.100ppi.com/sf/day-2026-07-17.html
2026-07-20,AL,铝,23233.33,2609,23010.0,223.0,0.96,现货价-主力期货价,OK,生意社期现基差表,https://www.100ppi.com/sf/day-2026-07-20.html
2026-07-21,AL,铝,23093.33,2609,23160.0,-66.0,-0.29,现货价-主力期货价,OK,生意社期现基差表,https://www.100ppi.com/sf/day-2026-07-21.html
2026-07-22,AL,铝,23186.67,2609,23190.0,-3.33,-0.01,现货价-主力期货价,OK,生意社期现基差表,https://www.100ppi.com/sf/day-2026-07-22.html
2026-07-23,AL,铝,23270.0,2609,23345.0,-75.0,-0.32,现货价-主力期货价,OK,生意社期现基差表,https://www.100ppi.com/sf/day-2026-07-23.html
2026-07-24,AL,铝,23213.33,2609,23225.0,-11.0,-0.05,现货价-主力期货价,OK,生意社期现基差表,https://www.100ppi.com/sf/day-2026-07-24.html
2026-07-27,AL,铝,23216.67,2609,23195.0,21.0,0.09,现货价-主力期货价,OK,生意社期现基差表,https://www.100ppi.com/sf/day-2026-07-27.html
2026-07-28,AL,铝,23211.67,2609,23220.0,-8.0,-0.03,现货价-主力期货价,OK,生意社期现基差表,https://www.100ppi.com/sf/day-2026-07-28.html
2026-07-29,AL,铝,23413.33,2609,23455.0,-41.0,-0.18,现货价-主力期货价,OK,生意社期现基差表,https://www.100ppi.com/sf/day-2026-07-29.html
2026-07-30,AL,铝,23643.33,2609,23625.0,18.0,0.08,现货价-主力期货价,OK,生意社期现基差表,https://www.100ppi.com/sf/day-2026-07-30.html
2026-07-31,AL,铝,23643.33,2609,23630.0,13.0,0.05,现货价-主力期货价,OK,生意社期现基差表,https://www.100ppi.com/sf/day-2026-07-31.html
2026-08-03,AL,铝,23510.0,2609,23640.0,-130.0,-0.55,现货价-主力期货价,OK,生意社期现基差表,https://www.100ppi.com/sf/day-2026-08-03.html
2026-08-04,AL,铝,23735.0,2609,23810.0,-75.0,-0.32,现货价-主力期货价,OK,生意社期现基差表,https://www.100ppi.com/sf/day-2026-08-04.html
2026-08-05,AL,铝,23700.0,2609,23785.0,-85.0,-0.36,现货价-主力期货价,OK,生意社期现基差表,https://www.100ppi.com/sf/day-2026-08-05.html
2026-08-06,AL,铝,23700.0,2609,23810.0,-110.0,-0.46,现货价-主力期货价,OK,生意社期现基差表,https://www.100ppi.com/sf/day-2026-08-06.html
2026-08-07,AL,铝,24003.33,2609,24040.0,-36.0,-0.15,现货价-主力期货价,OK,生意社期现基差表,https://www.100ppi.com/sf/day-2026-08-07.html
2026-08-10,AL,铝,24003.33,2609,24165.0,-161.0,-0.67,现货价-主力期货价,OK,生意社期现基差表,https://www.100ppi.com/sf/day-2026-08-10.html
2026-08-11,AL,铝,24115.0,2609,24250.0,-135.0,-0.56,现货价-主力期货价,OK,生意社期现基差表,https://www.100ppi.com/sf/day-2026-08-11.html
2026-08-12,AL,铝,24388.33,2609,24285.0,103.0,0.42,现货价-主力期货价,OK,生意社期现基差表,https://www.100ppi.com/sf/day-2026-08-12.html
2026-08-13,AL,铝,24136.67,2609,24090.0,46.0,0.19,现货价-主力期货价,OK,生意社期现基差表,https://www.100ppi.com/sf/day-2026-08-13.html
2026-08-14,AL,铝,23883.33,2610,23885.0,-1.67,-0.01,现货价-主力期货价,OK,生意社期现基差表,https://www.100ppi.com/sf/day-2026-08-14.html
2026-08-17,AL,铝,24080.0,2610,24035.0,45.0,0.19,现货价-主力期货价,OK,生意社期现基差表,https://www.100ppi.com/sf/day-2026-08-17.html
2026-08-18,AL,铝,23913.33,2610,23955.0,-41.0,-0.17,现货价-主力期货价,OK,生意社期现基差表,https://www.100ppi.com/sf/day-2026-08-18.html
2026-08-19,AL,铝,23681.67,2610,23675.0,6.0,0.03,现货价-主力期货价,OK,生意社期现基差表,https://www.100ppi.com/sf/day-2026-08-19.html
2026-08-20,AL,铝,23620.0,2610,23595.0,25.0,0.11,现货价-主力期货价,OK,生意社期现基差表,https://www.100ppi.com/sf/day-2026-08-20.html
2026-08-21,AL,铝,23695.0,2610,23710.0,-15.0,-0.06,现货价-主力期货价,OK,生意社期现基差表,https://www.100ppi.com/sf/day-2026-08-21.html
2026-08-24,AL,铝,23816.67,2610,23765.0,51.0,0.21,现货价-主力期货价,OK,生意社期现基差表,https://www.100ppi.com/sf/day-2026-08-24.html
2026-08-25,AL,铝,23753.33,2610,23755.0,-1.67,-0.01,现货价-主力期货价,OK,生意社期现基差表,https://www.100ppi.com/sf/day-2026-08-25.html
2026-08-26,AL,铝,23883.33,2610,23760.0,123.0,0.52,现货价-主力期货价,OK,生意社期现基差表,https://www.100ppi.com/sf/day-2026-08-26.html
2026-08-27,AL,铝,23936.67,2610,23820.0,116.0,0.48,现货价-主力期货价,OK,生意社期现基差表,https://www.100ppi.com/sf/day-2026-08-27.html
2026-07-17,AU,黄金,871.39,2610,876.24,-4.85,-0.56,现货价-主力期货价,OK,生意社期现基差表,https://www.100ppi.com/sf/day-2026-07-17.html
2026-07-20,AU,黄金,874.74,2610,876.64,-1.9,-0.22,现货价-主力期货价,OK,生意社期现基差表,https://www.100ppi.com/sf/day-2026-07-20.html
2026-07-21,AU,黄金,877.32,2610,892.4,-15.0,-1.71,现货价-主力期货价,OK,生意社期现基差表,https://www.100ppi.com/sf/day-2026-07-21.html
2026-07-22,AU,黄金,899.94,2610,901.74,-1.8,-0.2,现货价-主力期货价,OK,生意社期现基差表,https://www.100ppi.com/sf/day-2026-07-22.html
2026-07-23,AU,黄金,898.24,2610,901.76,-3.52,-0.39,现货价-主力期货价,OK,生意社期现基差表,https://www.100ppi.com/sf/day-2026-07-23.html
2026-07-24,AU,黄金,881.28,2610,883.8,-2.52,-0.29,现货价-主力期货价,OK,生意社期现基差表,https://www.100ppi.com/sf/day-2026-07-24.html
2026-07-27,AU,黄金,888.81,2610,895.78,-6.0,-0.68,现货价-主力期货价,OK,生意社期现基差表,https://www.100ppi.com/sf/day-2026-07-27.html
2026-07-28,AU,黄金,882.65,2610,885.1,-2.45,-0.28,现货价-主力期货价,OK,生意社期现基差表,https://www.100ppi.com/sf/day-2026-07-28.html
2026-07-29,AU,黄金,880.93,2610,884.2,-3.27,-0.37,现货价-主力期货价,OK,生意社期现基差表,https://www.100ppi.com/sf/day-2026-07-29.html
2026-07-30,AU,黄金,883.6,2610,881.4,2.2,0.25,现货价-主力期货价,OK,生意社期现基差表,https://www.100ppi.com/sf/day-2026-07-30.html
2026-07-31,AU,黄金,884.12,2610,888.3,-4.18,-0.47,现货价-主力期货价,OK,生意社期现基差表,https://www.100ppi.com/sf/day-2026-07-31.html
2026-08-03,AU,黄金,883.89,2610,886.64,-2.75,-0.31,现货价-主力期货价,OK,生意社期现基差表,https://www.100ppi.com/sf/day-2026-08-03.html
2026-08-04,AU,黄金,883.61,2610,886.48,-2.87,-0.32,现货价-主力期货价,OK,生意社期现基差表,https://www.100ppi.com/sf/day-2026-08-04.html
2026-08-05,AU,黄金,898.23,2610,910.4,-12.0,-1.34,现货价-主力期货价,OK,生意社期现基差表,https://www.100ppi.com/sf/day-2026-08-05.html
2026-08-06,AU,黄金,927.65,2610,926.9,0.75,0.08,现货价-主力期货价,OK,生意社期现基差表,https://www.100ppi.com/sf/day-2026-08-06.html
2026-08-07,AU,黄金,927.65,2610,936.76,-9.0,-0.97,现货价-主力期货价,OK,生意社期现基差表,https://www.100ppi.com/sf/day-2026-08-07.html
2026-08-10,AU,黄金,940.96,2610,948.2,-7.0,-0.74,现货价-主力期货价,OK,生意社期现基差表,https://www.100ppi.com/sf/day-2026-08-10.html
2026-08-11,AU,黄金,955.18,2610,949.94,5.0,0.52,现货价-主力期货价,OK,生意社期现基差表,https://www.100ppi.com/sf/day-2026-08-11.html
2026-08-12,AU,黄金,955.91,2610,958.54,-2.63,-0.28,现货价-主力期货价,OK,生意社期现基差表,https://www.100ppi.com/sf/day-2026-08-12.html
2026-08-13,AU,黄金,954.24,2610,952.96,1.28,0.13,现货价-主力期货价,OK,生意社期现基差表,https://www.100ppi.com/sf/day-2026-08-13.html
2026-08-14,AU,黄金,938.16,2610,943.16,-5.0,-0.53,现货价-主力期货价,OK,生意社期现基差表,https://www.100ppi.com/sf/day-2026-08-14.html
2026-08-17,AU,黄金,952.18,2610,955.72,-3.54,-0.37,现货价-主力期货价,OK,生意社期现基差表,https://www.100ppi.com/sf/day-2026-08-17.html
2026-08-18,AU,黄金,953.26,2610,956.4,-3.14,-0.33,现货价-主力期货价,OK,生意社期现基差表,https://www.100ppi.com/sf/day-2026-08-18.html
2026-08-19,AU,黄金,948.34,2610,945.56,2.78,0.29,现货价-主力期货价,OK,生意社期现基差表,https://www.100ppi.com/sf/day-2026-08-19.html
2026-08-20,AU,黄金,970.06,2610,972.94,-2.88,-0.3,现货价-主力期货价,OK,生意社期现基差表,https://www.100ppi.com/sf/day-2026-08-20.html
2026-08-21,AU,黄金,980.33,2610,987.44,-7.0,-0.71,现货价-主力期货价,OK,生意社期现基差表,https://www.100ppi.com/sf/day-2026-08-21.html
2026-08-24,AU,黄金,998.15,2610,1006.82,-8.0,-0.8,现货价-主力期货价,OK,生意社期现基差表,https://www.100ppi.com/sf/day-2026-08-24.html
2026-08-25,AU,黄金,1003.19,2610,1004.22,-1.03,-0.1,现货价-主力期货价,OK,生意社期现基差表,https://www.100ppi.com/sf/day-2026-08-25.html
2026-08-26,AU,黄金,1003.18,2610,1003.0,0.18,0.02,现货价-主力期货价,OK,生意社期现基差表,https://www.100ppi.com/sf/day-2026-08-26.html
2026-08-27,AU,黄金,998.35,2610,995.3,3.05,0.31,现货价-主力期货价,OK,生意社期现基差表,https://www.100ppi.com/sf/day-2026-08-27.html
2026-07-17,BR,丁二烯橡胶,13790.0,2609,13580.0,210.0,1.52,现货价-主力期货价,OK,生意社期现基差表,https://www.100ppi.com/sf/day-2026-07-17.html
2026-07-20,BR,丁二烯橡胶,13970.0,2609,13745.0,225.0,1.61,现货价-主力期货价,OK,生意社期现基差表,https://www.100ppi.com/sf/day-2026-07-20.html
2026-07-21,BR,丁二烯橡胶,13940.0,2609,13655.0,285.0,2.04,现货价-主力期货价,OK,生意社期现基差表,https://www.100ppi.com/sf/day-2026-07-21.html
2026-07-22,BR,丁二烯橡胶,14030.0,2609,13765.0,265.0,1.89,现货价-主力期货价,OK,生意社期现基差表,https://www.100ppi.com/sf/day-2026-07-22.html
2026-07-23,BR,丁二烯橡胶,14030.0,2609,13970.0,60.0,0.43,现货价-主力期货价,OK,生意社期现基差表,https://www.100ppi.com/sf/day-2026-07-23.html
2026-07-24,BR,丁二烯橡胶,14060.0,2609,13820.0,240.0,1.71,现货价-主力期货价,OK,生意社期现基差表,https://www.100ppi.com/sf/day-2026-07-24.html
2026-07-27,BR,丁二烯橡胶,13770.0,2609,13120.0,650.0,4.72,现货价-主力期货价,OK,生意社期现基差表,https://www.100ppi.com/sf/day-2026-07-27.html
2026-07-28,BR,丁二烯橡胶,13540.0,2609,12860.0,680.0,5.02,现货价-主力期货价,OK,生意社期现基差表,https://www.100ppi.com/sf/day-2026-07-28.html
2026-07-29,BR,丁二烯橡胶,13470.0,2609,12845.0,625.0,4.64,现货价-主力期货价,OK,生意社期现基差表,https://www.100ppi.com/sf/day-2026-07-29.html
2026-07-30,BR,丁二烯橡胶,13470.0,2609,12970.0,500.0,3.71,现货价-主力期货价,OK,生意社期现基差表,https://www.100ppi.com/sf/day-2026-07-30.html
2026-07-31,BR,丁二烯橡胶,13450.0,2609,12595.0,855.0,6.36,现货价-主力期货价,OK,生意社期现基差表,https://www.100ppi.com/sf/day-2026-07-31.html
2026-08-03,BR,丁二烯橡胶,13450.0,2610,12555.0,895.0,6.65,现货价-主力期货价,OK,生意社期现基差表,https://www.100ppi.com/sf/day-2026-08-03.html
2026-08-04,BR,丁二烯橡胶,13460.0,2610,12830.0,630.0,4.68,现货价-主力期货价,OK,生意社期现基差表,https://www.100ppi.com/sf/day-2026-08-04.html
2026-08-05,BR,丁二烯橡胶,13420.0,2610,12740.0,680.0,5.07,现货价-主力期货价,OK,生意社期现基差表,https://www.100ppi.com/sf/day-2026-08-05.html
2026-08-06,BR,丁二烯橡胶,13370.0,2610,12955.0,415.0,3.1,现货价-主力期货价,OK,生意社期现基差表,https://www.100ppi.com/sf/day-2026-08-06.html
2026-08-07,BR,丁二烯橡胶,13510.0,2610,13175.0,335.0,2.48,现货价-主力期货价,OK,生意社期现基差表,https://www.100ppi.com/sf/day-2026-08-07.html
2026-08-10,BR,丁二烯橡胶,13520.0,2610,12985.0,535.0,3.96,现货价-主力期货价,OK,生意社期现基差表,https://www.100ppi.com/sf/day-2026-08-10.html
2026-08-11,BR,丁二烯橡胶,13520.0,2610,13175.0,345.0,2.55,现货价-主力期货价,OK,生意社期现基差表,https://www.100ppi.com/sf/day-2026-08-11.html
2026-08-12,BR,丁二烯橡胶,13610.0,2610,13425.0,185.0,1.36,现货价-主力期货价,OK,生意社期现基差表,https://www.100ppi.com/sf/day-2026-08-12.html
2026-08-13,BR,丁二烯橡胶,13630.0,2610,13525.0,105.0,0.77,现货价-主力期货价,OK,生意社期现基差表,https://www.100ppi.com/sf/day-2026-08-13.html
2026-08-14,BR,丁二烯橡胶,13750.0,2610,13610.0,140.0,1.02,现货价-主力期货价,OK,生意社期现基差表,https://www.100ppi.com/sf/day-2026-08-14.html
2026-08-17,BR,丁二烯橡胶,14200.0,2610,14120.0,80.0,0.56,现货价-主力期货价,OK,生意社期现基差表,https://www.100ppi.com/sf/day-2026-08-17.html
2026-08-18,BR,丁二烯橡胶,14680.0,2610,14455.0,225.0,1.53,现货价-主力期货价,OK,生意社期现基差表,https://www.100ppi.com/sf/day-2026-08-18.html
2026-08-19,BR,丁二烯橡胶,14800.0,2610,14680.0,120.0,0.81,现货价-主力期货价,OK,生意社期现基差表,https://www.100ppi.com/sf/day-2026-08-19.html
2026-08-20,BR,丁二烯橡胶,14800.0,2610,14465.0,335.0,2.26,现货价-主力期货价,OK,生意社期现基差表,https://www.100ppi.com/sf/day-2026-08-20.html
2026-08-21,BR,丁二烯橡胶,14850.0,2610,14625.0,225.0,1.52,现货价-主力期货价,OK,生意社期现基差表,https://www.100ppi.com/sf/day-2026-08-21.html
2026-08-24,BR,丁二烯橡胶,14930.0,2610,14720.0,210.0,1.41,现货价-主力期货价,OK,生意社期现基差表,https://www.100ppi.com/sf/day-2026-08-24.html
2026-08-25,BR,丁二烯橡胶,14940.0,2610,14495.0,445.0,2.98,现货价-主力期货价,OK,生意社期现基差表,https://www.100ppi.com/sf/day-2026-08-25.html
2026-08-26,BR,丁二烯橡胶,14500.0,2610,13930.0,570.0,3.93,现货价-主力期货价,OK,生意社期现基差表,https://www.100ppi.com/sf/day-2026-08-26.html
2026-08-27,BR,丁二烯橡胶,14580.0,2610,14355.0,225.0,1.54,现货价-主力期货价,OK,生意社期现基差表,https://www.100ppi.com/sf/day-2026-08-27.html
2026-07-17,BU,石油沥青,4387.5,2609,4120.0,267.0,6.09,现货价-主力期货价,OK,生意社期现基差表,https://www.100ppi.com/sf/day-2026-07-17.html
2026-07-20,BU,石油沥青,4420.0,2609,4291.0,129.0,2.92,现货价-主力期货价,OK,生意社期现基差表,https://www.100ppi.com/sf/day-2026-07-20.html
2026-07-21,BU,石油沥青,4390.0,2609,4164.0,226.0,5.15,现货价-主力期货价,OK,生意社期现基差表,https://www.100ppi.com/sf/day-2026-07-21.html
2026-07-22,BU,石油沥青,4397.5,2609,4222.0,175.0,3.98,现货价-主力期货价,OK,生意社期现基差表,https://www.100ppi.com/sf/day-2026-07-22.html
2026-07-23,BU,石油沥青,4387.5,2609,4288.0,99.0,2.26,现货价-主力期货价,OK,生意社期现基差表,https://www.100ppi.com/sf/day-2026-07-23.html
2026-07-24,BU,石油沥青,4415.0,2609,4275.0,140.0,3.17,现货价-主力期货价,OK,生意社期现基差表,https://www.100ppi.com/sf/day-2026-07-24.html
2026-07-27,BU,石油沥青,4372.5,2609,4140.0,232.0,5.31,现货价-主力期货价,OK,生意社期现基差表,https://www.100ppi.com/sf/day-2026-07-27.html
2026-07-28,BU,石油沥青,4350.0,2609,4087.0,263.0,6.05,现货价-主力期货价,OK,生意社期现基差表,https://www.100ppi.com/sf/day-2026-07-28.html
2026-07-29,BU,石油沥青,4330.0,2609,4119.0,211.0,4.87,现货价-主力期货价,OK,生意社期现基差表,https://www.100ppi.com/sf/day-2026-07-29.html
2026-07-30,BU,石油沥青,4340.0,2609,4165.0,175.0,4.03,现货价-主力期货价,OK,生意社期现基差表,https://www.100ppi.com/sf/day-2026-07-30.html
2026-07-31,BU,石油沥青,4337.5,2609,4119.0,218.0,5.03,现货价-主力期货价,OK,生意社期现基差表,https://www.100ppi.com/sf/day-2026-07-31.html
2026-08-03,BU,石油沥青,4310.0,2609,4102.0,208.0,4.83,现货价-主力期货价,OK,生意社期现基差表,https://www.100ppi.com/sf/day-2026-08-03.html
2026-08-04,BU,石油沥青,4292.5,2609,4138.0,154.0,3.59,现货价-主力期货价,OK,生意社期现基差表,https://www.100ppi.com/sf/day-2026-08-04.html
2026-08-05,BU,石油沥青,4307.5,2610,3892.0,415.0,9.63,现货价-主力期货价,OK,生意社期现基差表,https://www.100ppi.com/sf/day-2026-08-05.html
2026-08-06,BU,石油沥青,4307.5,2610,3943.0,364.0,8.45,现货价-主力期货价,OK,生意社期现基差表,https://www.100ppi.com/sf/day-2026-08-06.html
2026-08-07,BU,石油沥青,4325.0,2610,4005.0,320.0,7.4,现货价-主力期货价,OK,生意社期现基差表,https://www.100ppi.com/sf/day-2026-08-07.html
2026-08-10,BU,石油沥青,4337.5,2610,4020.0,317.0,7.31,现货价-主力期货价,OK,生意社期现基差表,https://www.100ppi.com/sf/day-2026-08-10.html
2026-08-11,BU,石油沥青,4322.5,2610,4155.0,167.0,3.86,现货价-主力期货价,OK,生意社期现基差表,https://www.100ppi.com/sf/day-2026-08-11.html
2026-08-12,BU,石油沥青,4335.0,2610,4151.0,184.0,4.24,现货价-主力期货价,OK,生意社期现基差表,https://www.100ppi.com/sf/day-2026-08-12.html
2026-08-13,BU,石油沥青,4345.0,2610,4173.0,172.0,3.96,现货价-主力期货价,OK,生意社期现基差表,https://www.100ppi.com/sf/day-2026-08-13.html
2026-08-14,BU,石油沥青,4330.0,2610,4212.0,118.0,2.73,现货价-主力期货价,OK,生意社期现基差表,https://www.100ppi.com/sf/day-2026-08-14.html
2026-08-17,BU,石油沥青,4350.0,2610,4232.0,118.0,2.71,现货价-主力期货价,OK,生意社期现基差表,https://www.100ppi.com/sf/day-2026-08-17.html
2026-08-18,BU,石油沥青,4350.0,2610,4313.0,37.0,0.85,现货价-主力期货价,OK,生意社期现基差表,https://www.100ppi.com/sf/day-2026-08-18.html
2026-08-19,BU,石油沥青,4350.0,2610,4394.0,-44.0,-1.01,现货价-主力期货价,OK,生意社期现基差表,https://www.100ppi.com/sf/day-2026-08-19.html
2026-08-20,BU,石油沥青,4495.0,2610,4485.0,10.0,0.22,现货价-主力期货价,OK,生意社期现基差表,https://www.100ppi.com/sf/day-2026-08-20.html
2026-08-21,BU,石油沥青,4630.0,2610,4508.0,122.0,2.63,现货价-主力期货价,OK,生意社期现基差表,https://www.100ppi.com/sf/day-2026-08-21.html
2026-08-24,BU,石油沥青,4580.0,2610,4544.0,36.0,0.79,现货价-主力期货价,OK,生意社期现基差表,https://www.100ppi.com/sf/day-2026-08-24.html
2026-08-25,BU,石油沥青,4590.0,2610,4554.0,36.0,0.78,现货价-主力期货价,OK,生意社期现基差表,https://www.100ppi.com/sf/day-2026-08-25.html
2026-08-26,BU,石油沥青,4660.0,2610,4487.0,173.0,3.71,现货价-主力期货价,OK,生意社期现基差表,https://www.100ppi.com/sf/day-2026-08-26.html
2026-08-27,BU,石油沥青,4725.0,2610,4541.0,184.0,3.89,现货价-主力期货价,OK,生意社期现基差表,https://www.100ppi.com/sf/day-2026-08-27.html
2026-07-17,BZ,纯苯,7836.67,2609,7281.0,555.0,7.08,现货价-主力期货价,OK,生意社期现基差表,https://www.100ppi.com/sf/day-2026-07-17.html
2026-07-20,BZ,纯苯,8270.0,2609,7846.0,424.0,5.13,现货价-主力期货价,OK,生意社期现基差表,https://www.100ppi.com/sf/day-2026-07-20.html
2026-07-21,BZ,纯苯,8370.0,2609,7575.0,795.0,9.5,现货价-主力期货价,OK,生意社期现基差表,https://www.100ppi.com/sf/day-2026-07-21.html
2026-07-22,BZ,纯苯,8403.33,2609,7636.0,767.0,9.13,现货价-主力期货价,OK,生意社期现基差表,https://www.100ppi.com/sf/day-2026-07-22.html
2026-07-23,BZ,纯苯,8403.33,2609,7768.0,635.0,7.56,现货价-主力期货价,OK,生意社期现基差表,https://www.100ppi.com/sf/day-2026-07-23.html
2026-07-24,BZ,纯苯,8403.33,2609,7707.0,696.0,8.28,现货价-主力期货价,OK,生意社期现基差表,https://www.100ppi.com/sf/day-2026-07-24.html
2026-07-27,BZ,纯苯,8001.0,2609,7214.0,787.0,9.84,现货价-主力期货价,OK,生意社期现基差表,https://www.100ppi.com/sf/day-2026-07-27.html
2026-07-28,BZ,纯苯,7784.33,2609,7152.0,632.0,8.12,现货价-主力期货价,OK,生意社期现基差表,https://www.100ppi.com/sf/day-2026-07-28.html
2026-07-29,BZ,纯苯,7801.0,2609,7271.0,530.0,6.79,现货价-主力期货价,OK,生意社期现基差表,https://www.100ppi.com/sf/day-2026-07-29.html
2026-07-30,BZ,纯苯,7801.0,2609,7392.0,409.0,5.24,现货价-主力期货价,OK,生意社期现基差表,https://www.100ppi.com/sf/day-2026-07-30.html
2026-07-31,BZ,纯苯,7767.67,2609,7154.0,613.0,7.89,现货价-主力期货价,OK,生意社期现基差表,https://www.100ppi.com/sf/day-2026-07-31.html
2026-08-03,BZ,纯苯,7501.0,2609,7135.0,366.0,4.88,现货价-主力期货价,OK,生意社期现基差表,https://www.100ppi.com/sf/day-2026-08-03.html
2026-08-04,BZ,纯苯,7517.67,2609,7224.0,293.0,3.9,现货价-主力期货价,OK,生意社期现基差表,https://www.100ppi.com/sf/day-2026-08-04.html
2026-08-05,BZ,纯苯,7517.67,2609,6872.0,645.0,8.58,现货价-主力期货价,OK,生意社期现基差表,https://www.100ppi.com/sf/day-2026-08-05.html
2026-08-06,BZ,纯苯,7417.67,2609,6934.0,483.0,6.51,现货价-主力期货价,OK,生意社期现基差表,https://www.100ppi.com/sf/day-2026-08-06.html
2026-08-07,BZ,纯苯,7401.0,2609,7062.0,339.0,4.58,现货价-主力期货价,OK,生意社期现基差表,https://www.100ppi.com/sf/day-2026-08-07.html
2026-08-10,BZ,纯苯,7434.33,2609,7101.0,333.0,4.48,现货价-主力期货价,OK,生意社期现基差表,https://www.100ppi.com/sf/day-2026-08-10.html
2026-08-11,BZ,纯苯,7567.67,2609,7324.0,243.0,3.21,现货价-主力期货价,OK,生意社期现基差表,https://www.100ppi.com/sf/day-2026-08-11.html
2026-08-12,BZ,纯苯,7567.67,2609,7225.0,342.0,4.52,现货价-主力期货价,OK,生意社期现基差表,https://www.100ppi.com/sf/day-2026-08-12.html
2026-08-13,BZ,纯苯,7494.33,2609,7268.0,226.0,3.02,现货价-主力期货价,OK,生意社期现基差表,https://www.100ppi.com/sf/day-2026-08-13.html
2026-08-14,BZ,纯苯,7494.33,2609,7400.0,94.0,1.25,现货价-主力期货价,OK,生意社期现基差表,https://www.100ppi.com/sf/day-2026-08-14.html
2026-08-17,BZ,纯苯,7751.0,2609,7576.0,175.0,2.26,现货价-主力期货价,OK,生意社期现基差表,https://www.100ppi.com/sf/day-2026-08-17.html
2026-08-18,BZ,纯苯,7981.0,2610,7513.0,468.0,5.86,现货价-主力期货价,OK,生意社期现基差表,https://www.100ppi.com/sf/day-2026-08-18.html
2026-08-19,BZ,纯苯,8124.33,2610,7549.0,575.0,7.08,现货价-主力期货价,OK,生意社期现基差表,https://www.100ppi.com/sf/day-2026-08-19.html
2026-08-20,BZ,纯苯,8134.33,2610,7580.0,554.0,6.81,现货价-主力期货价,OK,生意社期现基差表,https://www.100ppi.com/sf/day-2026-08-20.html
2026-08-21,BZ,纯苯,8187.67,2610,7638.0,549.0,6.71,现货价-主力期货价,OK,生意社期现基差表,https://www.100ppi.com/sf/day-2026-08-21.html
2026-08-24,BZ,纯苯,8081.0,2610,7593.0,488.0,6.04,现货价-主力期货价,OK,生意社期现基差表,https://www.100ppi.com/sf/day-2026-08-24.html
2026-08-25,BZ,纯苯,8114.33,2610,7736.0,378.0,4.66,现货价-主力期货价,OK,生意社期现基差表,https://www.100ppi.com/sf/day-2026-08-25.html
2026-08-26,BZ,纯苯,7981.0,2610,7367.0,614.0,7.69,现货价-主力期货价,OK,生意社期现基差表,https://www.100ppi.com/sf/day-2026-08-26.html
2026-08-27,BZ,纯苯,8014.33,2610,7431.0,583.0,7.27,现货价-主力期货价,OK,生意社期现基差表,https://www.100ppi.com/sf/day-2026-08-27.html
2026-07-17,C,玉米,2272.86,2609,2287.0,-14.0,-0.62,现货价-主力期货价,OK,生意社期现基差表,https://www.100ppi.com/sf/day-2026-07-17.html
2026-07-20,C,玉米,2261.43,2609,2274.0,-12.0,-0.53,现货价-主力期货价,OK,生意社期现基差表,https://www.100ppi.com/sf/day-2026-07-20.html
2026-07-21,C,玉米,2257.14,2609,2272.0,-14.0,-0.62,现货价-主力期货价,OK,生意社期现基差表,https://www.100ppi.com/sf/day-2026-07-21.html
2026-07-22,C,玉米,2255.71,2609,2269.0,-13.0,-0.58,现货价-主力期货价,OK,生意社期现基差表,https://www.100ppi.com/sf/day-2026-07-22.html
2026-07-23,C,玉米,2255.71,2609,2278.0,-22.0,-0.98,现货价-主力期货价,OK,生意社期现基差表,https://www.100ppi.com/sf/day-2026-07-23.html
2026-07-24,C,玉米,2255.71,2609,2277.0,-21.0,-0.93,现货价-主力期货价,OK,生意社期现基差表,https://www.100ppi.com/sf/day-2026-07-24.html
2026-07-27,C,玉米,2255.71,2609,2268.0,-12.0,-0.53,现货价-主力期货价,OK,生意社期现基差表,https://www.100ppi.com/sf/day-2026-07-27.html
2026-07-28,C,玉米,2257.14,2609,2266.0,-8.0,-0.35,现货价-主力期货价,OK,生意社期现基差表,https://www.100ppi.com/sf/day-2026-07-28.html
2026-07-29,C,玉米,2251.43,2609,2267.0,-15.0,-0.67,现货价-主力期货价,OK,生意社期现基差表,https://www.100ppi.com/sf/day-2026-07-29.html
2026-07-30,C,玉米,2250.0,2609,2266.0,-16.0,-0.71,现货价-主力期货价,OK,生意社期现基差表,https://www.100ppi.com/sf/day-2026-07-30.html
2026-07-31,C,玉米,2250.0,2609,2269.0,-19.0,-0.84,现货价-主力期货价,OK,生意社期现基差表,https://www.100ppi.com/sf/day-2026-07-31.html
2026-08-03,C,玉米,2247.14,2609,2253.0,-5.0,-0.22,现货价-主力期货价,OK,生意社期现基差表,https://www.100ppi.com/sf/day-2026-08-03.html
2026-08-04,C,玉米,2247.14,2609,2243.0,4.14,0.18,现货价-主力期货价,OK,生意社期现基差表,https://www.100ppi.com/sf/day-2026-08-04.html
2026-08-05,C,玉米,2247.14,2609,2251.0,-3.86,-0.17,现货价-主力期货价,OK,生意社期现基差表,https://www.100ppi.com/sf/day-2026-08-05.html
2026-08-06,C,玉米,2245.71,2609,2240.0,5.0,0.22,现货价-主力期货价,OK,生意社期现基差表,https://www.100ppi.com/sf/day-2026-08-06.html
2026-08-07,C,玉米,2238.57,2609,2245.0,-6.0,-0.27,现货价-主力期货价,OK,生意社期现基差表,https://www.100ppi.com/sf/day-2026-08-07.html
2026-08-10,C,玉米,2238.57,2609,2266.0,-27.0,-1.21,现货价-主力期货价,OK,生意社期现基差表,https://www.100ppi.com/sf/day-2026-08-10.html
2026-08-11,C,玉米,2238.57,2609,2267.0,-28.0,-1.25,现货价-主力期货价,OK,生意社期现基差表,https://www.100ppi.com/sf/day-2026-08-11.html
2026-08-12,C,玉米,2238.57,2611,2226.0,12.0,0.54,现货价-主力期货价,OK,生意社期现基差表,https://www.100ppi.com/sf/day-2026-08-12.html
2026-08-13,C,玉米,2241.43,2611,2231.0,10.0,0.45,现货价-主力期货价,OK,生意社期现基差表,https://www.100ppi.com/sf/day-2026-08-13.html
2026-08-14,C,玉米,2244.29,2611,2226.0,18.0,0.8,现货价-主力期货价,OK,生意社期现基差表,https://www.100ppi.com/sf/day-2026-08-14.html
2026-08-17,C,玉米,2244.29,2611,2200.0,44.0,1.96,现货价-主力期货价,OK,生意社期现基差表,https://www.100ppi.com/sf/day-2026-08-17.html
2026-08-18,C,玉米,2244.29,2611,2226.0,18.0,0.8,现货价-主力期货价,OK,生意社期现基差表,https://www.100ppi.com/sf/day-2026-08-18.html
2026-08-19,C,玉米,2245.71,2611,2265.0,-19.0,-0.85,现货价-主力期货价,OK,生意社期现基差表,https://www.100ppi.com/sf/day-2026-08-19.html
2026-08-20,C,玉米,2247.14,2611,2263.0,-15.0,-0.67,现货价-主力期货价,OK,生意社期现基差表,https://www.100ppi.com/sf/day-2026-08-20.html
2026-08-21,C,玉米,2247.14,2611,2264.0,-16.0,-0.71,现货价-主力期货价,OK,生意社期现基差表,https://www.100ppi.com/sf/day-2026-08-21.html
2026-08-24,C,玉米,2247.14,2611,2280.0,-32.0,-1.42,现货价-主力期货价,OK,生意社期现基差表,https://www.100ppi.com/sf/day-2026-08-24.html
2026-08-25,C,玉米,2247.14,2611,2276.0,-28.0,-1.25,现货价-主力期货价,OK,生意社期现基差表,https://www.100ppi.com/sf/day-2026-08-25.html
2026-08-26,C,玉米,2245.71,2611,2281.0,-35.0,-1.56,现货价-主力期货价,OK,生意社期现基差表,https://www.100ppi.com/sf/day-2026-08-26.html
2026-08-27,C,玉米,2245.71,2611,2287.0,-41.0,-1.83,现货价-主力期货价,OK,生意社期现基差表,https://www.100ppi.com/sf/day-2026-08-27.html
2026-07-17,CF,棉花,17729.33,2609,15750.0,1979.0,11.16,现货价-主力期货价,OK,生意社期现基差表,https://www.100ppi.com/sf/day-2026-07-17.html
2026-07-20,CF,棉花,17534.83,2609,15925.0,1609.0,9.18,现货价-主力期货价,OK,生意社期现基差表,https://www.100ppi.com/sf/day-2026-07-20.html
2026-07-21,CF,棉花,17534.83,2609,15965.0,1569.0,8.95,现货价-主力期货价,OK,生意社期现基差表,https://www.100ppi.com/sf/day-2026-07-21.html
2026-07-22,CF,棉花,17622.5,2609,15955.0,1667.0,9.46,现货价-主力期货价,OK,生意社期现基差表,https://www.100ppi.com/sf/day-2026-07-22.html
2026-07-23,CF,棉花,17640.33,2609,16005.0,1635.0,9.27,现货价-主力期货价,OK,生意社期现基差表,https://www.100ppi.com/sf/day-2026-07-23.html
2026-07-24,CF,棉花,17649.5,2609,16005.0,1644.0,9.31,现货价-主力期货价,OK,生意社期现基差表,https://www.100ppi.com/sf/day-2026-07-24.html
2026-07-27,CF,棉花,17658.33,2609,15925.0,1733.0,9.81,现货价-主力期货价,OK,生意社期现基差表,https://www.100ppi.com/sf/day-2026-07-27.html
2026-07-28,CF,棉花,17609.67,2609,15830.0,1779.0,10.1,现货价-主力期货价,OK,生意社期现基差表,https://www.100ppi.com/sf/day-2026-07-28.html
2026-07-29,CF,棉花,17564.67,2609,15845.0,1719.0,9.79,现货价-主力期货价,OK,生意社期现基差表,https://www.100ppi.com/sf/day-2026-07-29.html
2026-07-30,CF,棉花,17561.83,2609,15695.0,1866.0,10.63,现货价-主力期货价,OK,生意社期现基差表,https://www.100ppi.com/sf/day-2026-07-30.html
2026-07-31,CF,棉花,17437.67,2609,15745.0,1692.0,9.7,现货价-主力期货价,OK,生意社期现基差表,https://www.100ppi.com/sf/day-2026-07-31.html
2026-08-03,CF,棉花,17440.17,2609,15675.0,1765.0,10.12,现货价-主力期货价,OK,生意社期现基差表,https://www.100ppi.com/sf/day-2026-08-03.html
2026-08-04,CF,棉花,17409.67,2609,15840.0,1569.0,9.01,现货价-主力期货价,OK,生意社期现基差表,https://www.100ppi.com/sf/day-2026-08-04.html
2026-08-05,CF,棉花,17558.5,2609,15990.0,1568.0,8.93,现货价-主力期货价,OK,生意社期现基差表,https://www.100ppi.com/sf/day-2026-08-05.html
2026-08-06,CF,棉花,17711.5,2609,16150.0,1561.0,8.81,现货价-主力期货价,OK,生意社期现基差表,https://www.100ppi.com/sf/day-2026-08-06.html
2026-08-07,CF,棉花,17870.17,2609,16210.0,1660.0,9.29,现货价-主力期货价,OK,生意社期现基差表,https://www.100ppi.com/sf/day-2026-08-07.html
2026-08-10,CF,棉花,17951.67,2609,16265.0,1686.0,9.39,现货价-主力期货价,OK,生意社期现基差表,https://www.100ppi.com/sf/day-2026-08-10.html
2026-08-11,CF,棉花,17977.17,2701,16735.0,1242.0,6.91,现货价-主力期货价,OK,生意社期现基差表,https://www.100ppi.com/sf/day-2026-08-11.html
2026-08-12,CF,棉花,17966.33,2701,16815.0,1151.0,6.41,现货价-主力期货价,OK,生意社期现基差表,https://www.100ppi.com/sf/day-2026-08-12.html
2026-08-13,CF,棉花,17993.33,2701,16725.0,1268.0,7.05,现货价-主力期货价,OK,生意社期现基差表,https://www.100ppi.com/sf/day-2026-08-13.html
2026-08-14,CF,棉花,17969.83,2701,16740.0,1229.0,6.84,现货价-主力期货价,OK,生意社期现基差表,https://www.100ppi.com/sf/day-2026-08-14.html
2026-08-17,CF,棉花,17919.83,2701,16730.0,1189.0,6.64,现货价-主力期货价,OK,生意社期现基差表,https://www.100ppi.com/sf/day-2026-08-17.html
2026-08-18,CF,棉花,17972.33,2701,16830.0,1142.0,6.35,现货价-主力期货价,OK,生意社期现基差表,https://www.100ppi.com/sf/day-2026-08-18.html
2026-08-19,CF,棉花,17964.17,2701,16975.0,989.0,5.51,现货价-主力期货价,OK,生意社期现基差表,https://www.100ppi.com/sf/day-2026-08-19.html
2026-08-20,CF,棉花,18041.17,2701,17035.0,1006.0,5.58,现货价-主力期货价,OK,生意社期现基差表,https://www.100ppi.com/sf/day-2026-08-20.html
2026-08-21,CF,棉花,18182.0,2701,17065.0,1117.0,6.14,现货价-主力期货价,OK,生意社期现基差表,https://www.100ppi.com/sf/day-2026-08-21.html
2026-08-24,CF,棉花,18252.67,2701,17035.0,1217.0,6.67,现货价-主力期货价,OK,生意社期现基差表,https://www.100ppi.com/sf/day-2026-08-24.html
2026-08-25,CF,棉花,18247.0,2701,16885.0,1362.0,7.46,现货价-主力期货价,OK,生意社期现基差表,https://www.100ppi.com/sf/day-2026-08-25.html
2026-08-26,CF,棉花,18198.83,2701,16910.0,1288.0,7.08,现货价-主力期货价,OK,生意社期现基差表,https://www.100ppi.com/sf/day-2026-08-26.html
2026-08-27,CF,棉花,18171.33,2701,17030.0,1141.0,6.28,现货价-主力期货价,OK,生意社期现基差表,https://www.100ppi.com/sf/day-2026-08-27.html
2026-07-17,CU,铜,104191.67,2609,103370.0,821.0,0.79,现货价-主力期货价,OK,生意社期现基差表,https://www.100ppi.com/sf/day-2026-07-17.html
2026-07-20,CU,铜,104633.33,2609,103790.0,843.0,0.81,现货价-主力期货价,OK,生意社期现基差表,https://www.100ppi.com/sf/day-2026-07-20.html
2026-07-21,CU,铜,105260.0,2609,105460.0,-200.0,-0.19,现货价-主力期货价,OK,生意社期现基差表,https://www.100ppi.com/sf/day-2026-07-21.html
2026-07-22,CU,铜,106676.67,2609,105820.0,856.0,0.8,现货价-主力期货价,OK,生意社期现基差表,https://www.100ppi.com/sf/day-2026-07-22.html
2026-07-23,CU,铜,106546.67,2609,105890.0,656.0,0.62,现货价-主力期货价,OK,生意社期现基差表,https://www.100ppi.com/sf/day-2026-07-23.html
2026-07-24,CU,铜,105261.67,2609,104750.0,511.0,0.49,现货价-主力期货价,OK,生意社期现基差表,https://www.100ppi.com/sf/day-2026-07-24.html
2026-07-27,CU,铜,105655.0,2609,105050.0,605.0,0.57,现货价-主力期货价,OK,生意社期现基差表,https://www.100ppi.com/sf/day-2026-07-27.html
2026-07-28,CU,铜,105323.33,2609,104810.0,513.0,0.49,现货价-主力期货价,OK,生意社期现基差表,https://www.100ppi.com/sf/day-2026-07-28.html
2026-07-29,CU,铜,105270.0,2609,104890.0,380.0,0.36,现货价-主力期货价,OK,生意社期现基差表,https://www.100ppi.com/sf/day-2026-07-29.html
2026-07-30,CU,铜,105646.67,2609,104690.0,956.0,0.9,现货价-主力期货价,OK,生意社期现基差表,https://www.100ppi.com/sf/day-2026-07-30.html
2026-07-31,CU,铜,106055.0,2609,105460.0,595.0,0.56,现货价-主力期货价,OK,生意社期现基差表,https://www.100ppi.com/sf/day-2026-07-31.html
2026-08-03,CU,铜,106143.33,2609,106120.0,23.0,0.02,现货价-主力期货价,OK,生意社期现基差表,https://www.100ppi.com/sf/day-2026-08-03.html
2026-08-04,CU,铜,106871.67,2609,106650.0,221.0,0.21,现货价-主力期货价,OK,生意社期现基差表,https://www.100ppi.com/sf/day-2026-08-04.html
2026-08-05,CU,铜,107231.67,2609,107340.0,-108.0,-0.1,现货价-主力期货价,OK,生意社期现基差表,https://www.100ppi.com/sf/day-2026-08-05.html
2026-08-06,CU,铜,108231.67,2609,107330.0,901.0,0.83,现货价-主力期货价,OK,生意社期现基差表,https://www.100ppi.com/sf/day-2026-08-06.html
2026-08-07,CU,铜,108580.0,2609,108400.0,180.0,0.17,现货价-主力期货价,OK,生意社期现基差表,https://www.100ppi.com/sf/day-2026-08-07.html
2026-08-10,CU,铜,108011.67,2609,107850.0,161.0,0.15,现货价-主力期货价,OK,生意社期现基差表,https://www.100ppi.com/sf/day-2026-08-10.html
2026-08-11,CU,铜,108648.33,2609,107950.0,698.0,0.64,现货价-主力期货价,OK,生意社期现基差表,https://www.100ppi.com/sf/day-2026-08-11.html
2026-08-12,CU,铜,108535.0,2609,108390.0,145.0,0.13,现货价-主力期货价,OK,生意社期现基差表,https://www.100ppi.com/sf/day-2026-08-12.html
2026-08-13,CU,铜,108216.67,2609,107410.0,806.0,0.74,现货价-主力期货价,OK,生意社期现基差表,https://www.100ppi.com/sf/day-2026-08-13.html
2026-08-14,CU,铜,108103.33,2609,107690.0,413.0,0.38,现货价-主力期货价,OK,生意社期现基差表,https://www.100ppi.com/sf/day-2026-08-14.html
2026-08-17,CU,铜,109863.33,2609,109540.0,323.0,0.29,现货价-主力期货价,OK,生意社期现基差表,https://www.100ppi.com/sf/day-2026-08-17.html
2026-08-18,CU,铜,108161.67,2609,107930.0,231.0,0.21,现货价-主力期货价,OK,生意社期现基差表,https://www.100ppi.com/sf/day-2026-08-18.html
2026-08-19,CU,铜,107251.67,2609,106850.0,401.0,0.37,现货价-主力期货价,OK,生意社期现基差表,https://www.100ppi.com/sf/day-2026-08-19.html
2026-08-20,CU,铜,107535.0,2610,106860.0,675.0,0.63,现货价-主力期货价,OK,生意社期现基差表,https://www.100ppi.com/sf/day-2026-08-20.html
2026-08-21,CU,铜,107893.33,2610,107520.0,373.0,0.35,现货价-主力期货价,OK,生意社期现基差表,https://www.100ppi.com/sf/day-2026-08-21.html
2026-08-24,CU,铜,108075.0,2610,107910.0,165.0,0.15,现货价-主力期货价,OK,生意社期现基差表,https://www.100ppi.com/sf/day-2026-08-24.html
2026-08-25,CU,铜,108496.67,2610,107980.0,516.0,0.48,现货价-主力期货价,OK,生意社期现基差表,https://www.100ppi.com/sf/day-2026-08-25.html
2026-08-26,CU,铜,109555.0,2610,108750.0,805.0,0.73,现货价-主力期货价,OK,生意社期现基差表,https://www.100ppi.com/sf/day-2026-08-26.html
2026-08-27,CU,铜,109436.67,2610,108300.0,1136.0,1.04,现货价-主力期货价,OK,生意社期现基差表,https://www.100ppi.com/sf/day-2026-08-27.html
2026-07-17,CY,棉纱,24725.0,2609,22230.0,2495.0,10.09,现货价-主力期货价,OK,生意社期现基差表,https://www.100ppi.com/sf/day-2026-07-17.html
2026-07-20,CY,棉纱,24725.0,2609,22315.0,2410.0,9.75,现货价-主力期货价,OK,生意社期现基差表,https://www.100ppi.com/sf/day-2026-07-20.html
2026-07-21,CY,棉纱,24725.0,2609,22320.0,2405.0,9.73,现货价-主力期货价,OK,生意社期现基差表,https://www.100ppi.com/sf/day-2026-07-21.html
2026-07-22,CY,棉纱,24725.0,2609,22395.0,2330.0,9.42,现货价-主力期货价,OK,生意社期现基差表,https://www.100ppi.com/sf/day-2026-07-22.html
2026-07-23,CY,棉纱,24725.0,2609,22550.0,2175.0,8.8,现货价-主力期货价,OK,生意社期现基差表,https://www.100ppi.com/sf/day-2026-07-23.html
2026-07-24,CY,棉纱,24725.0,2609,22540.0,2185.0,8.84,现货价-主力期货价,OK,生意社期现基差表,https://www.100ppi.com/sf/day-2026-07-24.html
2026-07-27,CY,棉纱,24725.0,2609,22455.0,2270.0,9.18,现货价-主力期货价,OK,生意社期现基差表,https://www.100ppi.com/sf/day-2026-07-27.html
2026-07-28,CY,棉纱,24675.0,2609,22265.0,2410.0,9.77,现货价-主力期货价,OK,生意社期现基差表,https://www.100ppi.com/sf/day-2026-07-28.html
2026-07-29,CY,棉纱,24675.0,2609,22310.0,2365.0,9.58,现货价-主力期货价,OK,生意社期现基差表,https://www.100ppi.com/sf/day-2026-07-29.html
2026-07-30,CY,棉纱,24675.0,2609,22200.0,2475.0,10.03,现货价-主力期货价,OK,生意社期现基差表,https://www.100ppi.com/sf/day-2026-07-30.html
2026-07-31,CY,棉纱,24675.0,2609,22235.0,2440.0,9.89,现货价-主力期货价,OK,生意社期现基差表,https://www.100ppi.com/sf/day-2026-07-31.html
2026-08-03,CY,棉纱,24675.0,2611,22155.0,2520.0,10.21,现货价-主力期货价,OK,生意社期现基差表,https://www.100ppi.com/sf/day-2026-08-03.html
2026-08-04,CY,棉纱,24675.0,2611,22350.0,2325.0,9.42,现货价-主力期货价,OK,生意社期现基差表,https://www.100ppi.com/sf/day-2026-08-04.html
2026-08-05,CY,棉纱,24675.0,2611,22555.0,2120.0,8.59,现货价-主力期货价,OK,生意社期现基差表,https://www.100ppi.com/sf/day-2026-08-05.html
2026-08-06,CY,棉纱,24675.0,2611,22625.0,2050.0,8.31,现货价-主力期货价,OK,生意社期现基差表,https://www.100ppi.com/sf/day-2026-08-06.html
2026-08-07,CY,棉纱,24675.0,2611,22670.0,2005.0,8.13,现货价-主力期货价,OK,生意社期现基差表,https://www.100ppi.com/sf/day-2026-08-07.html
2026-08-10,CY,棉纱,24675.0,2611,22645.0,2030.0,8.23,现货价-主力期货价,OK,生意社期现基差表,https://www.100ppi.com/sf/day-2026-08-10.html
2026-08-11,CY,棉纱,24775.0,2611,22680.0,2095.0,8.46,现货价-主力期货价,OK,生意社期现基差表,https://www.100ppi.com/sf/day-2026-08-11.html
2026-08-12,CY,棉纱,24775.0,2611,22935.0,1840.0,7.43,现货价-主力期货价,OK,生意社期现基差表,https://www.100ppi.com/sf/day-2026-08-12.html
2026-08-13,CY,棉纱,24775.0,2611,22635.0,2140.0,8.64,现货价-主力期货价,OK,生意社期现基差表,https://www.100ppi.com/sf/day-2026-08-13.html
2026-08-14,CY,棉纱,24775.0,2611,22730.0,2045.0,8.25,现货价-主力期货价,OK,生意社期现基差表,https://www.100ppi.com/sf/day-2026-08-14.html
2026-08-17,CY,棉纱,24775.0,2611,22750.0,2025.0,8.17,现货价-主力期货价,OK,生意社期现基差表,https://www.100ppi.com/sf/day-2026-08-17.html
2026-08-18,CY,棉纱,24775.0,2611,22905.0,1870.0,7.55,现货价-主力期货价,OK,生意社期现基差表,https://www.100ppi.com/sf/day-2026-08-18.html
2026-08-19,CY,棉纱,24825.0,2611,22970.0,1855.0,7.47,现货价-主力期货价,OK,生意社期现基差表,https://www.100ppi.com/sf/day-2026-08-19.html
2026-08-20,CY,棉纱,24825.0,2611,23000.0,1825.0,7.35,现货价-主力期货价,OK,生意社期现基差表,https://www.100ppi.com/sf/day-2026-08-20.html
2026-08-21,CY,棉纱,24875.0,2611,23150.0,1725.0,6.93,现货价-主力期货价,OK,生意社期现基差表,https://www.100ppi.com/sf/day-2026-08-21.html
2026-08-24,CY,棉纱,24875.0,2611,23070.0,1805.0,7.26,现货价-主力期货价,OK,生意社期现基差表,https://www.100ppi.com/sf/day-2026-08-24.html
2026-08-25,CY,棉纱,24875.0,2611,22925.0,1950.0,7.84,现货价-主力期货价,OK,生意社期现基差表,https://www.100ppi.com/sf/day-2026-08-25.html
2026-08-26,CY,棉纱,24875.0,2611,22915.0,1960.0,7.88,现货价-主力期货价,OK,生意社期现基差表,https://www.100ppi.com/sf/day-2026-08-26.html
2026-08-27,CY,棉纱,24875.0,2611,23050.0,1825.0,7.34,现货价-主力期货价,OK,生意社期现基差表,https://www.100ppi.com/sf/day-2026-08-27.html
2026-07-17,EB,苯乙烯,8710.0,2609,8475.0,235.0,2.7,现货价-主力期货价,OK,生意社期现基差表,https://www.100ppi.com/sf/day-2026-07-17.html
2026-07-20,EB,苯乙烯,9080.0,2609,8966.0,114.0,1.26,现货价-主力期货价,OK,生意社期现基差表,https://www.100ppi.com/sf/day-2026-07-20.html
2026-07-21,EB,苯乙烯,9080.0,2609,8665.0,415.0,4.57,现货价-主力期货价,OK,生意社期现基差表,https://www.100ppi.com/sf/day-2026-07-21.html
2026-07-22,EB,苯乙烯,9066.0,2609,8738.0,328.0,3.62,现货价-主力期货价,OK,生意社期现基差表,https://www.100ppi.com/sf/day-2026-07-22.html
2026-07-23,EB,苯乙烯,9066.0,2609,8944.0,122.0,1.35,现货价-主力期货价,OK,生意社期现基差表,https://www.100ppi.com/sf/day-2026-07-23.html
2026-07-24,EB,苯乙烯,9066.0,2609,8850.0,216.0,2.38,现货价-主力期货价,OK,生意社期现基差表,https://www.100ppi.com/sf/day-2026-07-24.html
2026-07-27,EB,苯乙烯,9064.0,2609,8388.0,676.0,7.46,现货价-主力期货价,OK,生意社期现基差表,https://www.100ppi.com/sf/day-2026-07-27.html
2026-07-28,EB,苯乙烯,8670.0,2609,8331.0,339.0,3.91,现货价-主力期货价,OK,生意社期现基差表,https://www.100ppi.com/sf/day-2026-07-28.html
2026-07-29,EB,苯乙烯,8640.0,2609,8501.0,139.0,1.61,现货价-主力期货价,OK,生意社期现基差表,https://www.100ppi.com/sf/day-2026-07-29.html
2026-07-30,EB,苯乙烯,8640.0,2609,8618.0,22.0,0.25,现货价-主力期货价,OK,生意社期现基差表,https://www.100ppi.com/sf/day-2026-07-30.html
2026-07-31,EB,苯乙烯,8690.0,2609,8385.0,305.0,3.51,现货价-主力期货价,OK,生意社期现基差表,https://www.100ppi.com/sf/day-2026-07-31.html
2026-08-03,EB,苯乙烯,8620.0,2609,8359.0,261.0,3.03,现货价-主力期货价,OK,生意社期现基差表,https://www.100ppi.com/sf/day-2026-08-03.html
2026-08-04,EB,苯乙烯,8620.0,2609,8448.0,172.0,2.0,现货价-主力期货价,OK,生意社期现基差表,https://www.100ppi.com/sf/day-2026-08-04.html
2026-08-05,EB,苯乙烯,8700.0,2609,8057.0,643.0,7.39,现货价-主力期货价,OK,生意社期现基差表,https://www.100ppi.com/sf/day-2026-08-05.html
2026-08-06,EB,苯乙烯,8380.0,2609,8133.0,247.0,2.95,现货价-主力期货价,OK,生意社期现基差表,https://www.100ppi.com/sf/day-2026-08-06.html
2026-08-07,EB,苯乙烯,8350.0,2610,8094.0,256.0,3.07,现货价-主力期货价,OK,生意社期现基差表,https://www.100ppi.com/sf/day-2026-08-07.html
2026-08-10,EB,苯乙烯,8620.0,2610,8115.0,505.0,5.86,现货价-主力期货价,OK,生意社期现基差表,https://www.100ppi.com/sf/day-2026-08-10.html
2026-08-11,EB,苯乙烯,8640.0,2610,8298.0,342.0,3.96,现货价-主力期货价,OK,生意社期现基差表,https://www.100ppi.com/sf/day-2026-08-11.html
2026-08-12,EB,苯乙烯,8650.0,2610,8208.0,442.0,5.11,现货价-主力期货价,OK,生意社期现基差表,https://www.100ppi.com/sf/day-2026-08-12.html
2026-08-13,EB,苯乙烯,8650.0,2610,8267.0,383.0,4.43,现货价-主力期货价,OK,生意社期现基差表,https://www.100ppi.com/sf/day-2026-08-13.html
2026-08-14,EB,苯乙烯,8640.0,2610,8393.0,247.0,2.86,现货价-主力期货价,OK,生意社期现基差表,https://www.100ppi.com/sf/day-2026-08-14.html
2026-08-17,EB,苯乙烯,8830.0,2610,8545.0,285.0,3.23,现货价-主力期货价,OK,生意社期现基差表,https://www.100ppi.com/sf/day-2026-08-17.html
2026-08-18,EB,苯乙烯,8848.0,2610,8630.0,218.0,2.46,现货价-主力期货价,OK,生意社期现基差表,https://www.100ppi.com/sf/day-2026-08-18.html
2026-08-19,EB,苯乙烯,8848.0,2610,8681.0,167.0,1.89,现货价-主力期货价,OK,生意社期现基差表,https://www.100ppi.com/sf/day-2026-08-19.html
2026-08-20,EB,苯乙烯,8960.0,2610,8703.0,257.0,2.87,现货价-主力期货价,OK,生意社期现基差表,https://www.100ppi.com/sf/day-2026-08-20.html
2026-08-21,EB,苯乙烯,8970.0,2610,8768.0,202.0,2.25,现货价-主力期货价,OK,生意社期现基差表,https://www.100ppi.com/sf/day-2026-08-21.html
2026-08-24,EB,苯乙烯,8970.0,2610,8760.0,210.0,2.34,现货价-主力期货价,OK,生意社期现基差表,https://www.100ppi.com/sf/day-2026-08-24.html
2026-08-25,EB,苯乙烯,9130.0,2610,8888.0,242.0,2.65,现货价-主力期货价,OK,生意社期现基差表,https://www.100ppi.com/sf/day-2026-08-25.html
2026-08-26,EB,苯乙烯,9304.0,2610,8528.0,776.0,8.34,现货价-主力期货价,OK,生意社期现基差表,https://www.100ppi.com/sf/day-2026-08-26.html
2026-08-27,EB,苯乙烯,9040.0,2610,8539.0,501.0,5.54,现货价-主力期货价,OK,生意社期现基差表,https://www.100ppi.com/sf/day-2026-08-27.html
2026-07-17,EG,乙二醇,4656.67,2609,4613.0,43.0,0.92,现货价-主力期货价,OK,生意社期现基差表,https://www.100ppi.com/sf/day-2026-07-17.html
2026-07-20,EG,乙二醇,4758.33,2609,4785.0,-26.0,-0.55,现货价-主力期货价,OK,生意社期现基差表,https://www.100ppi.com/sf/day-2026-07-20.html
2026-07-21,EG,乙二醇,4835.0,2609,4705.0,130.0,2.69,现货价-主力期货价,OK,生意社期现基差表,https://www.100ppi.com/sf/day-2026-07-21.html
2026-07-22,EG,乙二醇,4831.67,2609,4776.0,55.0,1.14,现货价-主力期货价,OK,生意社期现基差表,https://www.100ppi.com/sf/day-2026-07-22.html
2026-07-23,EG,乙二醇,4831.67,2609,4867.0,-35.0,-0.72,现货价-主力期货价,OK,生意社期现基差表,https://www.100ppi.com/sf/day-2026-07-23.html
2026-07-24,EG,乙二醇,4906.67,2609,4956.0,-49.0,-1.0,现货价-主力期货价,OK,生意社期现基差表,https://www.100ppi.com/sf/day-2026-07-24.html
2026-07-27,EG,乙二醇,4906.67,2609,4781.0,125.0,2.55,现货价-主力期货价,OK,生意社期现基差表,https://www.100ppi.com/sf/day-2026-07-27.html
2026-07-28,EG,乙二醇,4898.33,2609,4817.0,81.0,1.65,现货价-主力期货价,OK,生意社期现基差表,https://www.100ppi.com/sf/day-2026-07-28.html
2026-07-29,EG,乙二醇,4918.33,2609,4936.0,-17.0,-0.35,现货价-主力期货价,OK,生意社期现基差表,https://www.100ppi.com/sf/day-2026-07-29.html
2026-07-30,EG,乙二醇,5010.0,2609,5119.0,-109.0,-2.18,现货价-主力期货价,OK,生意社期现基差表,https://www.100ppi.com/sf/day-2026-07-30.html
2026-07-31,EG,乙二醇,5021.67,2609,5002.0,19.0,0.38,现货价-主力期货价,OK,生意社期现基差表,https://www.100ppi.com/sf/day-2026-07-31.html
2026-08-03,EG,乙二醇,5165.0,2609,4924.0,241.0,4.67,现货价-主力期货价,OK,生意社期现基差表,https://www.100ppi.com/sf/day-2026-08-03.html
2026-08-04,EG,乙二醇,5195.0,2609,4831.0,364.0,7.01,现货价-主力期货价,OK,生意社期现基差表,https://www.100ppi.com/sf/day-2026-08-04.html
2026-08-05,EG,乙二醇,5123.33,2609,4609.0,514.0,10.03,现货价-主力期货价,OK,生意社期现基差表,https://www.100ppi.com/sf/day-2026-08-05.html
2026-08-06,EG,乙二醇,5116.67,2609,4639.0,477.0,9.32,现货价-主力期货价,OK,生意社期现基差表,https://www.100ppi.com/sf/day-2026-08-06.html
2026-08-07,EG,乙二醇,5046.67,2609,4817.0,229.0,4.54,现货价-主力期货价,OK,生意社期现基差表,https://www.100ppi.com/sf/day-2026-08-07.html
2026-08-10,EG,乙二醇,5066.67,2609,4787.0,279.0,5.51,现货价-主力期货价,OK,生意社期现基差表,https://www.100ppi.com/sf/day-2026-08-10.html
2026-08-11,EG,乙二醇,5036.67,2609,4905.0,131.0,2.6,现货价-主力期货价,OK,生意社期现基差表,https://www.100ppi.com/sf/day-2026-08-11.html
2026-08-12,EG,乙二醇,5120.0,2609,4908.0,212.0,4.14,现货价-主力期货价,OK,生意社期现基差表,https://www.100ppi.com/sf/day-2026-08-12.html
2026-08-13,EG,乙二醇,5100.0,2609,4862.0,238.0,4.67,现货价-主力期货价,OK,生意社期现基差表,https://www.100ppi.com/sf/day-2026-08-13.html
2026-08-14,EG,乙二醇,5091.67,2609,4950.0,141.0,2.77,现货价-主力期货价,OK,生意社期现基差表,https://www.100ppi.com/sf/day-2026-08-14.html
2026-08-17,EG,乙二醇,5116.67,2609,5171.0,-54.0,-1.06,现货价-主力期货价,OK,生意社期现基差表,https://www.100ppi.com/sf/day-2026-08-17.html
2026-08-18,EG,乙二醇,5233.33,2609,5275.0,-41.0,-0.78,现货价-主力期货价,OK,生意社期现基差表,https://www.100ppi.com/sf/day-2026-08-18.html
2026-08-19,EG,乙二醇,5233.33,2609,5311.0,-77.0,-1.47,现货价-主力期货价,OK,生意社期现基差表,https://www.100ppi.com/sf/day-2026-08-19.html
2026-08-20,EG,乙二醇,5341.67,2610,5071.0,270.0,5.05,现货价-主力期货价,OK,生意社期现基差表,https://www.100ppi.com/sf/day-2026-08-20.html
2026-08-21,EG,乙二醇,5341.67,2610,5202.0,139.0,2.6,现货价-主力期货价,OK,生意社期现基差表,https://www.100ppi.com/sf/day-2026-08-21.html
2026-08-24,EG,乙二醇,5508.33,2610,5404.0,104.0,1.89,现货价-主力期货价,OK,生意社期现基差表,https://www.100ppi.com/sf/day-2026-08-24.html
2026-08-25,EG,乙二醇,5683.33,2610,5364.0,319.0,5.61,现货价-主力期货价,OK,生意社期现基差表,https://www.100ppi.com/sf/day-2026-08-25.html
2026-08-26,EG,乙二醇,5625.0,2610,5168.0,457.0,8.12,现货价-主力期货价,OK,生意社期现基差表,https://www.100ppi.com/sf/day-2026-08-26.html
2026-08-27,EG,乙二醇,5628.33,2610,5028.0,600.0,10.66,现货价-主力期货价,OK,生意社期现基差表,https://www.100ppi.com/sf/day-2026-08-27.html
2026-07-17,FG,玻璃,12.68,2609,900.0,114.0,11.24,现货价-主力期货价,OK,生意社期现基差表,https://www.100ppi.com/sf/day-2026-07-17.html
2026-07-20,FG,玻璃,12.68,2609,890.0,124.0,12.22,现货价-主力期货价,OK,生意社期现基差表,https://www.100ppi.com/sf/day-2026-07-20.html
2026-07-21,FG,玻璃,12.68,2609,904.0,110.0,10.84,现货价-主力期货价,OK,生意社期现基差表,https://www.100ppi.com/sf/day-2026-07-21.html
2026-07-22,FG,玻璃,12.68,2609,913.0,101.0,9.96,现货价-主力期货价,OK,生意社期现基差表,https://www.100ppi.com/sf/day-2026-07-22.html
2026-07-23,FG,玻璃,12.68,2609,899.0,115.0,11.34,现货价-主力期货价,OK,生意社期现基差表,https://www.100ppi.com/sf/day-2026-07-23.html
2026-07-24,FG,玻璃,12.63,2609,908.0,102.0,10.1,现货价-主力期货价,OK,生意社期现基差表,https://www.100ppi.com/sf/day-2026-07-24.html
2026-07-27,FG,玻璃,12.63,2609,900.0,110.0,10.89,现货价-主力期货价,OK,生意社期现基差表,https://www.100ppi.com/sf/day-2026-07-27.html
2026-07-28,FG,玻璃,12.63,2609,888.0,122.0,12.07,现货价-主力期货价,OK,生意社期现基差表,https://www.100ppi.com/sf/day-2026-07-28.html
2026-07-29,FG,玻璃,12.38,2609,884.0,106.0,10.7,现货价-主力期货价,OK,生意社期现基差表,https://www.100ppi.com/sf/day-2026-07-29.html
2026-07-30,FG,玻璃,12.38,2609,870.0,120.0,12.12,现货价-主力期货价,OK,生意社期现基差表,https://www.100ppi.com/sf/day-2026-07-30.html
2026-07-31,FG,玻璃,12.38,2609,875.0,115.0,11.61,现货价-主力期货价,OK,生意社期现基差表,https://www.100ppi.com/sf/day-2026-07-31.html
2026-08-03,FG,玻璃,12.33,2609,868.0,118.0,11.96,现货价-主力期货价,OK,生意社期现基差表,https://www.100ppi.com/sf/day-2026-08-03.html
2026-08-04,FG,玻璃,12.33,2609,885.0,101.0,10.24,现货价-主力期货价,OK,生意社期现基差表,https://www.100ppi.com/sf/day-2026-08-04.html
2026-08-05,FG,玻璃,12.15,2609,885.0,87.0,8.95,现货价-主力期货价,OK,生意社期现基差表,https://www.100ppi.com/sf/day-2026-08-05.html
2026-08-06,FG,玻璃,12.15,2609,891.0,81.0,8.33,现货价-主力期货价,OK,生意社期现基差表,https://www.100ppi.com/sf/day-2026-08-06.html
2026-08-07,FG,玻璃,12.15,2609,885.0,87.0,8.95,现货价-主力期货价,OK,生意社期现基差表,https://www.100ppi.com/sf/day-2026-08-07.html
2026-08-10,FG,玻璃,12.13,2609,889.0,81.0,8.35,现货价-主力期货价,OK,生意社期现基差表,https://www.100ppi.com/sf/day-2026-08-10.html
2026-08-11,FG,玻璃,12.13,2609,901.0,69.0,7.11,现货价-主力期货价,OK,生意社期现基差表,https://www.100ppi.com/sf/day-2026-08-11.html
2026-08-12,FG,玻璃,12.1,2609,878.0,89.0,9.19,现货价-主力期货价,OK,生意社期现基差表,https://www.100ppi.com/sf/day-2026-08-12.html
2026-08-13,FG,玻璃,12.1,2609,871.0,96.0,9.92,现货价-主力期货价,OK,生意社期现基差表,https://www.100ppi.com/sf/day-2026-08-13.html
2026-08-14,FG,玻璃,12.1,2701,928.0,39.0,4.03,现货价-主力期货价,OK,生意社期现基差表,https://www.100ppi.com/sf/day-2026-08-14.html
2026-08-17,FG,玻璃,12.1,2701,923.0,44.0,4.55,现货价-主力期货价,OK,生意社期现基差表,https://www.100ppi.com/sf/day-2026-08-17.html
2026-08-18,FG,玻璃,12.1,2701,917.0,50.0,5.17,现货价-主力期货价,OK,生意社期现基差表,https://www.100ppi.com/sf/day-2026-08-18.html
2026-08-19,FG,玻璃,12.1,2701,902.0,65.0,6.71,现货价-主力期货价,OK,生意社期现基差表,https://www.100ppi.com/sf/day-2026-08-19.html
2026-08-20,FG,玻璃,12.1,2701,917.0,50.0,5.17,现货价-主力期货价,OK,生意社期现基差表,https://www.100ppi.com/sf/day-2026-08-20.html
2026-08-21,FG,玻璃,12.1,2701,907.0,60.0,6.2,现货价-主力期货价,OK,生意社期现基差表,https://www.100ppi.com/sf/day-2026-08-21.html
2026-08-24,FG,玻璃,12.1,2701,922.0,45.0,4.65,现货价-主力期货价,OK,生意社期现基差表,https://www.100ppi.com/sf/day-2026-08-24.html
2026-08-25,FG,玻璃,12.0,2701,913.0,47.0,4.9,现货价-主力期货价,OK,生意社期现基差表,https://www.100ppi.com/sf/day-2026-08-25.html
2026-08-26,FG,玻璃,11.95,2701,898.0,57.0,5.96,现货价-主力期货价,OK,生意社期现基差表,https://www.100ppi.com/sf/day-2026-08-26.html
2026-08-27,FG,玻璃,11.95,2701,909.0,46.0,4.81,现货价-主力期货价,OK,生意社期现基差表,https://www.100ppi.com/sf/day-2026-08-27.html
2026-07-17,FU,燃料油,6062.5,2609,3565.0,2497.0,41.19,现货价-主力期货价,OK,生意社期现基差表,https://www.100ppi.com/sf/day-2026-07-17.html
2026-07-20,FU,燃料油,6187.5,2609,3775.0,2412.0,38.98,现货价-主力期货价,OK,生意社期现基差表,https://www.100ppi.com/sf/day-2026-07-20.html
2026-07-21,FU,燃料油,6225.0,2609,3628.0,2597.0,41.72,现货价-主力期货价,OK,生意社期现基差表,https://www.100ppi.com/sf/day-2026-07-21.html
2026-07-22,FU,燃料油,6200.0,2609,3794.0,2406.0,38.81,现货价-主力期货价,OK,生意社期现基差表,https://www.100ppi.com/sf/day-2026-07-22.html
2026-07-23,FU,燃料油,6175.0,2609,3896.0,2279.0,36.91,现货价-主力期货价,OK,生意社期现基差表,https://www.100ppi.com/sf/day-2026-07-23.html
2026-07-24,FU,燃料油,6250.0,2609,3879.0,2371.0,37.94,现货价-主力期货价,OK,生意社期现基差表,https://www.100ppi.com/sf/day-2026-07-24.html
2026-07-27,FU,燃料油,6250.0,2609,3604.0,2646.0,42.34,现货价-主力期货价,OK,生意社期现基差表,https://www.100ppi.com/sf/day-2026-07-27.html
2026-07-28,FU,燃料油,6250.0,2609,3503.0,2747.0,43.95,现货价-主力期货价,OK,生意社期现基差表,https://www.100ppi.com/sf/day-2026-07-28.html
2026-07-29,FU,燃料油,6262.5,2609,3586.0,2676.0,42.73,现货价-主力期货价,OK,生意社期现基差表,https://www.100ppi.com/sf/day-2026-07-29.html
2026-07-30,FU,燃料油,6262.5,2609,3711.0,2551.0,40.73,现货价-主力期货价,OK,生意社期现基差表,https://www.100ppi.com/sf/day-2026-07-30.html
2026-07-31,FU,燃料油,6262.5,2609,3530.0,2732.0,43.62,现货价-主力期货价,OK,生意社期现基差表,https://www.100ppi.com/sf/day-2026-07-31.html
2026-08-03,FU,燃料油,6237.5,2609,3397.0,2840.0,45.53,现货价-主力期货价,OK,生意社期现基差表,https://www.100ppi.com/sf/day-2026-08-03.html
2026-08-04,FU,燃料油,6237.5,2609,3471.0,2766.0,44.34,现货价-主力期货价,OK,生意社期现基差表,https://www.100ppi.com/sf/day-2026-08-04.html
2026-08-05,FU,燃料油,6275.0,2611,3176.0,3099.0,49.39,现货价-主力期货价,OK,生意社期现基差表,https://www.100ppi.com/sf/day-2026-08-05.html
2026-08-06,FU,燃料油,6225.0,2611,3242.0,2983.0,47.92,现货价-主力期货价,OK,生意社期现基差表,https://www.100ppi.com/sf/day-2026-08-06.html
2026-08-07,FU,燃料油,6200.0,2611,3317.0,2883.0,46.5,现货价-主力期货价,OK,生意社期现基差表,https://www.100ppi.com/sf/day-2026-08-07.html
2026-08-10,FU,燃料油,6187.5,2611,3316.0,2871.0,46.4,现货价-主力期货价,OK,生意社期现基差表,https://www.100ppi.com/sf/day-2026-08-10.html
2026-08-11,FU,燃料油,6212.5,2611,3500.0,2712.0,43.65,现货价-主力期货价,OK,生意社期现基差表,https://www.100ppi.com/sf/day-2026-08-11.html
2026-08-12,FU,燃料油,6225.0,2611,3505.0,2720.0,43.69,现货价-主力期货价,OK,生意社期现基差表,https://www.100ppi.com/sf/day-2026-08-12.html
2026-08-13,FU,燃料油,6225.0,2611,3503.0,2722.0,43.73,现货价-主力期货价,OK,生意社期现基差表,https://www.100ppi.com/sf/day-2026-08-13.html
2026-08-14,FU,燃料油,6250.0,2611,3585.0,2665.0,42.64,现货价-主力期货价,OK,生意社期现基差表,https://www.100ppi.com/sf/day-2026-08-14.html
2026-08-17,FU,燃料油,6250.0,2611,3604.0,2646.0,42.34,现货价-主力期货价,OK,生意社期现基差表,https://www.100ppi.com/sf/day-2026-08-17.html
2026-08-18,FU,燃料油,6287.5,2611,3749.0,2538.0,40.37,现货价-主力期货价,OK,生意社期现基差表,https://www.100ppi.com/sf/day-2026-08-18.html
2026-08-19,FU,燃料油,6287.5,2611,3825.0,2462.0,39.16,现货价-主力期货价,OK,生意社期现基差表,https://www.100ppi.com/sf/day-2026-08-19.html
2026-08-20,FU,燃料油,6337.5,2611,3779.0,2558.0,40.36,现货价-主力期货价,OK,生意社期现基差表,https://www.100ppi.com/sf/day-2026-08-20.html
2026-08-21,FU,燃料油,6350.0,2611,3845.0,2505.0,39.45,现货价-主力期货价,OK,生意社期现基差表,https://www.100ppi.com/sf/day-2026-08-21.html
2026-08-24,FU,燃料油,6350.0,2611,3829.0,2521.0,39.7,现货价-主力期货价,OK,生意社期现基差表,https://www.100ppi.com/sf/day-2026-08-24.html
2026-08-25,FU,燃料油,6350.0,2611,3842.0,2508.0,39.5,现货价-主力期货价,OK,生意社期现基差表,https://www.100ppi.com/sf/day-2026-08-25.html
2026-08-26,FU,燃料油,6387.5,2611,3622.0,2765.0,43.29,现货价-主力期货价,OK,生意社期现基差表,https://www.100ppi.com/sf/day-2026-08-26.html
2026-08-27,FU,燃料油,6387.5,2611,3675.0,2712.0,42.46,现货价-主力期货价,OK,生意社期现基差表,https://www.100ppi.com/sf/day-2026-08-27.html
2026-07-17,HC,热轧卷板,3328.0,2610,3318.0,10.0,0.3,现货价-主力期货价,OK,生意社期现基差表,https://www.100ppi.com/sf/day-2026-07-17.html
2026-07-20,HC,热轧卷板,3326.0,2610,3298.0,28.0,0.84,现货价-主力期货价,OK,生意社期现基差表,https://www.100ppi.com/sf/day-2026-07-20.html
2026-07-21,HC,热轧卷板,3312.0,2610,3297.0,15.0,0.45,现货价-主力期货价,OK,生意社期现基差表,https://www.100ppi.com/sf/day-2026-07-21.html
2026-07-22,HC,热轧卷板,3302.0,2610,3282.0,20.0,0.61,现货价-主力期货价,OK,生意社期现基差表,https://www.100ppi.com/sf/day-2026-07-22.html
2026-07-23,HC,热轧卷板,3310.0,2610,3291.0,19.0,0.57,现货价-主力期货价,OK,生意社期现基差表,https://www.100ppi.com/sf/day-2026-07-23.html
2026-07-24,HC,热轧卷板,3296.0,2610,3289.0,7.0,0.21,现货价-主力期货价,OK,生意社期现基差表,https://www.100ppi.com/sf/day-2026-07-24.html
2026-07-27,HC,热轧卷板,3314.0,2610,3294.0,20.0,0.6,现货价-主力期货价,OK,生意社期现基差表,https://www.100ppi.com/sf/day-2026-07-27.html
2026-07-28,HC,热轧卷板,3294.0,2610,3281.0,13.0,0.39,现货价-主力期货价,OK,生意社期现基差表,https://www.100ppi.com/sf/day-2026-07-28.html
2026-07-29,HC,热轧卷板,3304.0,2610,3286.0,18.0,0.54,现货价-主力期货价,OK,生意社期现基差表,https://www.100ppi.com/sf/day-2026-07-29.html
2026-07-30,HC,热轧卷板,3268.0,2610,3240.0,28.0,0.86,现货价-主力期货价,OK,生意社期现基差表,https://www.100ppi.com/sf/day-2026-07-30.html
2026-07-31,HC,热轧卷板,3256.0,2610,3220.0,36.0,1.11,现货价-主力期货价,OK,生意社期现基差表,https://www.100ppi.com/sf/day-2026-07-31.html
2026-08-03,HC,热轧卷板,3262.0,2610,3197.0,65.0,1.99,现货价-主力期货价,OK,生意社期现基差表,https://www.100ppi.com/sf/day-2026-08-03.html
2026-08-04,HC,热轧卷板,3260.0,2610,3201.0,59.0,1.81,现货价-主力期货价,OK,生意社期现基差表,https://www.100ppi.com/sf/day-2026-08-04.html
2026-08-05,HC,热轧卷板,3220.0,2610,3207.0,13.0,0.4,现货价-主力期货价,OK,生意社期现基差表,https://www.100ppi.com/sf/day-2026-08-05.html
2026-08-06,HC,热轧卷板,3230.0,2610,3236.0,-6.0,-0.19,现货价-主力期货价,OK,生意社期现基差表,https://www.100ppi.com/sf/day-2026-08-06.html
2026-08-07,HC,热轧卷板,3252.0,2610,3243.0,9.0,0.28,现货价-主力期货价,OK,生意社期现基差表,https://www.100ppi.com/sf/day-2026-08-07.html
2026-08-10,HC,热轧卷板,3248.0,2610,3235.0,13.0,0.4,现货价-主力期货价,OK,生意社期现基差表,https://www.100ppi.com/sf/day-2026-08-10.html
2026-08-11,HC,热轧卷板,3250.0,2610,3244.0,6.0,0.18,现货价-主力期货价,OK,生意社期现基差表,https://www.100ppi.com/sf/day-2026-08-11.html
2026-08-12,HC,热轧卷板,3254.0,2610,3239.0,15.0,0.46,现货价-主力期货价,OK,生意社期现基差表,https://www.100ppi.com/sf/day-2026-08-12.html
2026-08-13,HC,热轧卷板,3250.0,2610,3233.0,17.0,0.52,现货价-主力期货价,OK,生意社期现基差表,https://www.100ppi.com/sf/day-2026-08-13.html
2026-08-14,HC,热轧卷板,3268.0,2610,3260.0,8.0,0.24,现货价-主力期货价,OK,生意社期现基差表,https://www.100ppi.com/sf/day-2026-08-14.html
2026-08-17,HC,热轧卷板,3286.0,2610,3271.0,15.0,0.46,现货价-主力期货价,OK,生意社期现基差表,https://www.100ppi.com/sf/day-2026-08-17.html
2026-08-18,HC,热轧卷板,3286.0,2610,3281.0,5.0,0.15,现货价-主力期货价,OK,生意社期现基差表,https://www.100ppi.com/sf/day-2026-08-18.html
2026-08-19,HC,热轧卷板,3300.0,2610,3286.0,14.0,0.42,现货价-主力期货价,OK,生意社期现基差表,https://www.100ppi.com/sf/day-2026-08-19.html
2026-08-20,HC,热轧卷板,3294.0,2610,3291.0,3.0,0.09,现货价-主力期货价,OK,生意社期现基差表,https://www.100ppi.com/sf/day-2026-08-20.html
2026-08-21,HC,热轧卷板,3298.0,2610,3295.0,3.0,0.09,现货价-主力期货价,OK,生意社期现基差表,https://www.100ppi.com/sf/day-2026-08-21.html
2026-08-24,HC,热轧卷板,3346.0,2610,3340.0,6.0,0.18,现货价-主力期货价,OK,生意社期现基差表,https://www.100ppi.com/sf/day-2026-08-24.html
2026-08-25,HC,热轧卷板,3362.0,2610,3343.0,19.0,0.57,现货价-主力期货价,OK,生意社期现基差表,https://www.100ppi.com/sf/day-2026-08-25.html
2026-08-26,HC,热轧卷板,3342.0,2610,3342.0,0.0,0.0,现货价-主力期货价,OK,生意社期现基差表,https://www.100ppi.com/sf/day-2026-08-26.html
2026-08-27,HC,热轧卷板,3348.0,2610,3342.0,6.0,0.18,现货价-主力期货价,OK,生意社期现基差表,https://www.100ppi.com/sf/day-2026-08-27.html
2026-07-17,I,铁矿石,723.67,2609,762.0,-38.0,-5.25,现货价-主力期货价,OK,生意社期现基差表,https://www.100ppi.com/sf/day-2026-07-17.html
2026-07-20,I,铁矿石,725.56,2609,758.0,-32.0,-4.41,现货价-主力期货价,OK,生意社期现基差表,https://www.100ppi.com/sf/day-2026-07-20.html
2026-07-21,I,铁矿石,714.78,2609,749.0,-34.0,-4.76,现货价-主力期货价,OK,生意社期现基差表,https://www.100ppi.com/sf/day-2026-07-21.html
2026-07-22,I,铁矿石,714.56,2609,739.5,-24.0,-3.36,现货价-主力期货价,OK,生意社期现基差表,https://www.100ppi.com/sf/day-2026-07-22.html
2026-07-23,I,铁矿石,713.0,2609,747.5,-34.0,-4.77,现货价-主力期货价,OK,生意社期现基差表,https://www.100ppi.com/sf/day-2026-07-23.html
2026-07-24,I,铁矿石,710.67,2609,746.0,-35.0,-4.92,现货价-主力期货价,OK,生意社期现基差表,https://www.100ppi.com/sf/day-2026-07-24.html
2026-07-27,I,铁矿石,708.89,2609,741.0,-32.0,-4.51,现货价-主力期货价,OK,生意社期现基差表,https://www.100ppi.com/sf/day-2026-07-27.html
2026-07-28,I,铁矿石,709.22,2609,741.0,-31.0,-4.37,现货价-主力期货价,OK,生意社期现基差表,https://www.100ppi.com/sf/day-2026-07-28.html
2026-07-29,I,铁矿石,708.89,2609,739.0,-30.0,-4.23,现货价-主力期货价,OK,生意社期现基差表,https://www.100ppi.com/sf/day-2026-07-29.html
2026-07-30,I,铁矿石,699.44,2609,715.0,-15.0,-2.14,现货价-主力期货价,OK,生意社期现基差表,https://www.100ppi.com/sf/day-2026-07-30.html
2026-07-31,I,铁矿石,695.0,2609,716.0,-21.0,-3.02,现货价-主力期货价,OK,生意社期现基差表,https://www.100ppi.com/sf/day-2026-07-31.html
2026-08-03,I,铁矿石,680.0,2609,698.0,-18.0,-2.65,现货价-主力期货价,OK,生意社期现基差表,https://www.100ppi.com/sf/day-2026-08-03.html
2026-08-04,I,铁矿石,679.33,2609,699.5,-20.0,-2.94,现货价-主力期货价,OK,生意社期现基差表,https://www.100ppi.com/sf/day-2026-08-04.html
2026-08-05,I,铁矿石,680.44,2609,706.0,-25.0,-3.67,现货价-主力期货价,OK,生意社期现基差表,https://www.100ppi.com/sf/day-2026-08-05.html
2026-08-06,I,铁矿石,691.33,2609,719.0,-27.0,-3.91,现货价-主力期货价,OK,生意社期现基差表,https://www.100ppi.com/sf/day-2026-08-06.html
2026-08-07,I,铁矿石,698.67,2701,703.0,-4.33,-0.62,现货价-主力期货价,OK,生意社期现基差表,https://www.100ppi.com/sf/day-2026-08-07.html
2026-08-10,I,铁矿石,693.44,2701,701.5,-8.0,-1.15,现货价-主力期货价,OK,生意社期现基差表,https://www.100ppi.com/sf/day-2026-08-10.html
2026-08-11,I,铁矿石,698.44,2701,707.5,-9.0,-1.29,现货价-主力期货价,OK,生意社期现基差表,https://www.100ppi.com/sf/day-2026-08-11.html
2026-08-12,I,铁矿石,702.56,2701,705.5,-2.94,-0.42,现货价-主力期货价,OK,生意社期现基差表,https://www.100ppi.com/sf/day-2026-08-12.html
2026-08-13,I,铁矿石,701.22,2701,705.0,-3.78,-0.54,现货价-主力期货价,OK,生意社期现基差表,https://www.100ppi.com/sf/day-2026-08-13.html
2026-08-14,I,铁矿石,704.11,2701,710.5,-6.0,-0.85,现货价-主力期货价,OK,生意社期现基差表,https://www.100ppi.com/sf/day-2026-08-14.html
2026-08-17,I,铁矿石,701.33,2701,706.5,-5.0,-0.71,现货价-主力期货价,OK,生意社期现基差表,https://www.100ppi.com/sf/day-2026-08-17.html
2026-08-18,I,铁矿石,699.33,2701,714.0,-14.0,-2.0,现货价-主力期货价,OK,生意社期现基差表,https://www.100ppi.com/sf/day-2026-08-18.html
2026-08-19,I,铁矿石,706.56,2701,712.0,-5.0,-0.71,现货价-主力期货价,OK,生意社期现基差表,https://www.100ppi.com/sf/day-2026-08-19.html
2026-08-20,I,铁矿石,701.78,2701,707.0,-5.0,-0.71,现货价-主力期货价,OK,生意社期现基差表,https://www.100ppi.com/sf/day-2026-08-20.html
2026-08-21,I,铁矿石,700.67,2701,707.5,-6.0,-0.86,现货价-主力期货价,OK,生意社期现基差表,https://www.100ppi.com/sf/day-2026-08-21.html
2026-08-24,I,铁矿石,707.78,2701,716.0,-8.0,-1.13,现货价-主力期货价,OK,生意社期现基差表,https://www.100ppi.com/sf/day-2026-08-24.html
2026-08-25,I,铁矿石,709.44,2701,713.5,-4.06,-0.57,现货价-主力期货价,OK,生意社期现基差表,https://www.100ppi.com/sf/day-2026-08-25.html
2026-08-26,I,铁矿石,709.22,2701,720.0,-10.0,-1.41,现货价-主力期货价,OK,生意社期现基差表,https://www.100ppi.com/sf/day-2026-08-26.html
2026-08-27,I,铁矿石,710.89,2701,716.5,-5.0,-0.7,现货价-主力期货价,OK,生意社期现基差表,https://www.100ppi.com/sf/day-2026-08-27.html
2026-07-17,J,焦炭,2011.25,2609,1864.0,147.0,7.31,现货价-主力期货价,OK,生意社期现基差表,https://www.100ppi.com/sf/day-2026-07-17.html
2026-07-20,J,焦炭,2011.25,2609,1840.0,171.0,8.5,现货价-主力期货价,OK,生意社期现基差表,https://www.100ppi.com/sf/day-2026-07-20.html
2026-07-21,J,焦炭,2011.25,2609,1837.0,174.0,8.65,现货价-主力期货价,OK,生意社期现基差表,https://www.100ppi.com/sf/day-2026-07-21.html
2026-07-22,J,焦炭,2011.25,2609,1824.5,186.0,9.25,现货价-主力期货价,OK,生意社期现基差表,https://www.100ppi.com/sf/day-2026-07-22.html
2026-07-23,J,焦炭,2011.25,2609,1847.0,164.0,8.15,现货价-主力期货价,OK,生意社期现基差表,https://www.100ppi.com/sf/day-2026-07-23.html
2026-07-24,J,焦炭,1972.5,2609,1840.5,132.0,6.69,现货价-主力期货价,OK,生意社期现基差表,https://www.100ppi.com/sf/day-2026-07-24.html
2026-07-27,J,焦炭,1957.5,2609,1853.5,104.0,5.31,现货价-主力期货价,OK,生意社期现基差表,https://www.100ppi.com/sf/day-2026-07-27.html
2026-07-28,J,焦炭,1957.5,2609,1825.0,132.0,6.74,现货价-主力期货价,OK,生意社期现基差表,https://www.100ppi.com/sf/day-2026-07-28.html
2026-07-29,J,焦炭,1957.5,2609,1845.0,112.0,5.72,现货价-主力期货价,OK,生意社期现基差表,https://www.100ppi.com/sf/day-2026-07-29.html
2026-07-30,J,焦炭,1957.5,2609,1821.0,136.0,6.95,现货价-主力期货价,OK,生意社期现基差表,https://www.100ppi.com/sf/day-2026-07-30.html
2026-07-31,J,焦炭,1957.5,2609,1767.0,190.0,9.71,现货价-主力期货价,OK,生意社期现基差表,https://www.100ppi.com/sf/day-2026-07-31.html
2026-08-03,J,焦炭,1957.5,2609,1753.0,204.0,10.42,现货价-主力期货价,OK,生意社期现基差表,https://www.100ppi.com/sf/day-2026-08-03.html
2026-08-04,J,焦炭,1910.0,2609,1760.0,150.0,7.85,现货价-主力期货价,OK,生意社期现基差表,https://www.100ppi.com/sf/day-2026-08-04.html
2026-08-05,J,焦炭,1910.0,2609,1793.0,117.0,6.13,现货价-主力期货价,OK,生意社期现基差表,https://www.100ppi.com/sf/day-2026-08-05.html
2026-08-06,J,焦炭,1903.75,2609,1832.5,71.0,3.73,现货价-主力期货价,OK,生意社期现基差表,https://www.100ppi.com/sf/day-2026-08-06.html
2026-08-07,J,焦炭,1903.75,2609,1868.5,35.0,1.84,现货价-主力期货价,OK,生意社期现基差表,https://www.100ppi.com/sf/day-2026-08-07.html
2026-08-10,J,焦炭,1903.75,2609,1865.0,38.0,2.0,现货价-主力期货价,OK,生意社期现基差表,https://www.100ppi.com/sf/day-2026-08-10.html
2026-08-11,J,焦炭,1868.75,2609,1910.0,-41.0,-2.19,现货价-主力期货价,OK,生意社期现基差表,https://www.100ppi.com/sf/day-2026-08-11.html
2026-08-12,J,焦炭,1868.75,2609,1906.0,-37.0,-1.98,现货价-主力期货价,OK,生意社期现基差表,https://www.100ppi.com/sf/day-2026-08-12.html
2026-08-13,J,焦炭,1868.75,2609,1890.5,-21.0,-1.12,现货价-主力期货价,OK,生意社期现基差表,https://www.100ppi.com/sf/day-2026-08-13.html
2026-08-14,J,焦炭,1868.75,2609,1911.5,-42.0,-2.25,现货价-主力期货价,OK,生意社期现基差表,https://www.100ppi.com/sf/day-2026-08-14.html
2026-08-17,J,焦炭,1868.75,2701,2004.0,-135.0,-7.22,现货价-主力期货价,OK,生意社期现基差表,https://www.100ppi.com/sf/day-2026-08-17.html
2026-08-18,J,焦炭,1868.75,2701,2010.0,-141.0,-7.55,现货价-主力期货价,OK,生意社期现基差表,https://www.100ppi.com/sf/day-2026-08-18.html
2026-08-19,J,焦炭,1868.75,2701,2058.0,-189.0,-10.11,现货价-主力期货价,OK,生意社期现基差表,https://www.100ppi.com/sf/day-2026-08-19.html
2026-08-20,J,焦炭,1868.75,2701,2072.5,-203.0,-10.86,现货价-主力期货价,OK,生意社期现基差表,https://www.100ppi.com/sf/day-2026-08-20.html
2026-08-21,J,焦炭,1868.75,2701,2119.5,-250.0,-13.38,现货价-主力期货价,OK,生意社期现基差表,https://www.100ppi.com/sf/day-2026-08-21.html
2026-08-24,J,焦炭,1868.75,2701,2152.5,-283.0,-15.14,现货价-主力期货价,OK,生意社期现基差表,https://www.100ppi.com/sf/day-2026-08-24.html
2026-08-25,J,焦炭,1877.5,2701,2145.0,-267.0,-14.22,现货价-主力期货价,OK,生意社期现基差表,https://www.100ppi.com/sf/day-2026-08-25.html
2026-08-26,J,焦炭,1905.0,2701,2109.5,-204.0,-10.71,现货价-主力期货价,OK,生意社期现基差表,https://www.100ppi.com/sf/day-2026-08-26.html
2026-08-27,J,焦炭,1905.0,2701,2135.5,-230.0,-12.07,现货价-主力期货价,OK,生意社期现基差表,https://www.100ppi.com/sf/day-2026-08-27.html
2026-07-17,JD,鸡蛋,9.8,2609,4342.0,558.0,11.39,现货价-主力期货价,OK,生意社期现基差表,https://www.100ppi.com/sf/day-2026-07-17.html
2026-07-20,JD,鸡蛋,9.85,2609,4191.0,734.0,14.9,现货价-主力期货价,OK,生意社期现基差表,https://www.100ppi.com/sf/day-2026-07-20.html
2026-07-21,JD,鸡蛋,9.9,2609,4153.0,797.0,16.1,现货价-主力期货价,OK,生意社期现基差表,https://www.100ppi.com/sf/day-2026-07-21.html
2026-07-22,JD,鸡蛋,9.9,2609,4131.0,819.0,16.55,现货价-主力期货价,OK,生意社期现基差表,https://www.100ppi.com/sf/day-2026-07-22.html
2026-07-23,JD,鸡蛋,9.85,2609,4144.0,781.0,15.86,现货价-主力期货价,OK,生意社期现基差表,https://www.100ppi.com/sf/day-2026-07-23.html
2026-07-24,JD,鸡蛋,9.73,2609,4022.0,843.0,17.33,现货价-主力期货价,OK,生意社期现基差表,https://www.100ppi.com/sf/day-2026-07-24.html
2026-07-27,JD,鸡蛋,9.7,2609,4085.0,764.0,15.75,现货价-主力期货价,OK,生意社期现基差表,https://www.100ppi.com/sf/day-2026-07-27.html
2026-07-28,JD,鸡蛋,9.7,2609,4134.0,715.0,14.74,现货价-主力期货价,OK,生意社期现基差表,https://www.100ppi.com/sf/day-2026-07-28.html
2026-07-29,JD,鸡蛋,9.7,2609,4091.0,758.0,15.63,现货价-主力期货价,OK,生意社期现基差表,https://www.100ppi.com/sf/day-2026-07-29.html
2026-07-30,JD,鸡蛋,9.7,2609,4040.0,809.0,16.68,现货价-主力期货价,OK,生意社期现基差表,https://www.100ppi.com/sf/day-2026-07-30.html
2026-07-31,JD,鸡蛋,9.7,2609,3949.0,900.0,18.56,现货价-主力期货价,OK,生意社期现基差表,https://www.100ppi.com/sf/day-2026-07-31.html
2026-08-03,JD,鸡蛋,9.22,2609,4061.0,549.0,11.91,现货价-主力期货价,OK,生意社期现基差表,https://www.100ppi.com/sf/day-2026-08-03.html
2026-08-04,JD,鸡蛋,9.2,2610,3820.0,780.0,16.96,现货价-主力期货价,OK,生意社期现基差表,https://www.100ppi.com/sf/day-2026-08-04.html
2026-08-05,JD,鸡蛋,9.28,2610,3876.0,764.0,16.47,现货价-主力期货价,OK,生意社期现基差表,https://www.100ppi.com/sf/day-2026-08-05.html
2026-08-06,JD,鸡蛋,9.35,2610,3936.0,739.0,15.81,现货价-主力期货价,OK,生意社期现基差表,https://www.100ppi.com/sf/day-2026-08-06.html
2026-08-07,JD,鸡蛋,9.35,2610,3963.0,712.0,15.23,现货价-主力期货价,OK,生意社期现基差表,https://www.100ppi.com/sf/day-2026-08-07.html
2026-08-10,JD,鸡蛋,9.55,2610,3904.0,871.0,18.24,现货价-主力期货价,OK,生意社期现基差表,https://www.100ppi.com/sf/day-2026-08-10.html
2026-08-11,JD,鸡蛋,9.68,2610,3818.0,1022.0,21.12,现货价-主力期货价,OK,生意社期现基差表,https://www.100ppi.com/sf/day-2026-08-11.html
2026-08-12,JD,鸡蛋,9.72,2610,3878.0,982.0,20.21,现货价-主力期货价,OK,生意社期现基差表,https://www.100ppi.com/sf/day-2026-08-12.html
2026-08-13,JD,鸡蛋,9.88,2610,3909.0,1031.0,20.87,现货价-主力期货价,OK,生意社期现基差表,https://www.100ppi.com/sf/day-2026-08-13.html
2026-08-14,JD,鸡蛋,10.03,2610,3957.0,1058.0,21.1,现货价-主力期货价,OK,生意社期现基差表,https://www.100ppi.com/sf/day-2026-08-14.html
2026-08-17,JD,鸡蛋,10.45,2610,3929.0,1295.0,24.78,现货价-主力期货价,OK,生意社期现基差表,https://www.100ppi.com/sf/day-2026-08-17.html
2026-08-18,JD,鸡蛋,10.73,2610,3878.0,1487.0,27.72,现货价-主力期货价,OK,生意社期现基差表,https://www.100ppi.com/sf/day-2026-08-18.html
2026-08-19,JD,鸡蛋,10.75,2610,3813.0,1562.0,29.06,现货价-主力期货价,OK,生意社期现基差表,https://www.100ppi.com/sf/day-2026-08-19.html
2026-08-20,JD,鸡蛋,10.7,2610,3880.0,1469.0,27.46,现货价-主力期货价,OK,生意社期现基差表,https://www.100ppi.com/sf/day-2026-08-20.html
2026-08-21,JD,鸡蛋,10.62,2610,3834.0,1475.0,27.78,现货价-主力期货价,OK,生意社期现基差表,https://www.100ppi.com/sf/day-2026-08-21.html
2026-08-24,JD,鸡蛋,10.82,2610,3787.0,1623.0,30.0,现货价-主力期货价,OK,生意社期现基差表,https://www.100ppi.com/sf/day-2026-08-24.html
2026-08-25,JD,鸡蛋,10.88,2610,3762.0,1678.0,30.85,现货价-主力期货价,OK,生意社期现基差表,https://www.100ppi.com/sf/day-2026-08-25.html
2026-08-26,JD,鸡蛋,10.92,2610,3775.0,1685.0,30.86,现货价-主力期货价,OK,生意社期现基差表,https://www.100ppi.com/sf/day-2026-08-26.html
2026-08-27,JD,鸡蛋,10.82,2610,3770.0,1640.0,30.31,现货价-主力期货价,OK,生意社期现基差表,https://www.100ppi.com/sf/day-2026-08-27.html
2026-07-17,JM,焦煤,1861.25,2609,1260.5,600.0,32.24,现货价-主力期货价,OK,生意社期现基差表,https://www.100ppi.com/sf/day-2026-07-17.html
2026-07-20,JM,焦煤,1846.25,2609,1272.0,574.0,31.09,现货价-主力期货价,OK,生意社期现基差表,https://www.100ppi.com/sf/day-2026-07-20.html
2026-07-21,JM,焦煤,1846.25,2609,1275.0,571.0,30.93,现货价-主力期货价,OK,生意社期现基差表,https://www.100ppi.com/sf/day-2026-07-21.html
2026-07-22,JM,焦煤,1846.25,2609,1266.0,580.0,31.42,现货价-主力期货价,OK,生意社期现基差表,https://www.100ppi.com/sf/day-2026-07-22.html
2026-07-23,JM,焦煤,1846.25,2609,1287.5,558.0,30.22,现货价-主力期货价,OK,生意社期现基差表,https://www.100ppi.com/sf/day-2026-07-23.html
2026-07-24,JM,焦煤,1846.25,2609,1285.0,561.0,30.39,现货价-主力期货价,OK,生意社期现基差表,https://www.100ppi.com/sf/day-2026-07-24.html
2026-07-27,JM,焦煤,1846.25,2609,1270.5,575.0,31.14,现货价-主力期货价,OK,生意社期现基差表,https://www.100ppi.com/sf/day-2026-07-27.html
2026-07-28,JM,焦煤,1846.25,2609,1242.5,603.0,32.66,现货价-主力期货价,OK,生意社期现基差表,https://www.100ppi.com/sf/day-2026-07-28.html
2026-07-29,JM,焦煤,1846.25,2609,1248.0,598.0,32.39,现货价-主力期货价,OK,生意社期现基差表,https://www.100ppi.com/sf/day-2026-07-29.html
2026-07-30,JM,焦煤,1846.25,2609,1227.0,619.0,33.53,现货价-主力期货价,OK,生意社期现基差表,https://www.100ppi.com/sf/day-2026-07-30.html
2026-07-31,JM,焦煤,1846.25,2609,1181.0,665.0,36.02,现货价-主力期货价,OK,生意社期现基差表,https://www.100ppi.com/sf/day-2026-07-31.html
2026-08-03,JM,焦煤,1823.75,2609,1182.0,641.0,35.15,现货价-主力期货价,OK,生意社期现基差表,https://www.100ppi.com/sf/day-2026-08-03.html
2026-08-04,JM,焦煤,1823.75,2609,1196.5,627.0,34.38,现货价-主力期货价,OK,生意社期现基差表,https://www.100ppi.com/sf/day-2026-08-04.html
2026-08-05,JM,焦煤,1823.75,2609,1233.0,590.0,32.35,现货价-主力期货价,OK,生意社期现基差表,https://www.100ppi.com/sf/day-2026-08-05.html
2026-08-06,JM,焦煤,1863.75,2609,1235.5,628.0,33.7,现货价-主力期货价,OK,生意社期现基差表,https://www.100ppi.com/sf/day-2026-08-06.html
2026-08-07,JM,焦煤,1863.75,2609,1267.5,596.0,31.98,现货价-主力期货价,OK,生意社期现基差表,https://www.100ppi.com/sf/day-2026-08-07.html
2026-08-10,JM,焦煤,1863.75,2609,1273.5,590.0,31.66,现货价-主力期货价,OK,生意社期现基差表,https://www.100ppi.com/sf/day-2026-08-10.html
2026-08-11,JM,焦煤,1863.75,2701,1469.5,394.0,21.14,现货价-主力期货价,OK,生意社期现基差表,https://www.100ppi.com/sf/day-2026-08-11.html
2026-08-12,JM,焦煤,1863.75,2701,1476.0,387.0,20.76,现货价-主力期货价,OK,生意社期现基差表,https://www.100ppi.com/sf/day-2026-08-12.html
2026-08-13,JM,焦煤,1863.75,2701,1470.5,393.0,21.09,现货价-主力期货价,OK,生意社期现基差表,https://www.100ppi.com/sf/day-2026-08-13.html
2026-08-14,JM,焦煤,1898.75,2701,1515.5,383.0,20.17,现货价-主力期货价,OK,生意社期现基差表,https://www.100ppi.com/sf/day-2026-08-14.html
2026-08-17,JM,焦煤,1898.75,2701,1522.0,376.0,19.8,现货价-主力期货价,OK,生意社期现基差表,https://www.100ppi.com/sf/day-2026-08-17.html
2026-08-18,JM,焦煤,1923.75,2701,1546.5,377.0,19.6,现货价-主力期货价,OK,生意社期现基差表,https://www.100ppi.com/sf/day-2026-08-18.html
2026-08-19,JM,焦煤,1923.75,2701,1586.5,337.0,17.52,现货价-主力期货价,OK,生意社期现基差表,https://www.100ppi.com/sf/day-2026-08-19.html
2026-08-20,JM,焦煤,1923.75,2701,1591.5,332.0,17.26,现货价-主力期货价,OK,生意社期现基差表,https://www.100ppi.com/sf/day-2026-08-20.html
2026-08-21,JM,焦煤,2118.75,2701,1581.5,537.0,25.35,现货价-主力期货价,OK,生意社期现基差表,https://www.100ppi.com/sf/day-2026-08-21.html
2026-08-24,JM,焦煤,2118.75,2701,1584.0,534.0,25.2,现货价-主力期货价,OK,生意社期现基差表,https://www.100ppi.com/sf/day-2026-08-24.html
2026-08-25,JM,焦煤,2156.25,2701,1578.0,578.0,26.81,现货价-主力期货价,OK,生意社期现基差表,https://www.100ppi.com/sf/day-2026-08-25.html
2026-08-26,JM,焦煤,2248.75,2701,1574.0,674.0,29.97,现货价-主力期货价,OK,生意社期现基差表,https://www.100ppi.com/sf/day-2026-08-26.html
2026-08-27,JM,焦煤,2248.75,2701,1609.0,639.0,28.42,现货价-主力期货价,OK,生意社期现基差表,https://www.100ppi.com/sf/day-2026-08-27.html
2026-07-17,L,聚乙烯,8350.0,2609,7618.0,732.0,8.77,现货价-主力期货价,OK,生意社期现基差表,https://www.100ppi.com/sf/day-2026-07-17.html
2026-07-20,L,聚乙烯,8403.33,2609,7940.0,463.0,5.51,现货价-主力期货价,OK,生意社期现基差表,https://www.100ppi.com/sf/day-2026-07-20.html
2026-07-21,L,聚乙烯,8411.67,2609,7794.0,617.0,7.34,现货价-主力期货价,OK,生意社期现基差表,https://www.100ppi.com/sf/day-2026-07-21.html
2026-07-22,L,聚乙烯,8383.33,2609,7810.0,573.0,6.83,现货价-主力期货价,OK,生意社期现基差表,https://www.100ppi.com/sf/day-2026-07-22.html
2026-07-23,L,聚乙烯,8408.33,2609,7997.0,411.0,4.89,现货价-主力期货价,OK,生意社期现基差表,https://www.100ppi.com/sf/day-2026-07-23.html
2026-07-24,L,聚乙烯,8440.0,2609,7990.0,450.0,5.33,现货价-主力期货价,OK,生意社期现基差表,https://www.100ppi.com/sf/day-2026-07-24.html
2026-07-27,L,聚乙烯,8325.0,2609,7650.0,675.0,8.11,现货价-主力期货价,OK,生意社期现基差表,https://www.100ppi.com/sf/day-2026-07-27.html
2026-07-28,L,聚乙烯,8198.33,2609,7631.0,567.0,6.92,现货价-主力期货价,OK,生意社期现基差表,https://www.100ppi.com/sf/day-2026-07-28.html
2026-07-29,L,聚乙烯,8195.0,2609,7705.0,490.0,5.98,现货价-主力期货价,OK,生意社期现基差表,https://www.100ppi.com/sf/day-2026-07-29.html
2026-07-30,L,聚乙烯,8243.33,2609,7787.0,456.0,5.53,现货价-主力期货价,OK,生意社期现基差表,https://www.100ppi.com/sf/day-2026-07-30.html
2026-07-31,L,聚乙烯,8233.33,2609,7742.0,491.0,5.96,现货价-主力期货价,OK,生意社期现基差表,https://www.100ppi.com/sf/day-2026-07-31.html
2026-08-03,L,聚乙烯,8243.33,2609,7671.0,572.0,6.94,现货价-主力期货价,OK,生意社期现基差表,https://www.100ppi.com/sf/day-2026-08-03.html
2026-08-04,L,聚乙烯,8238.33,2609,7726.0,512.0,6.21,现货价-主力期货价,OK,生意社期现基差表,https://www.100ppi.com/sf/day-2026-08-04.html
2026-08-05,L,聚乙烯,8191.66,2609,7616.0,575.0,7.02,现货价-主力期货价,OK,生意社期现基差表,https://www.100ppi.com/sf/day-2026-08-05.html
2026-08-06,L,聚乙烯,8158.34,2609,7629.0,529.0,6.48,现货价-主力期货价,OK,生意社期现基差表,https://www.100ppi.com/sf/day-2026-08-06.html
2026-08-07,L,聚乙烯,8158.34,2609,7739.0,419.0,5.14,现货价-主力期货价,OK,生意社期现基差表,https://www.100ppi.com/sf/day-2026-08-07.html
2026-08-10,L,聚乙烯,8175.0,2609,7666.0,509.0,6.23,现货价-主力期货价,OK,生意社期现基差表,https://www.100ppi.com/sf/day-2026-08-10.html
2026-08-11,L,聚乙烯,8191.66,2609,7852.0,339.0,4.14,现货价-主力期货价,OK,生意社期现基差表,https://www.100ppi.com/sf/day-2026-08-11.html
2026-08-12,L,聚乙烯,8275.0,2609,7809.0,466.0,5.63,现货价-主力期货价,OK,生意社期现基差表,https://www.100ppi.com/sf/day-2026-08-12.html
2026-08-13,L,聚乙烯,8275.0,2609,7879.0,396.0,4.79,现货价-主力期货价,OK,生意社期现基差表,https://www.100ppi.com/sf/day-2026-08-13.html
2026-08-14,L,聚乙烯,8301.67,2609,7932.0,369.0,4.44,现货价-主力期货价,OK,生意社期现基差表,https://www.100ppi.com/sf/day-2026-08-14.html
2026-08-17,L,聚乙烯,8366.67,2701,7657.0,709.0,8.47,现货价-主力期货价,OK,生意社期现基差表,https://www.100ppi.com/sf/day-2026-08-17.html
2026-08-18,L,聚乙烯,8471.67,2701,7789.0,682.0,8.05,现货价-主力期货价,OK,生意社期现基差表,https://www.100ppi.com/sf/day-2026-08-18.html
2026-08-19,L,聚乙烯,8528.33,2701,7842.0,686.0,8.04,现货价-主力期货价,OK,生意社期现基差表,https://www.100ppi.com/sf/day-2026-08-19.html
2026-08-20,L,聚乙烯,8521.67,2701,7794.0,727.0,8.53,现货价-主力期货价,OK,生意社期现基差表,https://www.100ppi.com/sf/day-2026-08-20.html
2026-08-21,L,聚乙烯,8508.33,2701,7864.0,644.0,7.57,现货价-主力期货价,OK,生意社期现基差表,https://www.100ppi.com/sf/day-2026-08-21.html
2026-08-24,L,聚乙烯,8505.0,2701,7810.0,695.0,8.17,现货价-主力期货价,OK,生意社期现基差表,https://www.100ppi.com/sf/day-2026-08-24.html
2026-08-25,L,聚乙烯,8550.0,2701,7802.0,748.0,8.75,现货价-主力期货价,OK,生意社期现基差表,https://www.100ppi.com/sf/day-2026-08-25.html
2026-08-26,L,聚乙烯,8530.0,2701,7561.0,969.0,11.36,现货价-主力期货价,OK,生意社期现基差表,https://www.100ppi.com/sf/day-2026-08-26.html
2026-08-27,L,聚乙烯,8480.0,2701,7595.0,885.0,10.44,现货价-主力期货价,OK,生意社期现基差表,https://www.100ppi.com/sf/day-2026-08-27.html
2026-07-17,LC,碳酸锂,151000.0,2609,150140.0,860.0,0.57,现货价-主力期货价,OK,生意社期现基差表,https://www.100ppi.com/sf/day-2026-07-17.html
2026-07-20,LC,碳酸锂,149000.0,2609,143900.0,5100.0,3.42,现货价-主力期货价,OK,生意社期现基差表,https://www.100ppi.com/sf/day-2026-07-20.html
2026-07-21,LC,碳酸锂,142000.0,2609,141620.0,380.0,0.27,现货价-主力期货价,OK,生意社期现基差表,https://www.100ppi.com/sf/day-2026-07-21.html
2026-07-22,LC,碳酸锂,142000.0,2609,143300.0,-1300.0,-0.92,现货价-主力期货价,OK,生意社期现基差表,https://www.100ppi.com/sf/day-2026-07-22.html
2026-07-23,LC,碳酸锂,145000.0,2609,145000.0,0.0,0.0,现货价-主力期货价,OK,生意社期现基差表,https://www.100ppi.com/sf/day-2026-07-23.html
2026-07-24,LC,碳酸锂,143000.0,2609,144280.0,-1280.0,-0.9,现货价-主力期货价,OK,生意社期现基差表,https://www.100ppi.com/sf/day-2026-07-24.html
2026-07-27,LC,碳酸锂,146000.0,2609,147220.0,-1220.0,-0.84,现货价-主力期货价,OK,生意社期现基差表,https://www.100ppi.com/sf/day-2026-07-27.html
2026-07-28,LC,碳酸锂,144000.0,2609,143480.0,520.0,0.36,现货价-主力期货价,OK,生意社期现基差表,https://www.100ppi.com/sf/day-2026-07-28.html
2026-07-29,LC,碳酸锂,146000.0,2609,147900.0,-1900.0,-1.3,现货价-主力期货价,OK,生意社期现基差表,https://www.100ppi.com/sf/day-2026-07-29.html
2026-07-30,LC,碳酸锂,144000.0,2609,141060.0,2940.0,2.04,现货价-主力期货价,OK,生意社期现基差表,https://www.100ppi.com/sf/day-2026-07-30.html
2026-07-31,LC,碳酸锂,142000.0,2609,137760.0,4240.0,2.99,现货价-主力期货价,OK,生意社期现基差表,https://www.100ppi.com/sf/day-2026-07-31.html
2026-08-03,LC,碳酸锂,139000.0,2609,138900.0,100.0,0.07,现货价-主力期货价,OK,生意社期现基差表,https://www.100ppi.com/sf/day-2026-08-03.html
2026-08-04,LC,碳酸锂,139000.0,2609,139380.0,-380.0,-0.27,现货价-主力期货价,OK,生意社期现基差表,https://www.100ppi.com/sf/day-2026-08-04.html
2026-08-05,LC,碳酸锂,140000.0,2609,143220.0,-3220.0,-2.3,现货价-主力期货价,OK,生意社期现基差表,https://www.100ppi.com/sf/day-2026-08-05.html
2026-08-06,LC,碳酸锂,140000.0,2609,141460.0,-1460.0,-1.04,现货价-主力期货价,OK,生意社期现基差表,https://www.100ppi.com/sf/day-2026-08-06.html
2026-08-07,LC,碳酸锂,141000.0,2609,140000.0,1000.0,0.71,现货价-主力期货价,OK,生意社期现基差表,https://www.100ppi.com/sf/day-2026-08-07.html
2026-08-10,LC,碳酸锂,143000.0,2609,146360.0,-3360.0,-2.35,现货价-主力期货价,OK,生意社期现基差表,https://www.100ppi.com/sf/day-2026-08-10.html
2026-08-11,LC,碳酸锂,144000.0,2609,145860.0,-1860.0,-1.29,现货价-主力期货价,OK,生意社期现基差表,https://www.100ppi.com/sf/day-2026-08-11.html
2026-08-12,LC,碳酸锂,148000.0,2701,149560.0,-1560.0,-1.05,现货价-主力期货价,OK,生意社期现基差表,https://www.100ppi.com/sf/day-2026-08-12.html
2026-08-13,LC,碳酸锂,149000.0,2701,152120.0,-3120.0,-2.09,现货价-主力期货价,OK,生意社期现基差表,https://www.100ppi.com/sf/day-2026-08-13.html
2026-08-14,LC,碳酸锂,151000.0,2701,155240.0,-4240.0,-2.81,现货价-主力期货价,OK,生意社期现基差表,https://www.100ppi.com/sf/day-2026-08-14.html
2026-08-17,LC,碳酸锂,151000.0,2701,153500.0,-2500.0,-1.66,现货价-主力期货价,OK,生意社期现基差表,https://www.100ppi.com/sf/day-2026-08-17.html
2026-08-18,LC,碳酸锂,152000.0,2701,155400.0,-3400.0,-2.24,现货价-主力期货价,OK,生意社期现基差表,https://www.100ppi.com/sf/day-2026-08-18.html
2026-08-19,LC,碳酸锂,149000.0,2701,150660.0,-1660.0,-1.11,现货价-主力期货价,OK,生意社期现基差表,https://www.100ppi.com/sf/day-2026-08-19.html
2026-08-20,LC,碳酸锂,150000.0,2701,152160.0,-2160.0,-1.44,现货价-主力期货价,OK,生意社期现基差表,https://www.100ppi.com/sf/day-2026-08-20.html
2026-08-21,LC,碳酸锂,154000.0,2701,158680.0,-4680.0,-3.04,现货价-主力期货价,OK,生意社期现基差表,https://www.100ppi.com/sf/day-2026-08-21.html
2026-08-24,LC,碳酸锂,156000.0,2701,158860.0,-2860.0,-1.83,现货价-主力期货价,OK,生意社期现基差表,https://www.100ppi.com/sf/day-2026-08-24.html
2026-08-25,LC,碳酸锂,151000.0,2701,150280.0,720.0,0.48,现货价-主力期货价,OK,生意社期现基差表,https://www.100ppi.com/sf/day-2026-08-25.html
2026-08-26,LC,碳酸锂,150000.0,2701,152160.0,-2160.0,-1.44,现货价-主力期货价,OK,生意社期现基差表,https://www.100ppi.com/sf/day-2026-08-26.html
2026-08-27,LC,碳酸锂,150000.0,2701,152020.0,-2020.0,-1.35,现货价-主力期货价,OK,生意社期现基差表,https://www.100ppi.com/sf/day-2026-08-27.html
2026-07-17,LH,生猪,10.9,2609,11765.0,-865.0,-7.94,现货价-主力期货价,OK,生意社期现基差表,https://www.100ppi.com/sf/day-2026-07-17.html
2026-07-20,LH,生猪,10.87,2609,11475.0,-605.0,-5.57,现货价-主力期货价,OK,生意社期现基差表,https://www.100ppi.com/sf/day-2026-07-20.html
2026-07-21,LH,生猪,10.85,2609,11425.0,-575.0,-5.3,现货价-主力期货价,OK,生意社期现基差表,https://www.100ppi.com/sf/day-2026-07-21.html
2026-07-22,LH,生猪,10.77,2609,11275.0,-505.0,-4.69,现货价-主力期货价,OK,生意社期现基差表,https://www.100ppi.com/sf/day-2026-07-22.html
2026-07-23,LH,生猪,10.68,2609,11330.0,-650.0,-6.09,现货价-主力期货价,OK,生意社期现基差表,https://www.100ppi.com/sf/day-2026-07-23.html
2026-07-24,LH,生猪,10.67,2609,11065.0,-395.0,-3.7,现货价-主力期货价,OK,生意社期现基差表,https://www.100ppi.com/sf/day-2026-07-24.html
2026-07-27,LH,生猪,10.58,2609,11175.0,-595.0,-5.62,现货价-主力期货价,OK,生意社期现基差表,https://www.100ppi.com/sf/day-2026-07-27.html
2026-07-28,LH,生猪,10.5,2609,10965.0,-465.0,-4.43,现货价-主力期货价,OK,生意社期现基差表,https://www.100ppi.com/sf/day-2026-07-28.html
2026-07-29,LH,生猪,10.48,2609,10935.0,-455.0,-4.34,现货价-主力期货价,OK,生意社期现基差表,https://www.100ppi.com/sf/day-2026-07-29.html
2026-07-30,LH,生猪,10.45,2609,10775.0,-325.0,-3.11,现货价-主力期货价,OK,生意社期现基差表,https://www.100ppi.com/sf/day-2026-07-30.html
2026-07-31,LH,生猪,10.38,2611,11810.0,-1430.0,-13.78,现货价-主力期货价,OK,生意社期现基差表,https://www.100ppi.com/sf/day-2026-07-31.html
2026-08-03,LH,生猪,10.45,2611,11600.0,-1150.0,-11.0,现货价-主力期货价,OK,生意社期现基差表,https://www.100ppi.com/sf/day-2026-08-03.html
2026-08-04,LH,生猪,10.48,2611,11820.0,-1340.0,-12.79,现货价-主力期货价,OK,生意社期现基差表,https://www.100ppi.com/sf/day-2026-08-04.html
2026-08-05,LH,生猪,10.47,2611,11910.0,-1440.0,-13.75,现货价-主力期货价,OK,生意社期现基差表,https://www.100ppi.com/sf/day-2026-08-05.html
2026-08-06,LH,生猪,10.42,2611,12085.0,-1665.0,-15.98,现货价-主力期货价,OK,生意社期现基差表,https://www.100ppi.com/sf/day-2026-08-06.html
2026-08-07,LH,生猪,10.43,2611,12035.0,-1605.0,-15.39,现货价-主力期货价,OK,生意社期现基差表,https://www.100ppi.com/sf/day-2026-08-07.html
2026-08-10,LH,生猪,10.58,2611,12170.0,-1590.0,-15.03,现货价-主力期货价,OK,生意社期现基差表,https://www.100ppi.com/sf/day-2026-08-10.html
2026-08-11,LH,生猪,10.65,2611,12130.0,-1480.0,-13.9,现货价-主力期货价,OK,生意社期现基差表,https://www.100ppi.com/sf/day-2026-08-11.html
2026-08-12,LH,生猪,10.72,2611,12035.0,-1315.0,-12.27,现货价-主力期货价,OK,生意社期现基差表,https://www.100ppi.com/sf/day-2026-08-12.html
2026-08-13,LH,生猪,10.75,2611,12305.0,-1555.0,-14.47,现货价-主力期货价,OK,生意社期现基差表,https://www.100ppi.com/sf/day-2026-08-13.html
2026-08-14,LH,生猪,10.78,2611,12315.0,-1535.0,-14.24,现货价-主力期货价,OK,生意社期现基差表,https://www.100ppi.com/sf/day-2026-08-14.html
2026-08-17,LH,生猪,10.87,2611,12400.0,-1530.0,-14.08,现货价-主力期货价,OK,生意社期现基差表,https://www.100ppi.com/sf/day-2026-08-17.html
2026-08-18,LH,生猪,10.95,2611,12505.0,-1555.0,-14.2,现货价-主力期货价,OK,生意社期现基差表,https://www.100ppi.com/sf/day-2026-08-18.html
2026-08-19,LH,生猪,11.05,2611,12315.0,-1265.0,-11.45,现货价-主力期货价,OK,生意社期现基差表,https://www.100ppi.com/sf/day-2026-08-19.html
2026-08-20,LH,生猪,11.08,2611,12315.0,-1235.0,-11.15,现货价-主力期货价,OK,生意社期现基差表,https://www.100ppi.com/sf/day-2026-08-20.html
2026-08-21,LH,生猪,11.07,2611,12250.0,-1180.0,-10.66,现货价-主力期货价,OK,生意社期现基差表,https://www.100ppi.com/sf/day-2026-08-21.html
2026-08-24,LH,生猪,11.12,2611,12030.0,-910.0,-8.18,现货价-主力期货价,OK,生意社期现基差表,https://www.100ppi.com/sf/day-2026-08-24.html
2026-08-25,LH,生猪,11.13,2611,11835.0,-705.0,-6.33,现货价-主力期货价,OK,生意社期现基差表,https://www.100ppi.com/sf/day-2026-08-25.html
2026-08-26,LH,生猪,11.03,2611,11845.0,-815.0,-7.39,现货价-主力期货价,OK,生意社期现基差表,https://www.100ppi.com/sf/day-2026-08-26.html
2026-08-27,LH,生猪,10.95,2611,11860.0,-910.0,-8.31,现货价-主力期货价,OK,生意社期现基差表,https://www.100ppi.com/sf/day-2026-08-27.html
2026-07-17,M,豆粕,2996.0,2609,3061.0,-65.0,-2.17,现货价-主力期货价,OK,生意社期现基差表,https://www.100ppi.com/sf/day-2026-07-17.html
2026-07-20,M,豆粕,3018.0,2609,3129.0,-111.0,-3.68,现货价-主力期货价,OK,生意社期现基差表,https://www.100ppi.com/sf/day-2026-07-20.html
2026-07-21,M,豆粕,3050.0,2609,3148.0,-98.0,-3.21,现货价-主力期货价,OK,生意社期现基差表,https://www.100ppi.com/sf/day-2026-07-21.html
2026-07-22,M,豆粕,3070.0,2609,3146.0,-76.0,-2.48,现货价-主力期货价,OK,生意社期现基差表,https://www.100ppi.com/sf/day-2026-07-22.html
2026-07-23,M,豆粕,3108.0,2609,3175.0,-67.0,-2.16,现货价-主力期货价,OK,生意社期现基差表,https://www.100ppi.com/sf/day-2026-07-23.html
2026-07-24,M,豆粕,3090.0,2609,3225.0,-135.0,-4.37,现货价-主力期货价,OK,生意社期现基差表,https://www.100ppi.com/sf/day-2026-07-24.html
2026-07-27,M,豆粕,3122.0,2609,3164.0,-42.0,-1.35,现货价-主力期货价,OK,生意社期现基差表,https://www.100ppi.com/sf/day-2026-07-27.html
2026-07-28,M,豆粕,3100.0,2609,3101.0,-1.0,-0.03,现货价-主力期货价,OK,生意社期现基差表,https://www.100ppi.com/sf/day-2026-07-28.html
2026-07-29,M,豆粕,3086.0,2609,3109.0,-23.0,-0.75,现货价-主力期货价,OK,生意社期现基差表,https://www.100ppi.com/sf/day-2026-07-29.html
2026-07-30,M,豆粕,3062.0,2609,3074.0,-12.0,-0.39,现货价-主力期货价,OK,生意社期现基差表,https://www.100ppi.com/sf/day-2026-07-30.html
2026-07-31,M,豆粕,3066.0,2609,3071.0,-5.0,-0.16,现货价-主力期货价,OK,生意社期现基差表,https://www.100ppi.com/sf/day-2026-07-31.html
2026-08-03,M,豆粕,3056.0,2701,3126.0,-70.0,-2.29,现货价-主力期货价,OK,生意社期现基差表,https://www.100ppi.com/sf/day-2026-08-03.html
2026-08-04,M,豆粕,3076.0,2701,3135.0,-59.0,-1.92,现货价-主力期货价,OK,生意社期现基差表,https://www.100ppi.com/sf/day-2026-08-04.html
2026-08-05,M,豆粕,3070.0,2701,3123.0,-53.0,-1.73,现货价-主力期货价,OK,生意社期现基差表,https://www.100ppi.com/sf/day-2026-08-05.html
2026-08-06,M,豆粕,3068.0,2701,3134.0,-66.0,-2.15,现货价-主力期货价,OK,生意社期现基差表,https://www.100ppi.com/sf/day-2026-08-06.html
2026-08-07,M,豆粕,3078.0,2701,3154.0,-76.0,-2.47,现货价-主力期货价,OK,生意社期现基差表,https://www.100ppi.com/sf/day-2026-08-07.html
2026-08-10,M,豆粕,3090.0,2701,3148.0,-58.0,-1.88,现货价-主力期货价,OK,生意社期现基差表,https://www.100ppi.com/sf/day-2026-08-10.html
2026-08-11,M,豆粕,3090.0,2701,3140.0,-50.0,-1.62,现货价-主力期货价,OK,生意社期现基差表,https://www.100ppi.com/sf/day-2026-08-11.html
2026-08-12,M,豆粕,3080.0,2701,3142.0,-62.0,-2.01,现货价-主力期货价,OK,生意社期现基差表,https://www.100ppi.com/sf/day-2026-08-12.html
2026-08-13,M,豆粕,3102.0,2701,3152.0,-50.0,-1.61,现货价-主力期货价,OK,生意社期现基差表,https://www.100ppi.com/sf/day-2026-08-13.html
2026-08-14,M,豆粕,3086.0,2701,3165.0,-79.0,-2.56,现货价-主力期货价,OK,生意社期现基差表,https://www.100ppi.com/sf/day-2026-08-14.html
2026-08-17,M,豆粕,3104.0,2701,3176.0,-72.0,-2.32,现货价-主力期货价,OK,生意社期现基差表,https://www.100ppi.com/sf/day-2026-08-17.html
2026-08-18,M,豆粕,3144.0,2701,3241.0,-97.0,-3.09,现货价-主力期货价,OK,生意社期现基差表,https://www.100ppi.com/sf/day-2026-08-18.html
2026-08-19,M,豆粕,3166.0,2701,3246.0,-80.0,-2.53,现货价-主力期货价,OK,生意社期现基差表,https://www.100ppi.com/sf/day-2026-08-19.html
2026-08-20,M,豆粕,3186.0,2701,3267.0,-81.0,-2.54,现货价-主力期货价,OK,生意社期现基差表,https://www.100ppi.com/sf/day-2026-08-20.html
2026-08-21,M,豆粕,3166.0,2701,3228.0,-62.0,-1.96,现货价-主力期货价,OK,生意社期现基差表,https://www.100ppi.com/sf/day-2026-08-21.html
2026-08-24,M,豆粕,3158.0,2701,3232.0,-74.0,-2.34,现货价-主力期货价,OK,生意社期现基差表,https://www.100ppi.com/sf/day-2026-08-24.html
2026-08-25,M,豆粕,3148.0,2701,3245.0,-97.0,-3.08,现货价-主力期货价,OK,生意社期现基差表,https://www.100ppi.com/sf/day-2026-08-25.html
2026-08-26,M,豆粕,3174.0,2701,3297.0,-123.0,-3.88,现货价-主力期货价,OK,生意社期现基差表,https://www.100ppi.com/sf/day-2026-08-26.html
2026-08-27,M,豆粕,3238.0,2701,3355.0,-117.0,-3.61,现货价-主力期货价,OK,生意社期现基差表,https://www.100ppi.com/sf/day-2026-08-27.html
2026-07-17,MA,甲醇MA,2638.33,2609,2630.0,8.0,0.3,现货价-主力期货价,OK,生意社期现基差表,https://www.100ppi.com/sf/day-2026-07-17.html
2026-07-20,MA,甲醇MA,2790.0,2609,2802.0,-12.0,-0.43,现货价-主力期货价,OK,生意社期现基差表,https://www.100ppi.com/sf/day-2026-07-20.html
2026-07-21,MA,甲醇MA,2706.67,2609,2707.0,-0.33,-0.01,现货价-主力期货价,OK,生意社期现基差表,https://www.100ppi.com/sf/day-2026-07-21.html
2026-07-22,MA,甲醇MA,2718.33,2609,2718.0,0.33,0.01,现货价-主力期货价,OK,生意社期现基差表,https://www.100ppi.com/sf/day-2026-07-22.html
2026-07-23,MA,甲醇MA,2750.0,2609,2756.0,-6.0,-0.22,现货价-主力期货价,OK,生意社期现基差表,https://www.100ppi.com/sf/day-2026-07-23.html
2026-07-24,MA,甲醇MA,2753.33,2609,2755.0,-1.67,-0.06,现货价-主力期货价,OK,生意社期现基差表,https://www.100ppi.com/sf/day-2026-07-24.html
2026-07-27,MA,甲醇MA,2621.67,2609,2610.0,11.0,0.42,现货价-主力期货价,OK,生意社期现基差表,https://www.100ppi.com/sf/day-2026-07-27.html
2026-07-28,MA,甲醇MA,2613.33,2609,2601.0,12.0,0.46,现货价-主力期货价,OK,生意社期现基差表,https://www.100ppi.com/sf/day-2026-07-28.html
2026-07-29,MA,甲醇MA,2656.67,2609,2649.0,7.0,0.26,现货价-主力期货价,OK,生意社期现基差表,https://www.100ppi.com/sf/day-2026-07-29.html
2026-07-30,MA,甲醇MA,2665.0,2609,2657.0,8.0,0.3,现货价-主力期货价,OK,生意社期现基差表,https://www.100ppi.com/sf/day-2026-07-30.html
2026-07-31,MA,甲醇MA,2627.5,2609,2618.0,9.0,0.34,现货价-主力期货价,OK,生意社期现基差表,https://www.100ppi.com/sf/day-2026-07-31.html
2026-08-03,MA,甲醇MA,2620.0,2609,2594.0,26.0,0.99,现货价-主力期货价,OK,生意社期现基差表,https://www.100ppi.com/sf/day-2026-08-03.html
2026-08-04,MA,甲醇MA,2616.67,2609,2586.0,30.0,1.15,现货价-主力期货价,OK,生意社期现基差表,https://www.100ppi.com/sf/day-2026-08-04.html
2026-08-05,MA,甲醇MA,2565.0,2609,2517.0,48.0,1.87,现货价-主力期货价,OK,生意社期现基差表,https://www.100ppi.com/sf/day-2026-08-05.html
2026-08-06,MA,甲醇MA,2531.67,2610,2478.0,53.0,2.09,现货价-主力期货价,OK,生意社期现基差表,https://www.100ppi.com/sf/day-2026-08-06.html
2026-08-07,MA,甲醇MA,2560.0,2610,2500.0,60.0,2.34,现货价-主力期货价,OK,生意社期现基差表,https://www.100ppi.com/sf/day-2026-08-07.html
2026-08-10,MA,甲醇MA,2580.0,2610,2531.0,49.0,1.9,现货价-主力期货价,OK,生意社期现基差表,https://www.100ppi.com/sf/day-2026-08-10.html
2026-08-11,MA,甲醇MA,2660.0,2610,2633.0,27.0,1.02,现货价-主力期货价,OK,生意社期现基差表,https://www.100ppi.com/sf/day-2026-08-11.html
2026-08-12,MA,甲醇MA,2645.0,2610,2607.0,38.0,1.44,现货价-主力期货价,OK,生意社期现基差表,https://www.100ppi.com/sf/day-2026-08-12.html
2026-08-13,MA,甲醇MA,2668.33,2610,2645.0,23.0,0.86,现货价-主力期货价,OK,生意社期现基差表,https://www.100ppi.com/sf/day-2026-08-13.html
2026-08-14,MA,甲醇MA,2707.5,2610,2687.0,20.0,0.74,现货价-主力期货价,OK,生意社期现基差表,https://www.100ppi.com/sf/day-2026-08-14.html
2026-08-17,MA,甲醇MA,2761.67,2610,2735.0,26.0,0.94,现货价-主力期货价,OK,生意社期现基差表,https://www.100ppi.com/sf/day-2026-08-17.html
2026-08-18,MA,甲醇MA,2810.0,2610,2776.0,34.0,1.21,现货价-主力期货价,OK,生意社期现基差表,https://www.100ppi.com/sf/day-2026-08-18.html
2026-08-19,MA,甲醇MA,2880.0,2610,2843.0,37.0,1.28,现货价-主力期货价,OK,生意社期现基差表,https://www.100ppi.com/sf/day-2026-08-19.html
2026-08-20,MA,甲醇MA,2875.83,2610,2837.0,38.0,1.32,现货价-主力期货价,OK,生意社期现基差表,https://www.100ppi.com/sf/day-2026-08-20.html
2026-08-21,MA,甲醇MA,2956.67,2610,2909.0,47.0,1.59,现货价-主力期货价,OK,生意社期现基差表,https://www.100ppi.com/sf/day-2026-08-21.html
2026-08-24,MA,甲醇MA,2983.33,2610,2914.0,69.0,2.31,现货价-主力期货价,OK,生意社期现基差表,https://www.100ppi.com/sf/day-2026-08-24.html
2026-08-25,MA,甲醇MA,2990.0,2610,2925.0,65.0,2.17,现货价-主力期货价,OK,生意社期现基差表,https://www.100ppi.com/sf/day-2026-08-25.html
2026-08-26,MA,甲醇MA,2846.67,2610,2769.0,77.0,2.7,现货价-主力期货价,OK,生意社期现基差表,https://www.100ppi.com/sf/day-2026-08-26.html
2026-08-27,MA,甲醇MA,2850.83,2610,2778.0,72.0,2.53,现货价-主力期货价,OK,生意社期现基差表,https://www.100ppi.com/sf/day-2026-08-27.html
2026-07-17,NI,镍,130283.33,2609,128890.0,1393.0,1.07,现货价-主力期货价,OK,生意社期现基差表,https://www.100ppi.com/sf/day-2026-07-17.html
2026-07-20,NI,镍,131100.0,2609,129920.0,1180.0,0.9,现货价-主力期货价,OK,生意社期现基差表,https://www.100ppi.com/sf/day-2026-07-20.html
2026-07-21,NI,镍,130316.67,2609,130620.0,-303.0,-0.23,现货价-主力期货价,OK,生意社期现基差表,https://www.100ppi.com/sf/day-2026-07-21.html
2026-07-22,NI,镍,131400.0,2609,131480.0,-80.0,-0.06,现货价-主力期货价,OK,生意社期现基差表,https://www.100ppi.com/sf/day-2026-07-22.html
2026-07-23,NI,镍,132533.33,2609,133160.0,-626.0,-0.47,现货价-主力期货价,OK,生意社期现基差表,https://www.100ppi.com/sf/day-2026-07-23.html
2026-07-24,NI,镍,132416.67,2609,133710.0,-1293.0,-0.98,现货价-主力期货价,OK,生意社期现基差表,https://www.100ppi.com/sf/day-2026-07-24.html
2026-07-27,NI,镍,133050.0,2609,132850.0,200.0,0.15,现货价-主力期货价,OK,生意社期现基差表,https://www.100ppi.com/sf/day-2026-07-27.html
2026-07-28,NI,镍,132400.0,2609,131010.0,1390.0,1.05,现货价-主力期货价,OK,生意社期现基差表,https://www.100ppi.com/sf/day-2026-07-28.html
2026-07-29,NI,镍,131616.67,2609,131660.0,-43.0,-0.03,现货价-主力期货价,OK,生意社期现基差表,https://www.100ppi.com/sf/day-2026-07-29.html
2026-07-30,NI,镍,131700.0,2609,131280.0,420.0,0.32,现货价-主力期货价,OK,生意社期现基差表,https://www.100ppi.com/sf/day-2026-07-30.html
2026-07-31,NI,镍,132650.0,2609,131680.0,970.0,0.73,现货价-主力期货价,OK,生意社期现基差表,https://www.100ppi.com/sf/day-2026-07-31.html
2026-08-03,NI,镍,131483.33,2609,129430.0,2053.0,1.56,现货价-主力期货价,OK,生意社期现基差表,https://www.100ppi.com/sf/day-2026-08-03.html
2026-08-04,NI,镍,133583.33,2609,132470.0,1113.0,0.83,现货价-主力期货价,OK,生意社期现基差表,https://www.100ppi.com/sf/day-2026-08-04.html
2026-08-05,NI,镍,130800.0,2609,130800.0,0.0,0.0,现货价-主力期货价,OK,生意社期现基差表,https://www.100ppi.com/sf/day-2026-08-05.html
2026-08-06,NI,镍,131633.33,2609,127460.0,4173.0,3.17,现货价-主力期货价,OK,生意社期现基差表,https://www.100ppi.com/sf/day-2026-08-06.html
2026-08-07,NI,镍,130066.67,2609,130460.0,-393.0,-0.3,现货价-主力期货价,OK,生意社期现基差表,https://www.100ppi.com/sf/day-2026-08-07.html
2026-08-10,NI,镍,130716.67,2609,129740.0,976.0,0.75,现货价-主力期货价,OK,生意社期现基差表,https://www.100ppi.com/sf/day-2026-08-10.html
2026-08-11,NI,镍,129416.67,2609,129270.0,146.0,0.11,现货价-主力期货价,OK,生意社期现基差表,https://www.100ppi.com/sf/day-2026-08-11.html
2026-08-12,NI,镍,129350.0,2609,128710.0,640.0,0.49,现货价-主力期货价,OK,生意社期现基差表,https://www.100ppi.com/sf/day-2026-08-12.html
2026-08-13,NI,镍,128783.33,2609,128000.0,783.0,0.61,现货价-主力期货价,OK,生意社期现基差表,https://www.100ppi.com/sf/day-2026-08-13.html
2026-08-14,NI,镍,127750.0,2609,127040.0,710.0,0.56,现货价-主力期货价,OK,生意社期现基差表,https://www.100ppi.com/sf/day-2026-08-14.html
2026-08-17,NI,镍,129566.67,2609,128710.0,856.0,0.66,现货价-主力期货价,OK,生意社期现基差表,https://www.100ppi.com/sf/day-2026-08-17.html
2026-08-18,NI,镍,128866.67,2609,128740.0,126.0,0.1,现货价-主力期货价,OK,生意社期现基差表,https://www.100ppi.com/sf/day-2026-08-18.html
2026-08-19,NI,镍,128216.67,2610,128080.0,136.0,0.11,现货价-主力期货价,OK,生意社期现基差表,https://www.100ppi.com/sf/day-2026-08-19.html
2026-08-20,NI,镍,130216.67,2610,129460.0,756.0,0.58,现货价-主力期货价,OK,生意社期现基差表,https://www.100ppi.com/sf/day-2026-08-20.html
2026-08-21,NI,镍,129783.33,2610,129200.0,583.0,0.45,现货价-主力期货价,OK,生意社期现基差表,https://www.100ppi.com/sf/day-2026-08-21.html
2026-08-24,NI,镍,131233.33,2610,129860.0,1373.0,1.05,现货价-主力期货价,OK,生意社期现基差表,https://www.100ppi.com/sf/day-2026-08-24.html
2026-08-25,NI,镍,129733.33,2610,129120.0,613.0,0.47,现货价-主力期货价,OK,生意社期现基差表,https://www.100ppi.com/sf/day-2026-08-25.html
2026-08-26,NI,镍,130216.67,2610,129310.0,906.0,0.7,现货价-主力期货价,OK,生意社期现基差表,https://www.100ppi.com/sf/day-2026-08-26.html
2026-08-27,NI,镍,129650.0,2610,128680.0,970.0,0.75,现货价-主力期货价,OK,生意社期现基差表,https://www.100ppi.com/sf/day-2026-08-27.html
2026-07-17,OI,菜籽油OI,10324.0,2609,9936.0,388.0,3.76,现货价-主力期货价,OK,生意社期现基差表,https://www.100ppi.com/sf/day-2026-07-17.html
2026-07-20,OI,菜籽油OI,10404.0,2609,10050.0,354.0,3.4,现货价-主力期货价,OK,生意社期现基差表,https://www.100ppi.com/sf/day-2026-07-20.html
2026-07-21,OI,菜籽油OI,10384.0,2609,10037.0,347.0,3.34,现货价-主力期货价,OK,生意社期现基差表,https://www.100ppi.com/sf/day-2026-07-21.html
2026-07-22,OI,菜籽油OI,10284.0,2609,9949.0,335.0,3.26,现货价-主力期货价,OK,生意社期现基差表,https://www.100ppi.com/sf/day-2026-07-22.html
2026-07-23,OI,菜籽油OI,10384.0,2609,10175.0,209.0,2.01,现货价-主力期货价,OK,生意社期现基差表,https://www.100ppi.com/sf/day-2026-07-23.html
2026-07-24,OI,菜籽油OI,10536.0,2609,10281.0,255.0,2.42,现货价-主力期货价,OK,生意社期现基差表,https://www.100ppi.com/sf/day-2026-07-24.html
2026-07-27,OI,菜籽油OI,10376.0,2609,9991.0,385.0,3.71,现货价-主力期货价,OK,生意社期现基差表,https://www.100ppi.com/sf/day-2026-07-27.html
2026-07-28,OI,菜籽油OI,10236.0,2609,9892.0,344.0,3.36,现货价-主力期货价,OK,生意社期现基差表,https://www.100ppi.com/sf/day-2026-07-28.html
2026-07-29,OI,菜籽油OI,10236.0,2609,9922.0,314.0,3.07,现货价-主力期货价,OK,生意社期现基差表,https://www.100ppi.com/sf/day-2026-07-29.html
2026-07-30,OI,菜籽油OI,10216.0,2609,9893.0,323.0,3.16,现货价-主力期货价,OK,生意社期现基差表,https://www.100ppi.com/sf/day-2026-07-30.html
2026-07-31,OI,菜籽油OI,10186.0,2609,9894.0,292.0,2.87,现货价-主力期货价,OK,生意社期现基差表,https://www.100ppi.com/sf/day-2026-07-31.html
2026-08-03,OI,菜籽油OI,10226.0,2609,9891.0,335.0,3.28,现货价-主力期货价,OK,生意社期现基差表,https://www.100ppi.com/sf/day-2026-08-03.html
2026-08-04,OI,菜籽油OI,10376.0,2609,10086.0,290.0,2.79,现货价-主力期货价,OK,生意社期现基差表,https://www.100ppi.com/sf/day-2026-08-04.html
2026-08-05,OI,菜籽油OI,10386.0,2609,10081.0,305.0,2.94,现货价-主力期货价,OK,生意社期现基差表,https://www.100ppi.com/sf/day-2026-08-05.html
2026-08-06,OI,菜籽油OI,10426.0,2609,10151.0,275.0,2.64,现货价-主力期货价,OK,生意社期现基差表,https://www.100ppi.com/sf/day-2026-08-06.html
2026-08-07,OI,菜籽油OI,10466.0,2609,10144.0,322.0,3.08,现货价-主力期货价,OK,生意社期现基差表,https://www.100ppi.com/sf/day-2026-08-07.html
2026-08-10,OI,菜籽油OI,10466.0,2611,10071.0,395.0,3.77,现货价-主力期货价,OK,生意社期现基差表,https://www.100ppi.com/sf/day-2026-08-10.html
2026-08-11,OI,菜籽油OI,10502.0,2611,10126.0,376.0,3.58,现货价-主力期货价,OK,生意社期现基差表,https://www.100ppi.com/sf/day-2026-08-11.html
2026-08-12,OI,菜籽油OI,10464.0,2611,10103.0,361.0,3.45,现货价-主力期货价,OK,生意社期现基差表,https://www.100ppi.com/sf/day-2026-08-12.html
2026-08-13,OI,菜籽油OI,10520.0,2611,10187.0,333.0,3.17,现货价-主力期货价,OK,生意社期现基差表,https://www.100ppi.com/sf/day-2026-08-13.html
2026-08-14,OI,菜籽油OI,10708.0,2611,10431.0,277.0,2.59,现货价-主力期货价,OK,生意社期现基差表,https://www.100ppi.com/sf/day-2026-08-14.html
2026-08-17,OI,菜籽油OI,10758.0,2611,10428.0,330.0,3.07,现货价-主力期货价,OK,生意社期现基差表,https://www.100ppi.com/sf/day-2026-08-17.html
2026-08-18,OI,菜籽油OI,10870.0,2611,10417.0,453.0,4.17,现货价-主力期货价,OK,生意社期现基差表,https://www.100ppi.com/sf/day-2026-08-18.html
2026-08-19,OI,菜籽油OI,10904.0,2611,10568.0,336.0,3.08,现货价-主力期货价,OK,生意社期现基差表,https://www.100ppi.com/sf/day-2026-08-19.html
2026-08-20,OI,菜籽油OI,11006.0,2611,10682.0,324.0,2.94,现货价-主力期货价,OK,生意社期现基差表,https://www.100ppi.com/sf/day-2026-08-20.html
2026-08-21,OI,菜籽油OI,10860.0,2611,10490.0,370.0,3.41,现货价-主力期货价,OK,生意社期现基差表,https://www.100ppi.com/sf/day-2026-08-21.html
2026-08-24,OI,菜籽油OI,10760.0,2611,10412.0,348.0,3.23,现货价-主力期货价,OK,生意社期现基差表,https://www.100ppi.com/sf/day-2026-08-24.html
2026-08-25,OI,菜籽油OI,10630.0,2611,10281.0,349.0,3.28,现货价-主力期货价,OK,生意社期现基差表,https://www.100ppi.com/sf/day-2026-08-25.html
2026-08-26,OI,菜籽油OI,10630.0,2611,10291.0,339.0,3.19,现货价-主力期货价,OK,生意社期现基差表,https://www.100ppi.com/sf/day-2026-08-26.html
2026-08-27,OI,菜籽油OI,10660.0,2611,10297.0,363.0,3.41,现货价-主力期货价,OK,生意社期现基差表,https://www.100ppi.com/sf/day-2026-08-27.html
2026-07-17,P,棕榈油,9112.0,2609,9232.0,-120.0,-1.32,现货价-主力期货价,OK,生意社期现基差表,https://www.100ppi.com/sf/day-2026-07-17.html
2026-07-20,P,棕榈油,9282.0,2609,9389.0,-107.0,-1.15,现货价-主力期货价,OK,生意社期现基差表,https://www.100ppi.com/sf/day-2026-07-20.html
2026-07-21,P,棕榈油,9172.0,2609,9240.0,-68.0,-0.74,现货价-主力期货价,OK,生意社期现基差表,https://www.100ppi.com/sf/day-2026-07-21.html
2026-07-22,P,棕榈油,9128.0,2609,9250.0,-122.0,-1.34,现货价-主力期货价,OK,生意社期现基差表,https://www.100ppi.com/sf/day-2026-07-22.html
2026-07-23,P,棕榈油,9398.0,2609,9515.0,-117.0,-1.24,现货价-主力期货价,OK,生意社期现基差表,https://www.100ppi.com/sf/day-2026-07-23.html
2026-07-24,P,棕榈油,9452.0,2609,9570.0,-118.0,-1.25,现货价-主力期货价,OK,生意社期现基差表,https://www.100ppi.com/sf/day-2026-07-24.html
2026-07-27,P,棕榈油,9316.0,2609,9380.0,-64.0,-0.69,现货价-主力期货价,OK,生意社期现基差表,https://www.100ppi.com/sf/day-2026-07-27.html
2026-07-28,P,棕榈油,9216.0,2609,9312.0,-96.0,-1.04,现货价-主力期货价,OK,生意社期现基差表,https://www.100ppi.com/sf/day-2026-07-28.html
2026-07-29,P,棕榈油,9266.0,2609,9385.0,-119.0,-1.28,现货价-主力期货价,OK,生意社期现基差表,https://www.100ppi.com/sf/day-2026-07-29.html
2026-07-30,P,棕榈油,9264.0,2609,9393.0,-129.0,-1.39,现货价-主力期货价,OK,生意社期现基差表,https://www.100ppi.com/sf/day-2026-07-30.html
2026-07-31,P,棕榈油,9234.0,2609,9281.0,-47.0,-0.51,现货价-主力期货价,OK,生意社期现基差表,https://www.100ppi.com/sf/day-2026-07-31.html
2026-08-03,P,棕榈油,9202.0,2609,9253.0,-51.0,-0.55,现货价-主力期货价,OK,生意社期现基差表,https://www.100ppi.com/sf/day-2026-08-03.html
2026-08-04,P,棕榈油,9272.0,2609,9299.0,-27.0,-0.29,现货价-主力期货价,OK,生意社期现基差表,https://www.100ppi.com/sf/day-2026-08-04.html
2026-08-05,P,棕榈油,9282.0,2609,9395.0,-113.0,-1.22,现货价-主力期货价,OK,生意社期现基差表,https://www.100ppi.com/sf/day-2026-08-05.html
2026-08-06,P,棕榈油,9332.0,2701,9688.0,-356.0,-3.81,现货价-主力期货价,OK,生意社期现基差表,https://www.100ppi.com/sf/day-2026-08-06.html
2026-08-07,P,棕榈油,9312.0,2701,9662.0,-350.0,-3.76,现货价-主力期货价,OK,生意社期现基差表,https://www.100ppi.com/sf/day-2026-08-07.html
2026-08-10,P,棕榈油,9362.0,2701,9710.0,-348.0,-3.72,现货价-主力期货价,OK,生意社期现基差表,https://www.100ppi.com/sf/day-2026-08-10.html
2026-08-11,P,棕榈油,9422.0,2701,9744.0,-322.0,-3.42,现货价-主力期货价,OK,生意社期现基差表,https://www.100ppi.com/sf/day-2026-08-11.html
2026-08-12,P,棕榈油,9356.0,2701,9691.0,-335.0,-3.58,现货价-主力期货价,OK,生意社期现基差表,https://www.100ppi.com/sf/day-2026-08-12.html
2026-08-13,P,棕榈油,9366.0,2701,9735.0,-369.0,-3.94,现货价-主力期货价,OK,生意社期现基差表,https://www.100ppi.com/sf/day-2026-08-13.html
2026-08-14,P,棕榈油,9468.0,2701,9838.0,-370.0,-3.91,现货价-主力期货价,OK,生意社期现基差表,https://www.100ppi.com/sf/day-2026-08-14.html
2026-08-17,P,棕榈油,9478.0,2701,9838.0,-360.0,-3.8,现货价-主力期货价,OK,生意社期现基差表,https://www.100ppi.com/sf/day-2026-08-17.html
2026-08-18,P,棕榈油,9624.0,2701,9946.0,-322.0,-3.35,现货价-主力期货价,OK,生意社期现基差表,https://www.100ppi.com/sf/day-2026-08-18.html
2026-08-19,P,棕榈油,9656.0,2701,9994.0,-338.0,-3.5,现货价-主力期货价,OK,生意社期现基差表,https://www.100ppi.com/sf/day-2026-08-19.html
2026-08-20,P,棕榈油,9806.0,2701,10160.0,-354.0,-3.61,现货价-主力期货价,OK,生意社期现基差表,https://www.100ppi.com/sf/day-2026-08-20.html
2026-08-21,P,棕榈油,9818.0,2701,10160.0,-342.0,-3.48,现货价-主力期货价,OK,生意社期现基差表,https://www.100ppi.com/sf/day-2026-08-21.html
2026-08-24,P,棕榈油,9808.0,2701,10145.0,-337.0,-3.44,现货价-主力期货价,OK,生意社期现基差表,https://www.100ppi.com/sf/day-2026-08-24.html
2026-08-25,P,棕榈油,9728.0,2701,10079.0,-351.0,-3.61,现货价-主力期货价,OK,生意社期现基差表,https://www.100ppi.com/sf/day-2026-08-25.html
2026-08-26,P,棕榈油,9656.0,2701,10002.0,-346.0,-3.58,现货价-主力期货价,OK,生意社期现基差表,https://www.100ppi.com/sf/day-2026-08-26.html
2026-08-27,P,棕榈油,9722.0,2701,10045.0,-323.0,-3.32,现货价-主力期货价,OK,生意社期现基差表,https://www.100ppi.com/sf/day-2026-08-27.html
2026-07-17,PB,铅,15831.25,2609,15875.0,-43.0,-0.27,现货价-主力期货价,OK,生意社期现基差表,https://www.100ppi.com/sf/day-2026-07-17.html
2026-07-20,PB,铅,15831.25,2609,15810.0,21.0,0.13,现货价-主力期货价,OK,生意社期现基差表,https://www.100ppi.com/sf/day-2026-07-20.html
2026-07-21,PB,铅,15825.0,2609,15885.0,-60.0,-0.38,现货价-主力期货价,OK,生意社期现基差表,https://www.100ppi.com/sf/day-2026-07-21.html
2026-07-22,PB,铅,15693.75,2609,15725.0,-31.0,-0.2,现货价-主力期货价,OK,生意社期现基差表,https://www.100ppi.com/sf/day-2026-07-22.html
2026-07-23,PB,铅,15831.25,2609,15905.0,-73.0,-0.46,现货价-主力期货价,OK,生意社期现基差表,https://www.100ppi.com/sf/day-2026-07-23.html
2026-07-24,PB,铅,15693.75,2609,15725.0,-31.0,-0.2,现货价-主力期货价,OK,生意社期现基差表,https://www.100ppi.com/sf/day-2026-07-24.html
2026-07-27,PB,铅,15518.75,2609,15635.0,-116.0,-0.75,现货价-主力期货价,OK,生意社期现基差表,https://www.100ppi.com/sf/day-2026-07-27.html
2026-07-28,PB,铅,15587.5,2609,15625.0,-37.0,-0.24,现货价-主力期货价,OK,生意社期现基差表,https://www.100ppi.com/sf/day-2026-07-28.html
2026-07-29,PB,铅,15625.0,2609,15810.0,-185.0,-1.18,现货价-主力期货价,OK,生意社期现基差表,https://www.100ppi.com/sf/day-2026-07-29.html
2026-07-30,PB,铅,15625.0,2609,15740.0,-115.0,-0.74,现货价-主力期货价,OK,生意社期现基差表,https://www.100ppi.com/sf/day-2026-07-30.html
2026-07-31,PB,铅,15475.0,2609,15550.0,-75.0,-0.48,现货价-主力期货价,OK,生意社期现基差表,https://www.100ppi.com/sf/day-2026-07-31.html
2026-08-03,PB,铅,15337.5,2609,15430.0,-92.0,-0.6,现货价-主力期货价,OK,生意社期现基差表,https://www.100ppi.com/sf/day-2026-08-03.html
2026-08-04,PB,铅,15325.0,2609,15445.0,-120.0,-0.78,现货价-主力期货价,OK,生意社期现基差表,https://www.100ppi.com/sf/day-2026-08-04.html
2026-08-05,PB,铅,15606.25,2609,15755.0,-148.0,-0.95,现货价-主力期货价,OK,生意社期现基差表,https://www.100ppi.com/sf/day-2026-08-05.html
2026-08-06,PB,铅,15612.5,2609,15650.0,-37.0,-0.24,现货价-主力期货价,OK,生意社期现基差表,https://www.100ppi.com/sf/day-2026-08-06.html
2026-08-07,PB,铅,15662.5,2609,15730.0,-67.0,-0.43,现货价-主力期货价,OK,生意社期现基差表,https://www.100ppi.com/sf/day-2026-08-07.html
2026-08-10,PB,铅,15687.5,2610,15890.0,-202.0,-1.29,现货价-主力期货价,OK,生意社期现基差表,https://www.100ppi.com/sf/day-2026-08-10.html
2026-08-11,PB,铅,15781.25,2610,15925.0,-143.0,-0.91,现货价-主力期货价,OK,生意社期现基差表,https://www.100ppi.com/sf/day-2026-08-11.html
2026-08-12,PB,铅,15818.75,2610,15925.0,-106.0,-0.67,现货价-主力期货价,OK,生意社期现基差表,https://www.100ppi.com/sf/day-2026-08-12.html
2026-08-13,PB,铅,15881.25,2610,15940.0,-58.0,-0.37,现货价-主力期货价,OK,生意社期现基差表,https://www.100ppi.com/sf/day-2026-08-13.html
2026-08-14,PB,铅,15737.5,2610,15830.0,-92.0,-0.58,现货价-主力期货价,OK,生意社期现基差表,https://www.100ppi.com/sf/day-2026-08-14.html
2026-08-17,PB,铅,15806.25,2610,15950.0,-143.0,-0.9,现货价-主力期货价,OK,生意社期现基差表,https://www.100ppi.com/sf/day-2026-08-17.html
2026-08-18,PB,铅,15768.75,2610,15905.0,-136.0,-0.86,现货价-主力期货价,OK,生意社期现基差表,https://www.100ppi.com/sf/day-2026-08-18.html
2026-08-19,PB,铅,15787.5,2610,15930.0,-142.0,-0.9,现货价-主力期货价,OK,生意社期现基差表,https://www.100ppi.com/sf/day-2026-08-19.html
2026-08-20,PB,铅,15856.25,2610,15935.0,-78.0,-0.49,现货价-主力期货价,OK,生意社期现基差表,https://www.100ppi.com/sf/day-2026-08-20.html
2026-08-21,PB,铅,15993.75,2610,16130.0,-136.0,-0.85,现货价-主力期货价,OK,生意社期现基差表,https://www.100ppi.com/sf/day-2026-08-21.html
2026-08-24,PB,铅,16087.5,2610,16165.0,-77.0,-0.48,现货价-主力期货价,OK,生意社期现基差表,https://www.100ppi.com/sf/day-2026-08-24.html
2026-08-25,PB,铅,15993.75,2610,16130.0,-136.0,-0.85,现货价-主力期货价,OK,生意社期现基差表,https://www.100ppi.com/sf/day-2026-08-25.html
2026-08-26,PB,铅,16037.5,2610,16120.0,-82.0,-0.51,现货价-主力期货价,OK,生意社期现基差表,https://www.100ppi.com/sf/day-2026-08-26.html
2026-08-27,PB,铅,16037.5,2610,16110.0,-72.0,-0.45,现货价-主力期货价,OK,生意社期现基差表,https://www.100ppi.com/sf/day-2026-08-27.html
2026-07-17,PF,涤纶短纤,7469.43,2609,7272.0,197.0,2.64,现货价-主力期货价,OK,生意社期现基差表,https://www.100ppi.com/sf/day-2026-07-17.html
2026-07-20,PF,涤纶短纤,7515.33,2609,7478.0,37.0,0.49,现货价-主力期货价,OK,生意社期现基差表,https://www.100ppi.com/sf/day-2026-07-20.html
2026-07-21,PF,涤纶短纤,7547.0,2609,7364.0,183.0,2.42,现货价-主力期货价,OK,生意社期现基差表,https://www.100ppi.com/sf/day-2026-07-21.html
2026-07-22,PF,涤纶短纤,7561.71,2609,7478.0,83.0,1.1,现货价-主力期货价,OK,生意社期现基差表,https://www.100ppi.com/sf/day-2026-07-22.html
2026-07-23,PF,涤纶短纤,7590.17,2609,7552.0,38.0,0.5,现货价-主力期货价,OK,生意社期现基差表,https://www.100ppi.com/sf/day-2026-07-23.html
2026-07-24,PF,涤纶短纤,7662.83,2609,7526.0,136.0,1.77,现货价-主力期货价,OK,生意社期现基差表,https://www.100ppi.com/sf/day-2026-07-24.html
2026-07-27,PF,涤纶短纤,7532.75,2609,7252.0,280.0,3.72,现货价-主力期货价,OK,生意社期现基差表,https://www.100ppi.com/sf/day-2026-07-27.html
2026-07-28,PF,涤纶短纤,7498.33,2609,7250.0,248.0,3.31,现货价-主力期货价,OK,生意社期现基差表,https://www.100ppi.com/sf/day-2026-07-28.html
2026-07-29,PF,涤纶短纤,7511.33,2609,7336.0,175.0,2.33,现货价-主力期货价,OK,生意社期现基差表,https://www.100ppi.com/sf/day-2026-07-29.html
2026-07-30,PF,涤纶短纤,7558.21,2609,7514.0,44.0,0.58,现货价-主力期货价,OK,生意社期现基差表,https://www.100ppi.com/sf/day-2026-07-30.html
2026-07-31,PF,涤纶短纤,7565.33,2609,7426.0,139.0,1.84,现货价-主力期货价,OK,生意社期现基差表,https://www.100ppi.com/sf/day-2026-07-31.html
2026-08-03,PF,涤纶短纤,7560.58,2610,7390.0,170.0,2.25,现货价-主力期货价,OK,生意社期现基差表,https://www.100ppi.com/sf/day-2026-08-03.html
2026-08-04,PF,涤纶短纤,7591.29,2610,7394.0,197.0,2.6,现货价-主力期货价,OK,生意社期现基差表,https://www.100ppi.com/sf/day-2026-08-04.html
2026-08-05,PF,涤纶短纤,7483.83,2610,7180.0,303.0,4.05,现货价-主力期货价,OK,生意社期现基差表,https://www.100ppi.com/sf/day-2026-08-05.html
2026-08-06,PF,涤纶短纤,7473.17,2610,7196.0,277.0,3.71,现货价-主力期货价,OK,生意社期现基差表,https://www.100ppi.com/sf/day-2026-08-06.html
2026-08-07,PF,涤纶短纤,7518.0,2610,7332.0,186.0,2.47,现货价-主力期货价,OK,生意社期现基差表,https://www.100ppi.com/sf/day-2026-08-07.html
2026-08-10,PF,涤纶短纤,7548.54,2610,7280.0,268.0,3.55,现货价-主力期货价,OK,生意社期现基差表,https://www.100ppi.com/sf/day-2026-08-10.html
2026-08-11,PF,涤纶短纤,7590.33,2610,7406.0,184.0,2.42,现货价-主力期货价,OK,生意社期现基差表,https://www.100ppi.com/sf/day-2026-08-11.html
2026-08-12,PF,涤纶短纤,7593.21,2610,7368.0,225.0,2.96,现货价-主力期货价,OK,生意社期现基差表,https://www.100ppi.com/sf/day-2026-08-12.html
2026-08-13,PF,涤纶短纤,7601.46,2610,7388.0,213.0,2.8,现货价-主力期货价,OK,生意社期现基差表,https://www.100ppi.com/sf/day-2026-08-13.html
2026-08-14,PF,涤纶短纤,7605.46,2610,7476.0,129.0,1.7,现货价-主力期货价,OK,生意社期现基差表,https://www.100ppi.com/sf/day-2026-08-14.html
2026-08-17,PF,涤纶短纤,7655.88,2610,7570.0,85.0,1.11,现货价-主力期货价,OK,生意社期现基差表,https://www.100ppi.com/sf/day-2026-08-17.html
2026-08-18,PF,涤纶短纤,7700.83,2610,7682.0,18.0,0.23,现货价-主力期货价,OK,生意社期现基差表,https://www.100ppi.com/sf/day-2026-08-18.html
2026-08-19,PF,涤纶短纤,7752.92,2610,7638.0,114.0,1.47,现货价-主力期货价,OK,生意社期现基差表,https://www.100ppi.com/sf/day-2026-08-19.html
2026-08-20,PF,涤纶短纤,7809.58,2610,7590.0,219.0,2.8,现货价-主力期货价,OK,生意社期现基差表,https://www.100ppi.com/sf/day-2026-08-20.html
2026-08-21,PF,涤纶短纤,7821.38,2610,7650.0,171.0,2.19,现货价-主力期货价,OK,生意社期现基差表,https://www.100ppi.com/sf/day-2026-08-21.html
2026-08-24,PF,涤纶短纤,7820.04,2610,7664.0,156.0,1.99,现货价-主力期货价,OK,生意社期现基差表,https://www.100ppi.com/sf/day-2026-08-24.html
2026-08-25,PF,涤纶短纤,7878.69,2610,7736.0,142.0,1.8,现货价-主力期货价,OK,生意社期现基差表,https://www.100ppi.com/sf/day-2026-08-25.html
2026-08-26,PF,涤纶短纤,7808.96,2610,7422.0,386.0,4.94,现货价-主力期货价,OK,生意社期现基差表,https://www.100ppi.com/sf/day-2026-08-26.html
2026-08-27,PF,涤纶短纤,7744.82,2610,7424.0,320.0,4.13,现货价-主力期货价,OK,生意社期现基差表,https://www.100ppi.com/sf/day-2026-08-27.html
2026-07-17,PG,液化石油气,5532.5,2610,5407.0,125.0,2.26,现货价-主力期货价,OK,生意社期现基差表,https://www.100ppi.com/sf/day-2026-07-17.html
2026-07-20,PG,液化石油气,6150.0,2610,5785.0,365.0,5.93,现货价-主力期货价,OK,生意社期现基差表,https://www.100ppi.com/sf/day-2026-07-20.html
2026-07-21,PG,液化石油气,6325.0,2610,5610.0,715.0,11.3,现货价-主力期货价,OK,生意社期现基差表,https://www.100ppi.com/sf/day-2026-07-21.html
2026-07-22,PG,液化石油气,6300.0,2610,5733.0,567.0,9.0,现货价-主力期货价,OK,生意社期现基差表,https://www.100ppi.com/sf/day-2026-07-22.html
2026-07-23,PG,液化石油气,6325.0,2610,5790.0,535.0,8.46,现货价-主力期货价,OK,生意社期现基差表,https://www.100ppi.com/sf/day-2026-07-23.html
2026-07-24,PG,液化石油气,6375.0,2610,5779.0,596.0,9.35,现货价-主力期货价,OK,生意社期现基差表,https://www.100ppi.com/sf/day-2026-07-24.html
2026-07-27,PG,液化石油气,6150.0,2610,5462.0,688.0,11.19,现货价-主力期货价,OK,生意社期现基差表,https://www.100ppi.com/sf/day-2026-07-27.html
2026-07-28,PG,液化石油气,6150.0,2610,5390.0,760.0,12.36,现货价-主力期货价,OK,生意社期现基差表,https://www.100ppi.com/sf/day-2026-07-28.html
2026-07-29,PG,液化石油气,6187.5,2610,5461.0,726.0,11.73,现货价-主力期货价,OK,生意社期现基差表,https://www.100ppi.com/sf/day-2026-07-29.html
2026-07-30,PG,液化石油气,6250.0,2610,5562.0,688.0,11.01,现货价-主力期货价,OK,生意社期现基差表,https://www.100ppi.com/sf/day-2026-07-30.html
2026-07-31,PG,液化石油气,6262.5,2610,5431.0,831.0,13.27,现货价-主力期货价,OK,生意社期现基差表,https://www.100ppi.com/sf/day-2026-07-31.html
2026-08-03,PG,液化石油气,6175.0,2610,5338.0,837.0,13.55,现货价-主力期货价,OK,生意社期现基差表,https://www.100ppi.com/sf/day-2026-08-03.html
2026-08-04,PG,液化石油气,6087.5,2610,5376.0,711.0,11.68,现货价-主力期货价,OK,生意社期现基差表,https://www.100ppi.com/sf/day-2026-08-04.html
2026-08-05,PG,液化石油气,6112.5,2610,5160.0,952.0,15.57,现货价-主力期货价,OK,生意社期现基差表,https://www.100ppi.com/sf/day-2026-08-05.html
2026-08-06,PG,液化石油气,6025.0,2610,5148.0,877.0,14.56,现货价-主力期货价,OK,生意社期现基差表,https://www.100ppi.com/sf/day-2026-08-06.html
2026-08-07,PG,液化石油气,6120.0,2610,5236.0,884.0,14.44,现货价-主力期货价,OK,生意社期现基差表,https://www.100ppi.com/sf/day-2026-08-07.html
2026-08-10,PG,液化石油气,6300.0,2610,5236.0,1064.0,16.89,现货价-主力期货价,OK,生意社期现基差表,https://www.100ppi.com/sf/day-2026-08-10.html
2026-08-11,PG,液化石油气,6337.5,2610,5436.0,901.0,14.22,现货价-主力期货价,OK,生意社期现基差表,https://www.100ppi.com/sf/day-2026-08-11.html
2026-08-12,PG,液化石油气,6337.5,2610,5417.0,920.0,14.52,现货价-主力期货价,OK,生意社期现基差表,https://www.100ppi.com/sf/day-2026-08-12.html
2026-08-13,PG,液化石油气,6312.5,2610,5381.0,931.0,14.75,现货价-主力期货价,OK,生意社期现基差表,https://www.100ppi.com/sf/day-2026-08-13.html
2026-08-14,PG,液化石油气,6187.5,2610,5378.0,809.0,13.07,现货价-主力期货价,OK,生意社期现基差表,https://www.100ppi.com/sf/day-2026-08-14.html
2026-08-17,PG,液化石油气,6387.5,2610,5451.0,936.0,14.65,现货价-主力期货价,OK,生意社期现基差表,https://www.100ppi.com/sf/day-2026-08-17.html
2026-08-18,PG,液化石油气,6442.5,2610,5677.0,765.0,11.87,现货价-主力期货价,OK,生意社期现基差表,https://www.100ppi.com/sf/day-2026-08-18.html
2026-08-19,PG,液化石油气,6505.0,2610,5683.0,822.0,12.64,现货价-主力期货价,OK,生意社期现基差表,https://www.100ppi.com/sf/day-2026-08-19.html
2026-08-20,PG,液化石油气,6492.5,2610,5686.0,806.0,12.41,现货价-主力期货价,OK,生意社期现基差表,https://www.100ppi.com/sf/day-2026-08-20.html
2026-08-21,PG,液化石油气,6467.5,2610,5799.0,668.0,10.33,现货价-主力期货价,OK,生意社期现基差表,https://www.100ppi.com/sf/day-2026-08-21.html
2026-08-24,PG,液化石油气,6310.0,2610,5878.0,432.0,6.85,现货价-主力期货价,OK,生意社期现基差表,https://www.100ppi.com/sf/day-2026-08-24.html
2026-08-25,PG,液化石油气,6292.5,2610,5853.0,439.0,6.98,现货价-主力期货价,OK,生意社期现基差表,https://www.100ppi.com/sf/day-2026-08-25.html
2026-08-26,PG,液化石油气,6162.5,2610,5631.0,531.0,8.62,现货价-主力期货价,OK,生意社期现基差表,https://www.100ppi.com/sf/day-2026-08-26.html
2026-08-27,PG,液化石油气,6212.5,2610,5744.0,468.0,7.53,现货价-主力期货价,OK,生意社期现基差表,https://www.100ppi.com/sf/day-2026-08-27.html
2026-07-17,PL,丙烯,8661.0,2609,7668.0,993.0,11.47,现货价-主力期货价,OK,生意社期现基差表,https://www.100ppi.com/sf/day-2026-07-17.html
2026-07-20,PL,丙烯,8517.67,2609,8106.0,411.0,4.83,现货价-主力期货价,OK,生意社期现基差表,https://www.100ppi.com/sf/day-2026-07-20.html
2026-07-21,PL,丙烯,8494.33,2609,7887.0,607.0,7.15,现货价-主力期货价,OK,生意社期现基差表,https://www.100ppi.com/sf/day-2026-07-21.html
2026-07-22,PL,丙烯,8417.67,2609,7952.0,465.0,5.52,现货价-主力期货价,OK,生意社期现基差表,https://www.100ppi.com/sf/day-2026-07-22.html
2026-07-23,PL,丙烯,8434.33,2609,8064.0,370.0,4.39,现货价-主力期货价,OK,生意社期现基差表,https://www.100ppi.com/sf/day-2026-07-23.html
2026-07-24,PL,丙烯,8377.67,2609,8061.0,316.0,3.77,现货价-主力期货价,OK,生意社期现基差表,https://www.100ppi.com/sf/day-2026-07-24.html
2026-07-27,PL,丙烯,7767.67,2609,7600.0,167.0,2.15,现货价-主力期货价,OK,生意社期现基差表,https://www.100ppi.com/sf/day-2026-07-27.html
2026-07-28,PL,丙烯,7511.0,2609,7692.0,-181.0,-2.41,现货价-主力期货价,OK,生意社期现基差表,https://www.100ppi.com/sf/day-2026-07-28.html
2026-07-29,PL,丙烯,7794.33,2610,7540.0,254.0,3.26,现货价-主力期货价,OK,生意社期现基差表,https://www.100ppi.com/sf/day-2026-07-29.html
2026-07-30,PL,丙烯,8001.0,2609,7959.0,42.0,0.52,现货价-主力期货价,OK,生意社期现基差表,https://www.100ppi.com/sf/day-2026-07-30.html
2026-07-31,PL,丙烯,7927.67,2610,7603.0,324.0,4.09,现货价-主力期货价,OK,生意社期现基差表,https://www.100ppi.com/sf/day-2026-07-31.html
2026-08-03,PL,丙烯,7861.0,2611,7325.0,536.0,6.82,现货价-主力期货价,OK,生意社期现基差表,https://www.100ppi.com/sf/day-2026-08-03.html
2026-08-04,PL,丙烯,7924.33,2611,7351.0,573.0,7.23,现货价-主力期货价,OK,生意社期现基差表,https://www.100ppi.com/sf/day-2026-08-04.html
2026-08-05,PL,丙烯,8007.67,2611,7100.0,907.0,11.33,现货价-主力期货价,OK,生意社期现基差表,https://www.100ppi.com/sf/day-2026-08-05.html
2026-08-06,PL,丙烯,8017.67,2611,7006.0,1011.0,12.61,现货价-主力期货价,OK,生意社期现基差表,https://www.100ppi.com/sf/day-2026-08-06.html
2026-08-07,PL,丙烯,8134.33,2611,7105.0,1029.0,12.65,现货价-主力期货价,OK,生意社期现基差表,https://www.100ppi.com/sf/day-2026-08-07.html
2026-08-10,PL,丙烯,8161.0,2611,7155.0,1006.0,12.33,现货价-主力期货价,OK,生意社期现基差表,https://www.100ppi.com/sf/day-2026-08-10.html
2026-08-11,PL,丙烯,8251.0,2611,7428.0,823.0,9.97,现货价-主力期货价,OK,生意社期现基差表,https://www.100ppi.com/sf/day-2026-08-11.html
2026-08-12,PL,丙烯,8451.0,2611,7366.0,1085.0,12.84,现货价-主力期货价,OK,生意社期现基差表,https://www.100ppi.com/sf/day-2026-08-12.html
2026-08-13,PL,丙烯,8591.0,2611,7449.0,1142.0,13.29,现货价-主力期货价,OK,生意社期现基差表,https://www.100ppi.com/sf/day-2026-08-13.html
2026-08-14,PL,丙烯,8614.33,2611,7513.0,1101.0,12.78,现货价-主力期货价,OK,生意社期现基差表,https://www.100ppi.com/sf/day-2026-08-14.html
2026-08-17,PL,丙烯,8391.0,2611,7648.0,743.0,8.85,现货价-主力期货价,OK,生意社期现基差表,https://www.100ppi.com/sf/day-2026-08-17.html
2026-08-18,PL,丙烯,8634.33,2611,7771.0,863.0,9.99,现货价-主力期货价,OK,生意社期现基差表,https://www.100ppi.com/sf/day-2026-08-18.html
2026-08-19,PL,丙烯,8834.33,2611,7843.0,991.0,11.22,现货价-主力期货价,OK,生意社期现基差表,https://www.100ppi.com/sf/day-2026-08-19.html
2026-08-20,PL,丙烯,9017.67,2611,7852.0,1165.0,12.92,现货价-主力期货价,OK,生意社期现基差表,https://www.100ppi.com/sf/day-2026-08-20.html
2026-08-21,PL,丙烯,8954.33,2611,8016.0,938.0,10.48,现货价-主力期货价,OK,生意社期现基差表,https://www.100ppi.com/sf/day-2026-08-21.html
2026-08-24,PL,丙烯,8877.67,2611,8095.0,782.0,8.81,现货价-主力期货价,OK,生意社期现基差表,https://www.100ppi.com/sf/day-2026-08-24.html
2026-08-25,PL,丙烯,8877.67,2611,8091.0,786.0,8.85,现货价-主力期货价,OK,生意社期现基差表,https://www.100ppi.com/sf/day-2026-08-25.html
2026-08-26,PL,丙烯,8807.67,2611,7689.0,1118.0,12.69,现货价-主力期货价,OK,生意社期现基差表,https://www.100ppi.com/sf/day-2026-08-26.html
2026-08-27,PL,丙烯,8694.33,2611,7838.0,856.0,9.85,现货价-主力期货价,OK,生意社期现基差表,https://www.100ppi.com/sf/day-2026-08-27.html
2026-07-17,PP,聚丙烯,9066.67,2609,8044.0,1022.0,11.27,现货价-主力期货价,OK,生意社期现基差表,https://www.100ppi.com/sf/day-2026-07-17.html
2026-07-20,PP,聚丙烯,9366.67,2609,8462.0,904.0,9.65,现货价-主力期货价,OK,生意社期现基差表,https://www.100ppi.com/sf/day-2026-07-20.html
2026-07-21,PP,聚丙烯,9283.33,2609,8273.0,1010.0,10.88,现货价-主力期货价,OK,生意社期现基差表,https://www.100ppi.com/sf/day-2026-07-21.html
2026-07-22,PP,聚丙烯,9333.33,2609,8339.0,994.0,10.65,现货价-主力期货价,OK,生意社期现基差表,https://www.100ppi.com/sf/day-2026-07-22.html
2026-07-23,PP,聚丙烯,9300.0,2609,8470.0,830.0,8.92,现货价-主力期货价,OK,生意社期现基差表,https://www.100ppi.com/sf/day-2026-07-23.html
2026-07-24,PP,聚丙烯,9250.0,2609,8470.0,780.0,8.43,现货价-主力期货价,OK,生意社期现基差表,https://www.100ppi.com/sf/day-2026-07-24.html
2026-07-27,PP,聚丙烯,9183.33,2609,8086.0,1097.0,11.95,现货价-主力期货价,OK,生意社期现基差表,https://www.100ppi.com/sf/day-2026-07-27.html
2026-07-28,PP,聚丙烯,9033.33,2609,8098.0,935.0,10.35,现货价-主力期货价,OK,生意社期现基差表,https://www.100ppi.com/sf/day-2026-07-28.html
2026-07-29,PP,聚丙烯,9016.67,2609,8214.0,802.0,8.89,现货价-主力期货价,OK,生意社期现基差表,https://www.100ppi.com/sf/day-2026-07-29.html
2026-07-30,PP,聚丙烯,9000.0,2609,8364.0,636.0,7.07,现货价-主力期货价,OK,生意社期现基差表,https://www.100ppi.com/sf/day-2026-07-30.html
2026-07-31,PP,聚丙烯,8973.33,2609,8310.0,663.0,7.39,现货价-主力期货价,OK,生意社期现基差表,https://www.100ppi.com/sf/day-2026-07-31.html
2026-08-03,PP,聚丙烯,9006.67,2609,8231.0,775.0,8.6,现货价-主力期货价,OK,生意社期现基差表,https://www.100ppi.com/sf/day-2026-08-03.html
2026-08-04,PP,聚丙烯,9000.0,2609,8298.0,702.0,7.8,现货价-主力期货价,OK,生意社期现基差表,https://www.100ppi.com/sf/day-2026-08-04.html
2026-08-05,PP,聚丙烯,8993.33,2609,8080.0,913.0,10.15,现货价-主力期货价,OK,生意社期现基差表,https://www.100ppi.com/sf/day-2026-08-05.html
2026-08-06,PP,聚丙烯,8903.33,2609,8034.0,869.0,9.76,现货价-主力期货价,OK,生意社期现基差表,https://www.100ppi.com/sf/day-2026-08-06.html
2026-08-07,PP,聚丙烯,8810.0,2609,8159.0,651.0,7.39,现货价-主力期货价,OK,生意社期现基差表,https://www.100ppi.com/sf/day-2026-08-07.html
2026-08-10,PP,聚丙烯,8866.67,2609,8170.0,696.0,7.85,现货价-主力期货价,OK,生意社期现基差表,https://www.100ppi.com/sf/day-2026-08-10.html
2026-08-11,PP,聚丙烯,8983.33,2609,8423.0,560.0,6.23,现货价-主力期货价,OK,生意社期现基差表,https://www.100ppi.com/sf/day-2026-08-11.html
2026-08-12,PP,聚丙烯,9010.0,2609,8356.0,654.0,7.26,现货价-主力期货价,OK,生意社期现基差表,https://www.100ppi.com/sf/day-2026-08-12.html
2026-08-13,PP,聚丙烯,8993.33,2609,8421.0,572.0,6.36,现货价-主力期货价,OK,生意社期现基差表,https://www.100ppi.com/sf/day-2026-08-13.html
2026-08-14,PP,聚丙烯,9016.67,2609,8464.0,552.0,6.12,现货价-主力期货价,OK,生意社期现基差表,https://www.100ppi.com/sf/day-2026-08-14.html
2026-08-17,PP,聚丙烯,9133.33,2701,7813.0,1320.0,14.45,现货价-主力期货价,OK,生意社期现基差表,https://www.100ppi.com/sf/day-2026-08-17.html
2026-08-18,PP,聚丙烯,9183.33,2701,7947.0,1236.0,13.46,现货价-主力期货价,OK,生意社期现基差表,https://www.100ppi.com/sf/day-2026-08-18.html
2026-08-19,PP,聚丙烯,9200.0,2701,8010.0,1190.0,12.93,现货价-主力期货价,OK,生意社期现基差表,https://www.100ppi.com/sf/day-2026-08-19.html
2026-08-20,PP,聚丙烯,9233.33,2701,7994.0,1239.0,13.42,现货价-主力期货价,OK,生意社期现基差表,https://www.100ppi.com/sf/day-2026-08-20.html
2026-08-21,PP,聚丙烯,9216.67,2701,8121.0,1095.0,11.88,现货价-主力期货价,OK,生意社期现基差表,https://www.100ppi.com/sf/day-2026-08-21.html
2026-08-24,PP,聚丙烯,9216.67,2701,8139.0,1077.0,11.69,现货价-主力期货价,OK,生意社期现基差表,https://www.100ppi.com/sf/day-2026-08-24.html
2026-08-25,PP,聚丙烯,9216.67,2701,8098.0,1118.0,12.13,现货价-主力期货价,OK,生意社期现基差表,https://www.100ppi.com/sf/day-2026-08-25.html
2026-08-26,PP,聚丙烯,9246.67,2701,7769.0,1477.0,15.97,现货价-主力期货价,OK,生意社期现基差表,https://www.100ppi.com/sf/day-2026-08-26.html
2026-08-27,PP,聚丙烯,9246.67,2701,7851.0,1395.0,15.09,现货价-主力期货价,OK,生意社期现基差表,https://www.100ppi.com/sf/day-2026-08-27.html
2026-07-17,PR,瓶片,7385.0,2609,7032.0,353.0,4.78,现货价-主力期货价,OK,生意社期现基差表,https://www.100ppi.com/sf/day-2026-07-17.html
2026-07-20,PR,瓶片,7385.0,2609,7314.0,71.0,0.96,现货价-主力期货价,OK,生意社期现基差表,https://www.100ppi.com/sf/day-2026-07-20.html
2026-07-21,PR,瓶片,7652.5,2609,7164.0,488.0,6.38,现货价-主力期货价,OK,生意社期现基差表,https://www.100ppi.com/sf/day-2026-07-21.html
2026-07-22,PR,瓶片,7580.0,2609,7312.0,268.0,3.54,现货价-主力期货价,OK,生意社期现基差表,https://www.100ppi.com/sf/day-2026-07-22.html
2026-07-23,PR,瓶片,7647.5,2609,7394.0,253.0,3.31,现货价-主力期货价,OK,生意社期现基差表,https://www.100ppi.com/sf/day-2026-07-23.html
2026-07-24,PR,瓶片,7727.5,2609,7432.0,295.0,3.82,现货价-主力期货价,OK,生意社期现基差表,https://www.100ppi.com/sf/day-2026-07-24.html
2026-07-27,PR,瓶片,7425.0,2609,7080.0,345.0,4.65,现货价-主力期货价,OK,生意社期现基差表,https://www.100ppi.com/sf/day-2026-07-27.html
2026-07-28,PR,瓶片,7425.0,2609,7122.0,303.0,4.08,现货价-主力期货价,OK,生意社期现基差表,https://www.100ppi.com/sf/day-2026-07-28.html
2026-07-29,PR,瓶片,7425.0,2609,7260.0,165.0,2.22,现货价-主力期货价,OK,生意社期现基差表,https://www.100ppi.com/sf/day-2026-07-29.html
2026-07-30,PR,瓶片,7542.5,2609,7462.0,80.0,1.06,现货价-主力期货价,OK,生意社期现基差表,https://www.100ppi.com/sf/day-2026-07-30.html
2026-07-31,PR,瓶片,7635.0,2609,7330.0,305.0,3.99,现货价-主力期货价,OK,生意社期现基差表,https://www.100ppi.com/sf/day-2026-07-31.html
2026-08-03,PR,瓶片,7610.0,2609,7356.0,254.0,3.34,现货价-主力期货价,OK,生意社期现基差表,https://www.100ppi.com/sf/day-2026-08-03.html
2026-08-04,PR,瓶片,7627.5,2609,7308.0,319.0,4.18,现货价-主力期货价,OK,生意社期现基差表,https://www.100ppi.com/sf/day-2026-08-04.html
2026-08-05,PR,瓶片,7627.5,2610,6966.0,661.0,8.67,现货价-主力期货价,OK,生意社期现基差表,https://www.100ppi.com/sf/day-2026-08-05.html
2026-08-06,PR,瓶片,7342.5,2610,6968.0,374.0,5.09,现货价-主力期货价,OK,生意社期现基差表,https://www.100ppi.com/sf/day-2026-08-06.html
2026-08-07,PR,瓶片,7417.5,2610,7120.0,297.0,4.0,现货价-主力期货价,OK,生意社期现基差表,https://www.100ppi.com/sf/day-2026-08-07.html
2026-08-10,PR,瓶片,7443.66,2610,7062.0,381.0,5.12,现货价-主力期货价,OK,生意社期现基差表,https://www.100ppi.com/sf/day-2026-08-10.html
2026-08-11,PR,瓶片,7454.34,2610,7198.0,256.0,3.43,现货价-主力期货价,OK,生意社期现基差表,https://www.100ppi.com/sf/day-2026-08-11.html
2026-08-12,PR,瓶片,7445.34,2610,7144.0,301.0,4.04,现货价-主力期货价,OK,生意社期现基差表,https://www.100ppi.com/sf/day-2026-08-12.html
2026-08-13,PR,瓶片,7439.16,2610,7164.0,275.0,3.7,现货价-主力期货价,OK,生意社期现基差表,https://www.100ppi.com/sf/day-2026-08-13.html
2026-08-14,PR,瓶片,7444.59,2610,7250.0,194.0,2.61,现货价-主力期货价,OK,生意社期现基差表,https://www.100ppi.com/sf/day-2026-08-14.html
2026-08-17,PR,瓶片,7582.09,2610,7394.0,188.0,2.48,现货价-主力期货价,OK,生意社期现基差表,https://www.100ppi.com/sf/day-2026-08-17.html
2026-08-18,PR,瓶片,7653.75,2610,7508.0,145.0,1.89,现货价-主力期货价,OK,生意社期现基差表,https://www.100ppi.com/sf/day-2026-08-18.html
2026-08-19,PR,瓶片,7715.41,2610,7482.0,233.0,3.02,现货价-主力期货价,OK,生意社期现基差表,https://www.100ppi.com/sf/day-2026-08-19.html
2026-08-20,PR,瓶片,7718.34,2611,7362.0,356.0,4.61,现货价-主力期货价,OK,生意社期现基差表,https://www.100ppi.com/sf/day-2026-08-20.html
2026-08-21,PR,瓶片,7775.84,2611,7386.0,389.0,5.0,现货价-主力期货价,OK,生意社期现基差表,https://www.100ppi.com/sf/day-2026-08-21.html
2026-08-24,PR,瓶片,7752.91,2611,7336.0,416.0,5.37,现货价-主力期货价,OK,生意社期现基差表,https://www.100ppi.com/sf/day-2026-08-24.html
2026-08-25,PR,瓶片,7803.34,2611,7446.0,357.0,4.57,现货价-主力期货价,OK,生意社期现基差表,https://www.100ppi.com/sf/day-2026-08-25.html
2026-08-26,PR,瓶片,7737.75,2611,7112.0,625.0,8.08,现货价-主力期货价,OK,生意社期现基差表,https://www.100ppi.com/sf/day-2026-08-26.html
2026-08-27,PR,瓶片,7731.09,2611,7098.0,633.0,8.19,现货价-主力期货价,OK,生意社期现基差表,https://www.100ppi.com/sf/day-2026-08-27.html
2026-07-17,PS,多晶硅,32666.67,2609,33985.0,-1318.0,-4.03,现货价-主力期货价,OK,生意社期现基差表,https://www.100ppi.com/sf/day-2026-07-17.html
2026-07-20,PS,多晶硅,32666.67,2609,33360.0,-693.0,-2.12,现货价-主力期货价,OK,生意社期现基差表,https://www.100ppi.com/sf/day-2026-07-20.html
2026-07-21,PS,多晶硅,32666.67,2609,33760.0,-1093.0,-3.35,现货价-主力期货价,OK,生意社期现基差表,https://www.100ppi.com/sf/day-2026-07-21.html
2026-07-22,PS,多晶硅,32666.67,2609,34250.0,-1583.0,-4.85,现货价-主力期货价,OK,生意社期现基差表,https://www.100ppi.com/sf/day-2026-07-22.html
2026-07-23,PS,多晶硅,32333.33,2609,33715.0,-1381.0,-4.27,现货价-主力期货价,OK,生意社期现基差表,https://www.100ppi.com/sf/day-2026-07-23.html
2026-07-24,PS,多晶硅,32333.33,2609,33365.0,-1031.0,-3.19,现货价-主力期货价,OK,生意社期现基差表,https://www.100ppi.com/sf/day-2026-07-24.html
2026-07-27,PS,多晶硅,32333.33,2609,33640.0,-1306.0,-4.04,现货价-主力期货价,OK,生意社期现基差表,https://www.100ppi.com/sf/day-2026-07-27.html
2026-07-28,PS,多晶硅,32333.33,2609,32625.0,-291.0,-0.9,现货价-主力期货价,OK,生意社期现基差表,https://www.100ppi.com/sf/day-2026-07-28.html
2026-07-29,PS,多晶硅,32333.33,2609,32680.0,-346.0,-1.07,现货价-主力期货价,OK,生意社期现基差表,https://www.100ppi.com/sf/day-2026-07-29.html
2026-07-30,PS,多晶硅,32333.33,2609,32560.0,-226.0,-0.7,现货价-主力期货价,OK,生意社期现基差表,https://www.100ppi.com/sf/day-2026-07-30.html
2026-07-31,PS,多晶硅,32333.33,2609,33040.0,-706.0,-2.18,现货价-主力期货价,OK,生意社期现基差表,https://www.100ppi.com/sf/day-2026-07-31.html
2026-08-03,PS,多晶硅,32333.33,2609,35890.0,-3556.0,-11.0,现货价-主力期货价,OK,生意社期现基差表,https://www.100ppi.com/sf/day-2026-08-03.html
2026-08-04,PS,多晶硅,32333.33,2609,35715.0,-3381.0,-10.46,现货价-主力期货价,OK,生意社期现基差表,https://www.100ppi.com/sf/day-2026-08-04.html
2026-08-05,PS,多晶硅,32333.33,2609,35480.0,-3146.0,-9.73,现货价-主力期货价,OK,生意社期现基差表,https://www.100ppi.com/sf/day-2026-08-05.html
2026-08-06,PS,多晶硅,32333.33,2609,35895.0,-3561.0,-11.01,现货价-主力期货价,OK,生意社期现基差表,https://www.100ppi.com/sf/day-2026-08-06.html
2026-08-07,PS,多晶硅,31333.33,2609,37040.0,-5706.0,-18.21,现货价-主力期货价,OK,生意社期现基差表,https://www.100ppi.com/sf/day-2026-08-07.html
2026-08-10,PS,多晶硅,31333.33,2609,36390.0,-5056.0,-16.14,现货价-主力期货价,OK,生意社期现基差表,https://www.100ppi.com/sf/day-2026-08-10.html
2026-08-11,PS,多晶硅,31333.33,2609,37105.0,-5771.0,-18.42,现货价-主力期货价,OK,生意社期现基差表,https://www.100ppi.com/sf/day-2026-08-11.html
2026-08-12,PS,多晶硅,31333.33,2611,38345.0,-7011.0,-22.38,现货价-主力期货价,OK,生意社期现基差表,https://www.100ppi.com/sf/day-2026-08-12.html
2026-08-13,PS,多晶硅,31333.33,2611,38390.0,-7056.0,-22.52,现货价-主力期货价,OK,生意社期现基差表,https://www.100ppi.com/sf/day-2026-08-13.html
2026-08-14,PS,多晶硅,31333.33,2611,39190.0,-7856.0,-25.07,现货价-主力期货价,OK,生意社期现基差表,https://www.100ppi.com/sf/day-2026-08-14.html
2026-08-17,PS,多晶硅,31333.33,2611,38980.0,-7646.0,-24.4,现货价-主力期货价,OK,生意社期现基差表,https://www.100ppi.com/sf/day-2026-08-17.html
2026-08-18,PS,多晶硅,31333.33,2611,37630.0,-6296.0,-20.09,现货价-主力期货价,OK,生意社期现基差表,https://www.100ppi.com/sf/day-2026-08-18.html
2026-08-19,PS,多晶硅,31333.33,2611,37815.0,-6481.0,-20.68,现货价-主力期货价,OK,生意社期现基差表,https://www.100ppi.com/sf/day-2026-08-19.html
2026-08-20,PS,多晶硅,31333.33,2611,38475.0,-7141.0,-22.79,现货价-主力期货价,OK,生意社期现基差表,https://www.100ppi.com/sf/day-2026-08-20.html
2026-08-21,PS,多晶硅,31333.33,2611,38430.0,-7096.0,-22.65,现货价-主力期货价,OK,生意社期现基差表,https://www.100ppi.com/sf/day-2026-08-21.html
2026-08-24,PS,多晶硅,31333.33,2611,37695.0,-6361.0,-20.3,现货价-主力期货价,OK,生意社期现基差表,https://www.100ppi.com/sf/day-2026-08-24.html
2026-08-25,PS,多晶硅,31333.33,2611,37155.0,-5821.0,-18.58,现货价-主力期货价,OK,生意社期现基差表,https://www.100ppi.com/sf/day-2026-08-25.html
2026-08-26,PS,多晶硅,31333.33,2611,37645.0,-6311.0,-20.14,现货价-主力期货价,OK,生意社期现基差表,https://www.100ppi.com/sf/day-2026-08-26.html
2026-08-27,PS,多晶硅,32000.0,2611,37730.0,-5730.0,-17.91,现货价-主力期货价,OK,生意社期现基差表,https://www.100ppi.com/sf/day-2026-08-27.html
2026-07-17,PX,PX,8400.0,2609,8034.0,366.0,4.36,现货价-主力期货价,OK,生意社期现基差表,https://www.100ppi.com/sf/day-2026-07-17.html
2026-07-20,PX,PX,8400.0,2609,8362.0,38.0,0.45,现货价-主力期货价,OK,生意社期现基差表,https://www.100ppi.com/sf/day-2026-07-20.html
2026-07-21,PX,PX,8400.0,2609,8124.0,276.0,3.29,现货价-主力期货价,OK,生意社期现基差表,https://www.100ppi.com/sf/day-2026-07-21.html
2026-07-22,PX,PX,8400.0,2609,8350.0,50.0,0.6,现货价-主力期货价,OK,生意社期现基差表,https://www.100ppi.com/sf/day-2026-07-22.html
2026-07-23,PX,PX,8400.0,2609,8432.0,-32.0,-0.38,现货价-主力期货价,OK,生意社期现基差表,https://www.100ppi.com/sf/day-2026-07-23.html
2026-07-24,PX,PX,8400.0,2609,8350.0,50.0,0.6,现货价-主力期货价,OK,生意社期现基差表,https://www.100ppi.com/sf/day-2026-07-24.html
2026-07-27,PX,PX,8400.0,2609,7974.0,426.0,5.07,现货价-主力期货价,OK,生意社期现基差表,https://www.100ppi.com/sf/day-2026-07-27.html
2026-07-28,PX,PX,8400.0,2609,7928.0,472.0,5.62,现货价-主力期货价,OK,生意社期现基差表,https://www.100ppi.com/sf/day-2026-07-28.html
2026-07-29,PX,PX,8500.0,2609,7998.0,502.0,5.91,现货价-主力期货价,OK,生意社期现基差表,https://www.100ppi.com/sf/day-2026-07-29.html
2026-07-30,PX,PX,8500.0,2609,8286.0,214.0,2.52,现货价-主力期货价,OK,生意社期现基差表,https://www.100ppi.com/sf/day-2026-07-30.html
2026-07-31,PX,PX,8500.0,2609,8162.0,338.0,3.98,现货价-主力期货价,OK,生意社期现基差表,https://www.100ppi.com/sf/day-2026-07-31.html
2026-08-03,PX,PX,8500.0,2609,8148.0,352.0,4.14,现货价-主力期货价,OK,生意社期现基差表,https://www.100ppi.com/sf/day-2026-08-03.html
2026-08-04,PX,PX,8500.0,2609,8200.0,300.0,3.53,现货价-主力期货价,OK,生意社期现基差表,https://www.100ppi.com/sf/day-2026-08-04.html
2026-08-05,PX,PX,8500.0,2611,7772.0,728.0,8.56,现货价-主力期货价,OK,生意社期现基差表,https://www.100ppi.com/sf/day-2026-08-05.html
2026-08-06,PX,PX,8500.0,2611,7780.0,720.0,8.47,现货价-主力期货价,OK,生意社期现基差表,https://www.100ppi.com/sf/day-2026-08-06.html
2026-08-07,PX,PX,8500.0,2611,7936.0,564.0,6.64,现货价-主力期货价,OK,生意社期现基差表,https://www.100ppi.com/sf/day-2026-08-07.html
2026-08-10,PX,PX,8500.0,2611,7866.0,634.0,7.46,现货价-主力期货价,OK,生意社期现基差表,https://www.100ppi.com/sf/day-2026-08-10.html
2026-08-11,PX,PX,8500.0,2611,8046.0,454.0,5.34,现货价-主力期货价,OK,生意社期现基差表,https://www.100ppi.com/sf/day-2026-08-11.html
2026-08-12,PX,PX,8500.0,2611,7970.0,530.0,6.24,现货价-主力期货价,OK,生意社期现基差表,https://www.100ppi.com/sf/day-2026-08-12.html
2026-08-13,PX,PX,8500.0,2611,7996.0,504.0,5.93,现货价-主力期货价,OK,生意社期现基差表,https://www.100ppi.com/sf/day-2026-08-13.html
2026-08-14,PX,PX,8500.0,2611,8096.0,404.0,4.75,现货价-主力期货价,OK,生意社期现基差表,https://www.100ppi.com/sf/day-2026-08-14.html
2026-08-17,PX,PX,8500.0,2611,8264.0,236.0,2.78,现货价-主力期货价,OK,生意社期现基差表,https://www.100ppi.com/sf/day-2026-08-17.html
2026-08-18,PX,PX,8500.0,2611,8376.0,124.0,1.46,现货价-主力期货价,OK,生意社期现基差表,https://www.100ppi.com/sf/day-2026-08-18.html
2026-08-19,PX,PX,8500.0,2611,8296.0,204.0,2.4,现货价-主力期货价,OK,生意社期现基差表,https://www.100ppi.com/sf/day-2026-08-19.html
2026-08-20,PX,PX,8500.0,2611,8264.0,236.0,2.78,现货价-主力期货价,OK,生意社期现基差表,https://www.100ppi.com/sf/day-2026-08-20.html
2026-08-21,PX,PX,8500.0,2611,8252.0,248.0,2.92,现货价-主力期货价,OK,生意社期现基差表,https://www.100ppi.com/sf/day-2026-08-21.html
2026-08-24,PX,PX,8500.0,2611,8162.0,338.0,3.98,现货价-主力期货价,OK,生意社期现基差表,https://www.100ppi.com/sf/day-2026-08-24.html
2026-08-25,PX,PX,8500.0,2611,8276.0,224.0,2.64,现货价-主力期货价,OK,生意社期现基差表,https://www.100ppi.com/sf/day-2026-08-25.html
2026-08-26,PX,PX,8500.0,2611,7868.0,632.0,7.44,现货价-主力期货价,OK,生意社期现基差表,https://www.100ppi.com/sf/day-2026-08-26.html
2026-08-27,PX,PX,8500.0,2611,7948.0,552.0,6.49,现货价-主力期货价,OK,生意社期现基差表,https://www.100ppi.com/sf/day-2026-08-27.html
2026-07-17,RB,螺纹钢,3096.84,2610,3112.0,-15.0,-0.48,现货价-主力期货价,OK,生意社期现基差表,https://www.100ppi.com/sf/day-2026-07-17.html
2026-07-20,RB,螺纹钢,3088.66,2610,3096.0,-7.0,-0.23,现货价-主力期货价,OK,生意社期现基差表,https://www.100ppi.com/sf/day-2026-07-20.html
2026-07-21,RB,螺纹钢,3087.5,2610,3095.0,-7.0,-0.23,现货价-主力期货价,OK,生意社期现基差表,https://www.100ppi.com/sf/day-2026-07-21.html
2026-07-22,RB,螺纹钢,3079.66,2610,3083.0,-3.34,-0.11,现货价-主力期货价,OK,生意社期现基差表,https://www.100ppi.com/sf/day-2026-07-22.html
2026-07-23,RB,螺纹钢,3077.0,2610,3085.0,-8.0,-0.26,现货价-主力期货价,OK,生意社期现基差表,https://www.100ppi.com/sf/day-2026-07-23.html
2026-07-24,RB,螺纹钢,3067.34,2610,3076.0,-8.0,-0.26,现货价-主力期货价,OK,生意社期现基差表,https://www.100ppi.com/sf/day-2026-07-24.html
2026-07-27,RB,螺纹钢,3073.34,2610,3078.0,-4.66,-0.15,现货价-主力期货价,OK,生意社期现基差表,https://www.100ppi.com/sf/day-2026-07-27.html
2026-07-28,RB,螺纹钢,3068.5,2610,3060.0,8.0,0.26,现货价-主力期货价,OK,生意社期现基差表,https://www.100ppi.com/sf/day-2026-07-28.html
2026-07-29,RB,螺纹钢,3070.0,2610,3062.0,8.0,0.26,现货价-主力期货价,OK,生意社期现基差表,https://www.100ppi.com/sf/day-2026-07-29.html
2026-07-30,RB,螺纹钢,3040.0,2610,3014.0,26.0,0.86,现货价-主力期货价,OK,生意社期现基差表,https://www.100ppi.com/sf/day-2026-07-30.html
2026-07-31,RB,螺纹钢,3037.0,2610,3004.0,33.0,1.09,现货价-主力期货价,OK,生意社期现基差表,https://www.100ppi.com/sf/day-2026-07-31.html
2026-08-03,RB,螺纹钢,3002.34,2610,2976.0,26.0,0.87,现货价-主力期货价,OK,生意社期现基差表,https://www.100ppi.com/sf/day-2026-08-03.html
2026-08-04,RB,螺纹钢,3022.0,2610,2983.0,39.0,1.29,现货价-主力期货价,OK,生意社期现基差表,https://www.100ppi.com/sf/day-2026-08-04.html
2026-08-05,RB,螺纹钢,3022.0,2610,2990.0,32.0,1.06,现货价-主力期货价,OK,生意社期现基差表,https://www.100ppi.com/sf/day-2026-08-05.html
2026-08-06,RB,螺纹钢,3018.66,2610,3014.0,4.66,0.15,现货价-主力期货价,OK,生意社期现基差表,https://www.100ppi.com/sf/day-2026-08-06.html
2026-08-07,RB,螺纹钢,3029.0,2610,3008.0,21.0,0.69,现货价-主力期货价,OK,生意社期现基差表,https://www.100ppi.com/sf/day-2026-08-07.html
2026-08-10,RB,螺纹钢,3019.0,2610,2997.0,22.0,0.73,现货价-主力期货价,OK,生意社期现基差表,https://www.100ppi.com/sf/day-2026-08-10.html
2026-08-11,RB,螺纹钢,3012.34,2610,3016.0,-3.66,-0.12,现货价-主力期货价,OK,生意社期现基差表,https://www.100ppi.com/sf/day-2026-08-11.html
2026-08-12,RB,螺纹钢,3019.0,2610,3010.0,9.0,0.3,现货价-主力期货价,OK,生意社期现基差表,https://www.100ppi.com/sf/day-2026-08-12.html
2026-08-13,RB,螺纹钢,3018.0,2610,3002.0,16.0,0.53,现货价-主力期货价,OK,生意社期现基差表,https://www.100ppi.com/sf/day-2026-08-13.html
2026-08-14,RB,螺纹钢,3022.0,2610,3015.0,7.0,0.23,现货价-主力期货价,OK,生意社期现基差表,https://www.100ppi.com/sf/day-2026-08-14.html
2026-08-17,RB,螺纹钢,3078.0,2610,3016.0,62.0,2.01,现货价-主力期货价,OK,生意社期现基差表,https://www.100ppi.com/sf/day-2026-08-17.html
2026-08-18,RB,螺纹钢,3076.0,2610,3023.0,53.0,1.72,现货价-主力期货价,OK,生意社期现基差表,https://www.100ppi.com/sf/day-2026-08-18.html
2026-08-19,RB,螺纹钢,3039.0,2610,3017.0,22.0,0.72,现货价-主力期货价,OK,生意社期现基差表,https://www.100ppi.com/sf/day-2026-08-19.html
2026-08-20,RB,螺纹钢,3043.5,2610,3032.0,11.0,0.36,现货价-主力期货价,OK,生意社期现基差表,https://www.100ppi.com/sf/day-2026-08-20.html
2026-08-21,RB,螺纹钢,3054.5,2610,3039.0,15.0,0.49,现货价-主力期货价,OK,生意社期现基差表,https://www.100ppi.com/sf/day-2026-08-21.html
2026-08-24,RB,螺纹钢,3097.66,2610,3066.0,31.0,1.0,现货价-主力期货价,OK,生意社期现基差表,https://www.100ppi.com/sf/day-2026-08-24.html
2026-08-25,RB,螺纹钢,3106.0,2610,3071.0,35.0,1.13,现货价-主力期货价,OK,生意社期现基差表,https://www.100ppi.com/sf/day-2026-08-25.html
2026-08-26,RB,螺纹钢,3102.84,2610,3076.0,26.0,0.84,现货价-主力期货价,OK,生意社期现基差表,https://www.100ppi.com/sf/day-2026-08-26.html
2026-08-27,RB,螺纹钢,3112.5,2610,3088.0,24.0,0.77,现货价-主力期货价,OK,生意社期现基差表,https://www.100ppi.com/sf/day-2026-08-27.html
2026-07-17,RM,菜籽粕,2386.0,2609,2286.0,100.0,4.19,现货价-主力期货价,OK,生意社期现基差表,https://www.100ppi.com/sf/day-2026-07-17.html
2026-07-20,RM,菜籽粕,2402.0,2609,2333.0,69.0,2.87,现货价-主力期货价,OK,生意社期现基差表,https://www.100ppi.com/sf/day-2026-07-20.html
2026-07-21,RM,菜籽粕,2426.0,2609,2342.0,84.0,3.46,现货价-主力期货价,OK,生意社期现基差表,https://www.100ppi.com/sf/day-2026-07-21.html
2026-07-22,RM,菜籽粕,2430.0,2609,2350.0,80.0,3.29,现货价-主力期货价,OK,生意社期现基差表,https://www.100ppi.com/sf/day-2026-07-22.html
2026-07-23,RM,菜籽粕,2444.0,2609,2360.0,84.0,3.44,现货价-主力期货价,OK,生意社期现基差表,https://www.100ppi.com/sf/day-2026-07-23.html
2026-07-24,RM,菜籽粕,2464.0,2609,2467.0,-3.0,-0.12,现货价-主力期货价,OK,生意社期现基差表,https://www.100ppi.com/sf/day-2026-07-24.html
2026-07-27,RM,菜籽粕,2468.0,2609,2387.0,81.0,3.28,现货价-主力期货价,OK,生意社期现基差表,https://www.100ppi.com/sf/day-2026-07-27.html
2026-07-28,RM,菜籽粕,2416.0,2609,2335.0,81.0,3.35,现货价-主力期货价,OK,生意社期现基差表,https://www.100ppi.com/sf/day-2026-07-28.html
2026-07-29,RM,菜籽粕,2416.0,2609,2337.0,79.0,3.27,现货价-主力期货价,OK,生意社期现基差表,https://www.100ppi.com/sf/day-2026-07-29.html
2026-07-30,RM,菜籽粕,2390.0,2609,2289.0,101.0,4.23,现货价-主力期货价,OK,生意社期现基差表,https://www.100ppi.com/sf/day-2026-07-30.html
2026-07-31,RM,菜籽粕,2386.0,2609,2316.0,70.0,2.93,现货价-主力期货价,OK,生意社期现基差表,https://www.100ppi.com/sf/day-2026-07-31.html
2026-08-03,RM,菜籽粕,2394.0,2609,2319.0,75.0,3.13,现货价-主力期货价,OK,生意社期现基差表,https://www.100ppi.com/sf/day-2026-08-03.html
2026-08-04,RM,菜籽粕,2402.0,2611,2199.0,203.0,8.45,现货价-主力期货价,OK,生意社期现基差表,https://www.100ppi.com/sf/day-2026-08-04.html
2026-08-05,RM,菜籽粕,2396.0,2611,2186.0,210.0,8.76,现货价-主力期货价,OK,生意社期现基差表,https://www.100ppi.com/sf/day-2026-08-05.html
2026-08-06,RM,菜籽粕,2386.0,2611,2173.0,213.0,8.93,现货价-主力期货价,OK,生意社期现基差表,https://www.100ppi.com/sf/day-2026-08-06.html
2026-08-07,RM,菜籽粕,2386.0,2611,2173.0,213.0,8.93,现货价-主力期货价,OK,生意社期现基差表,https://www.100ppi.com/sf/day-2026-08-07.html
2026-08-10,RM,菜籽粕,2386.0,2611,2174.0,212.0,8.89,现货价-主力期货价,OK,生意社期现基差表,https://www.100ppi.com/sf/day-2026-08-10.html
2026-08-11,RM,菜籽粕,2352.0,2611,2171.0,181.0,7.7,现货价-主力期货价,OK,生意社期现基差表,https://www.100ppi.com/sf/day-2026-08-11.html
2026-08-12,RM,菜籽粕,2352.0,2611,2180.0,172.0,7.31,现货价-主力期货价,OK,生意社期现基差表,https://www.100ppi.com/sf/day-2026-08-12.html
2026-08-13,RM,菜籽粕,2352.0,2611,2178.0,174.0,7.4,现货价-主力期货价,OK,生意社期现基差表,https://www.100ppi.com/sf/day-2026-08-13.html
2026-08-14,RM,菜籽粕,2366.0,2611,2191.0,175.0,7.4,现货价-主力期货价,OK,生意社期现基差表,https://www.100ppi.com/sf/day-2026-08-14.html
2026-08-17,RM,菜籽粕,2362.0,2611,2196.0,166.0,7.03,现货价-主力期货价,OK,生意社期现基差表,https://www.100ppi.com/sf/day-2026-08-17.html
2026-08-18,RM,菜籽粕,2388.0,2611,2251.0,137.0,5.74,现货价-主力期货价,OK,生意社期现基差表,https://www.100ppi.com/sf/day-2026-08-18.html
2026-08-19,RM,菜籽粕,2412.0,2611,2272.0,140.0,5.8,现货价-主力期货价,OK,生意社期现基差表,https://www.100ppi.com/sf/day-2026-08-19.html
2026-08-20,RM,菜籽粕,2388.0,2611,2282.0,106.0,4.44,现货价-主力期货价,OK,生意社期现基差表,https://www.100ppi.com/sf/day-2026-08-20.html
2026-08-21,RM,菜籽粕,2362.0,2611,2238.0,124.0,5.25,现货价-主力期货价,OK,生意社期现基差表,https://www.100ppi.com/sf/day-2026-08-21.html
2026-08-24,RM,菜籽粕,2370.0,2611,2235.0,135.0,5.7,现货价-主力期货价,OK,生意社期现基差表,https://www.100ppi.com/sf/day-2026-08-24.html
2026-08-25,RM,菜籽粕,2354.0,2611,2243.0,111.0,4.72,现货价-主力期货价,OK,生意社期现基差表,https://www.100ppi.com/sf/day-2026-08-25.html
2026-08-26,RM,菜籽粕,2384.0,2611,2314.0,70.0,2.94,现货价-主力期货价,OK,生意社期现基差表,https://www.100ppi.com/sf/day-2026-08-26.html
2026-08-27,RM,菜籽粕,2434.0,2611,2348.0,86.0,3.53,现货价-主力期货价,OK,生意社期现基差表,https://www.100ppi.com/sf/day-2026-08-27.html
2026-07-17,RU,天然橡胶,16800.0,2609,16805.0,-5.0,-0.03,现货价-主力期货价,OK,生意社期现基差表,https://www.100ppi.com/sf/day-2026-07-17.html
2026-07-20,RU,天然橡胶,16983.33,2609,16985.0,-1.67,-0.01,现货价-主力期货价,OK,生意社期现基差表,https://www.100ppi.com/sf/day-2026-07-20.html
2026-07-21,RU,天然橡胶,16758.33,2609,16815.0,-56.0,-0.33,现货价-主力期货价,OK,生意社期现基差表,https://www.100ppi.com/sf/day-2026-07-21.html
2026-07-22,RU,天然橡胶,16941.67,2609,16930.0,11.0,0.06,现货价-主力期货价,OK,生意社期现基差表,https://www.100ppi.com/sf/day-2026-07-22.html
2026-07-23,RU,天然橡胶,16933.33,2609,17030.0,-96.0,-0.57,现货价-主力期货价,OK,生意社期现基差表,https://www.100ppi.com/sf/day-2026-07-23.html
2026-07-24,RU,天然橡胶,16791.67,2609,16765.0,26.0,0.15,现货价-主力期货价,OK,生意社期现基差表,https://www.100ppi.com/sf/day-2026-07-24.html
2026-07-27,RU,天然橡胶,16766.67,2609,16760.0,6.0,0.04,现货价-主力期货价,OK,生意社期现基差表,https://www.100ppi.com/sf/day-2026-07-27.html
2026-07-28,RU,天然橡胶,16750.0,2609,16710.0,40.0,0.24,现货价-主力期货价,OK,生意社期现基差表,https://www.100ppi.com/sf/day-2026-07-28.html
2026-07-29,RU,天然橡胶,16441.67,2609,16370.0,71.0,0.43,现货价-主力期货价,OK,生意社期现基差表,https://www.100ppi.com/sf/day-2026-07-29.html
2026-07-30,RU,天然橡胶,16391.67,2609,16385.0,6.0,0.04,现货价-主力期货价,OK,生意社期现基差表,https://www.100ppi.com/sf/day-2026-07-30.html
2026-07-31,RU,天然橡胶,16483.33,2609,16375.0,108.0,0.66,现货价-主力期货价,OK,生意社期现基差表,https://www.100ppi.com/sf/day-2026-07-31.html
2026-08-03,RU,天然橡胶,16433.33,2609,16295.0,138.0,0.84,现货价-主力期货价,OK,生意社期现基差表,https://www.100ppi.com/sf/day-2026-08-03.html
2026-08-04,RU,天然橡胶,16683.33,2609,16685.0,-1.67,-0.01,现货价-主力期货价,OK,生意社期现基差表,https://www.100ppi.com/sf/day-2026-08-04.html
2026-08-05,RU,天然橡胶,16708.33,2701,17660.0,-951.0,-5.69,现货价-主力期货价,OK,生意社期现基差表,https://www.100ppi.com/sf/day-2026-08-05.html
2026-08-06,RU,天然橡胶,16891.67,2701,17815.0,-923.0,-5.46,现货价-主力期货价,OK,生意社期现基差表,https://www.100ppi.com/sf/day-2026-08-06.html
2026-08-07,RU,天然橡胶,16900.0,2701,17840.0,-940.0,-5.56,现货价-主力期货价,OK,生意社期现基差表,https://www.100ppi.com/sf/day-2026-08-07.html
2026-08-10,RU,天然橡胶,16900.0,2701,17835.0,-935.0,-5.53,现货价-主力期货价,OK,生意社期现基差表,https://www.100ppi.com/sf/day-2026-08-10.html
2026-08-11,RU,天然橡胶,16925.0,2701,17875.0,-950.0,-5.61,现货价-主力期货价,OK,生意社期现基差表,https://www.100ppi.com/sf/day-2026-08-11.html
2026-08-12,RU,天然橡胶,17016.67,2701,17950.0,-933.0,-5.48,现货价-主力期货价,OK,生意社期现基差表,https://www.100ppi.com/sf/day-2026-08-12.html
2026-08-13,RU,天然橡胶,16916.67,2701,17875.0,-958.0,-5.66,现货价-主力期货价,OK,生意社期现基差表,https://www.100ppi.com/sf/day-2026-08-13.html
2026-08-14,RU,天然橡胶,16941.67,2701,17790.0,-848.0,-5.01,现货价-主力期货价,OK,生意社期现基差表,https://www.100ppi.com/sf/day-2026-08-14.html
2026-08-17,RU,天然橡胶,17133.33,2701,18030.0,-896.0,-5.23,现货价-主力期货价,OK,生意社期现基差表,https://www.100ppi.com/sf/day-2026-08-17.html
2026-08-18,RU,天然橡胶,17100.0,2701,18035.0,-935.0,-5.47,现货价-主力期货价,OK,生意社期现基差表,https://www.100ppi.com/sf/day-2026-08-18.html
2026-08-19,RU,天然橡胶,17241.67,2701,18215.0,-973.0,-5.64,现货价-主力期货价,OK,生意社期现基差表,https://www.100ppi.com/sf/day-2026-08-19.html
2026-08-20,RU,天然橡胶,17475.0,2701,18460.0,-985.0,-5.64,现货价-主力期货价,OK,生意社期现基差表,https://www.100ppi.com/sf/day-2026-08-20.html
2026-08-21,RU,天然橡胶,17600.0,2701,18500.0,-900.0,-5.11,现货价-主力期货价,OK,生意社期现基差表,https://www.100ppi.com/sf/day-2026-08-21.html
2026-08-24,RU,天然橡胶,17641.67,2701,18610.0,-968.0,-5.49,现货价-主力期货价,OK,生意社期现基差表,https://www.100ppi.com/sf/day-2026-08-24.html
2026-08-25,RU,天然橡胶,17708.33,2701,18545.0,-836.0,-4.72,现货价-主力期货价,OK,生意社期现基差表,https://www.100ppi.com/sf/day-2026-08-25.html
2026-08-26,RU,天然橡胶,17616.67,2701,18540.0,-923.0,-5.24,现货价-主力期货价,OK,生意社期现基差表,https://www.100ppi.com/sf/day-2026-08-26.html
2026-08-27,RU,天然橡胶,17791.67,2701,18795.0,-1003.0,-5.64,现货价-主力期货价,OK,生意社期现基差表,https://www.100ppi.com/sf/day-2026-08-27.html
2026-07-17,SA,纯碱,1152.86,2609,1007.0,145.0,12.58,现货价-主力期货价,OK,生意社期现基差表,https://www.100ppi.com/sf/day-2026-07-17.html
2026-07-20,SA,纯碱,1152.86,2609,1006.0,146.0,12.66,现货价-主力期货价,OK,生意社期现基差表,https://www.100ppi.com/sf/day-2026-07-20.html
2026-07-21,SA,纯碱,1152.86,2609,1009.0,143.0,12.4,现货价-主力期货价,OK,生意社期现基差表,https://www.100ppi.com/sf/day-2026-07-21.html
2026-07-22,SA,纯碱,1152.86,2609,1013.0,139.0,12.06,现货价-主力期货价,OK,生意社期现基差表,https://www.100ppi.com/sf/day-2026-07-22.html
2026-07-23,SA,纯碱,1152.86,2609,1007.0,145.0,12.58,现货价-主力期货价,OK,生意社期现基差表,https://www.100ppi.com/sf/day-2026-07-23.html
2026-07-24,SA,纯碱,1152.86,2609,1004.0,148.0,12.84,现货价-主力期货价,OK,生意社期现基差表,https://www.100ppi.com/sf/day-2026-07-24.html
2026-07-27,SA,纯碱,1144.29,2609,995.0,149.0,13.02,现货价-主力期货价,OK,生意社期现基差表,https://www.100ppi.com/sf/day-2026-07-27.html
2026-07-28,SA,纯碱,1144.29,2609,972.0,172.0,15.03,现货价-主力期货价,OK,生意社期现基差表,https://www.100ppi.com/sf/day-2026-07-28.html
2026-07-29,SA,纯碱,1144.29,2609,960.0,184.0,16.08,现货价-主力期货价,OK,生意社期现基差表,https://www.100ppi.com/sf/day-2026-07-29.html
2026-07-30,SA,纯碱,1140.0,2609,944.0,196.0,17.19,现货价-主力期货价,OK,生意社期现基差表,https://www.100ppi.com/sf/day-2026-07-30.html
2026-07-31,SA,纯碱,1104.29,2609,935.0,169.0,15.3,现货价-主力期货价,OK,生意社期现基差表,https://www.100ppi.com/sf/day-2026-07-31.html
2026-08-03,SA,纯碱,1090.0,2609,919.0,171.0,15.69,现货价-主力期货价,OK,生意社期现基差表,https://www.100ppi.com/sf/day-2026-08-03.html
2026-08-04,SA,纯碱,1090.0,2609,922.0,168.0,15.41,现货价-主力期货价,OK,生意社期现基差表,https://www.100ppi.com/sf/day-2026-08-04.html
2026-08-05,SA,纯碱,1090.0,2609,937.0,153.0,14.04,现货价-主力期货价,OK,生意社期现基差表,https://www.100ppi.com/sf/day-2026-08-05.html
2026-08-06,SA,纯碱,1090.0,2609,937.0,153.0,14.04,现货价-主力期货价,OK,生意社期现基差表,https://www.100ppi.com/sf/day-2026-08-06.html
2026-08-07,SA,纯碱,1090.0,2609,939.0,151.0,13.85,现货价-主力期货价,OK,生意社期现基差表,https://www.100ppi.com/sf/day-2026-08-07.html
2026-08-10,SA,纯碱,1090.0,2609,966.0,124.0,11.38,现货价-主力期货价,OK,生意社期现基差表,https://www.100ppi.com/sf/day-2026-08-10.html
2026-08-11,SA,纯碱,1090.0,2609,996.0,94.0,8.62,现货价-主力期货价,OK,生意社期现基差表,https://www.100ppi.com/sf/day-2026-08-11.html
2026-08-12,SA,纯碱,1090.0,2609,987.0,103.0,9.45,现货价-主力期货价,OK,生意社期现基差表,https://www.100ppi.com/sf/day-2026-08-12.html
2026-08-13,SA,纯碱,1090.0,2701,1037.0,53.0,4.86,现货价-主力期货价,OK,生意社期现基差表,https://www.100ppi.com/sf/day-2026-08-13.html
2026-08-14,SA,纯碱,1090.0,2701,1023.0,67.0,6.15,现货价-主力期货价,OK,生意社期现基差表,https://www.100ppi.com/sf/day-2026-08-14.html
2026-08-17,SA,纯碱,1090.0,2701,1031.0,59.0,5.41,现货价-主力期货价,OK,生意社期现基差表,https://www.100ppi.com/sf/day-2026-08-17.html
2026-08-18,SA,纯碱,1090.0,2701,1043.0,47.0,4.31,现货价-主力期货价,OK,生意社期现基差表,https://www.100ppi.com/sf/day-2026-08-18.html
2026-08-19,SA,纯碱,1090.0,2701,1012.0,78.0,7.16,现货价-主力期货价,OK,生意社期现基差表,https://www.100ppi.com/sf/day-2026-08-19.html
2026-08-20,SA,纯碱,1090.0,2701,1033.0,57.0,5.23,现货价-主力期货价,OK,生意社期现基差表,https://www.100ppi.com/sf/day-2026-08-20.html
2026-08-21,SA,纯碱,1090.0,2701,1039.0,51.0,4.68,现货价-主力期货价,OK,生意社期现基差表,https://www.100ppi.com/sf/day-2026-08-21.html
2026-08-24,SA,纯碱,1090.0,2701,1054.0,36.0,3.3,现货价-主力期货价,OK,生意社期现基差表,https://www.100ppi.com/sf/day-2026-08-24.html
2026-08-25,SA,纯碱,1090.0,2701,1045.0,45.0,4.13,现货价-主力期货价,OK,生意社期现基差表,https://www.100ppi.com/sf/day-2026-08-25.html
2026-08-26,SA,纯碱,1087.14,2701,1035.0,52.0,4.78,现货价-主力期货价,OK,生意社期现基差表,https://www.100ppi.com/sf/day-2026-08-26.html
2026-08-27,SA,纯碱,1087.14,2701,1011.0,76.0,6.99,现货价-主力期货价,OK,生意社期现基差表,https://www.100ppi.com/sf/day-2026-08-27.html
2026-07-17,SF,硅铁,5531.43,2609,5784.0,-252.0,-4.56,现货价-主力期货价,OK,生意社期现基差表,https://www.100ppi.com/sf/day-2026-07-17.html
2026-07-20,SF,硅铁,5531.43,2609,5782.0,-250.0,-4.52,现货价-主力期货价,OK,生意社期现基差表,https://www.100ppi.com/sf/day-2026-07-20.html
2026-07-21,SF,硅铁,5527.14,2609,5782.0,-254.0,-4.6,现货价-主力期货价,OK,生意社期现基差表,https://www.100ppi.com/sf/day-2026-07-21.html
2026-07-22,SF,硅铁,5527.14,2609,5840.0,-312.0,-5.64,现货价-主力期货价,OK,生意社期现基差表,https://www.100ppi.com/sf/day-2026-07-22.html
2026-07-23,SF,硅铁,5534.29,2609,5830.0,-295.0,-5.33,现货价-主力期货价,OK,生意社期现基差表,https://www.100ppi.com/sf/day-2026-07-23.html
2026-07-24,SF,硅铁,5531.43,2609,5892.0,-360.0,-6.51,现货价-主力期货价,OK,生意社期现基差表,https://www.100ppi.com/sf/day-2026-07-24.html
2026-07-27,SF,硅铁,5521.43,2609,5896.0,-374.0,-6.77,现货价-主力期货价,OK,生意社期现基差表,https://www.100ppi.com/sf/day-2026-07-27.html
2026-07-28,SF,硅铁,5521.43,2609,5812.0,-290.0,-5.25,现货价-主力期货价,OK,生意社期现基差表,https://www.100ppi.com/sf/day-2026-07-28.html
2026-07-29,SF,硅铁,5521.43,2609,5916.0,-394.0,-7.14,现货价-主力期货价,OK,生意社期现基差表,https://www.100ppi.com/sf/day-2026-07-29.html
2026-07-30,SF,硅铁,5535.71,2609,5786.0,-250.0,-4.52,现货价-主力期货价,OK,生意社期现基差表,https://www.100ppi.com/sf/day-2026-07-30.html
2026-07-31,SF,硅铁,5528.57,2609,5782.0,-253.0,-4.58,现货价-主力期货价,OK,生意社期现基差表,https://www.100ppi.com/sf/day-2026-07-31.html
2026-08-03,SF,硅铁,5510.0,2611,5680.0,-170.0,-3.09,现货价-主力期货价,OK,生意社期现基差表,https://www.100ppi.com/sf/day-2026-08-03.html
2026-08-04,SF,硅铁,5524.29,2611,5860.0,-335.0,-6.06,现货价-主力期货价,OK,生意社期现基差表,https://www.100ppi.com/sf/day-2026-08-04.html
2026-08-05,SF,硅铁,5545.71,2611,5880.0,-334.0,-6.02,现货价-主力期货价,OK,生意社期现基差表,https://www.100ppi.com/sf/day-2026-08-05.html
2026-08-06,SF,硅铁,5542.86,2611,5924.0,-381.0,-6.87,现货价-主力期货价,OK,生意社期现基差表,https://www.100ppi.com/sf/day-2026-08-06.html
2026-08-07,SF,硅铁,5564.29,2611,5900.0,-335.0,-6.02,现货价-主力期货价,OK,生意社期现基差表,https://www.100ppi.com/sf/day-2026-08-07.html
2026-08-10,SF,硅铁,5570.0,2611,5882.0,-312.0,-5.6,现货价-主力期货价,OK,生意社期现基差表,https://www.100ppi.com/sf/day-2026-08-10.html
2026-08-11,SF,硅铁,5565.71,2611,5906.0,-340.0,-6.11,现货价-主力期货价,OK,生意社期现基差表,https://www.100ppi.com/sf/day-2026-08-11.html
2026-08-12,SF,硅铁,5565.71,2611,5924.0,-358.0,-6.43,现货价-主力期货价,OK,生意社期现基差表,https://www.100ppi.com/sf/day-2026-08-12.html
2026-08-13,SF,硅铁,5570.0,2611,5896.0,-326.0,-5.85,现货价-主力期货价,OK,生意社期现基差表,https://www.100ppi.com/sf/day-2026-08-13.html
2026-08-14,SF,硅铁,5590.0,2611,5926.0,-336.0,-6.01,现货价-主力期货价,OK,生意社期现基差表,https://www.100ppi.com/sf/day-2026-08-14.html
2026-08-17,SF,硅铁,5590.0,2611,5922.0,-332.0,-5.94,现货价-主力期货价,OK,生意社期现基差表,https://www.100ppi.com/sf/day-2026-08-17.html
2026-08-18,SF,硅铁,5607.14,2611,5974.0,-366.0,-6.53,现货价-主力期货价,OK,生意社期现基差表,https://www.100ppi.com/sf/day-2026-08-18.html
2026-08-19,SF,硅铁,5607.14,2611,5956.0,-348.0,-6.21,现货价-主力期货价,OK,生意社期现基差表,https://www.100ppi.com/sf/day-2026-08-19.html
2026-08-20,SF,硅铁,5628.57,2611,5966.0,-337.0,-5.99,现货价-主力期货价,OK,生意社期现基差表,https://www.100ppi.com/sf/day-2026-08-20.html
2026-08-21,SF,硅铁,5628.57,2611,6022.0,-393.0,-6.98,现货价-主力期货价,OK,生意社期现基差表,https://www.100ppi.com/sf/day-2026-08-21.html
2026-08-24,SF,硅铁,5628.57,2611,5992.0,-363.0,-6.45,现货价-主力期货价,OK,生意社期现基差表,https://www.100ppi.com/sf/day-2026-08-24.html
2026-08-25,SF,硅铁,5658.57,2611,6022.0,-363.0,-6.42,现货价-主力期货价,OK,生意社期现基差表,https://www.100ppi.com/sf/day-2026-08-25.html
2026-08-26,SF,硅铁,5658.57,2611,5924.0,-265.0,-4.68,现货价-主力期货价,OK,生意社期现基差表,https://www.100ppi.com/sf/day-2026-08-26.html
2026-08-27,SF,硅铁,5638.57,2611,6034.0,-395.0,-7.01,现货价-主力期货价,OK,生意社期现基差表,https://www.100ppi.com/sf/day-2026-08-27.html
2026-07-17,SH,烧碱,643.0,2609,1858.0,151.0,7.51,现货价-主力期货价,OK,生意社期现基差表,https://www.100ppi.com/sf/day-2026-07-17.html
2026-07-20,SH,烧碱,643.0,2609,1912.0,97.0,4.83,现货价-主力期货价,OK,生意社期现基差表,https://www.100ppi.com/sf/day-2026-07-20.html
2026-07-21,SH,烧碱,643.0,2609,1889.0,120.0,5.97,现货价-主力期货价,OK,生意社期现基差表,https://www.100ppi.com/sf/day-2026-07-21.html
2026-07-22,SH,烧碱,643.0,2609,1875.0,134.0,6.67,现货价-主力期货价,OK,生意社期现基差表,https://www.100ppi.com/sf/day-2026-07-22.html
2026-07-23,SH,烧碱,643.0,2609,1877.0,132.0,6.57,现货价-主力期货价,OK,生意社期现基差表,https://www.100ppi.com/sf/day-2026-07-23.html
2026-07-24,SH,烧碱,643.0,2609,1861.0,148.0,7.37,现货价-主力期货价,OK,生意社期现基差表,https://www.100ppi.com/sf/day-2026-07-24.html
2026-07-27,SH,烧碱,643.0,2609,1885.0,124.0,6.17,现货价-主力期货价,OK,生意社期现基差表,https://www.100ppi.com/sf/day-2026-07-27.html
2026-07-28,SH,烧碱,643.0,2609,1862.0,147.0,7.32,现货价-主力期货价,OK,生意社期现基差表,https://www.100ppi.com/sf/day-2026-07-28.html
2026-07-29,SH,烧碱,643.0,2609,1856.0,153.0,7.61,现货价-主力期货价,OK,生意社期现基差表,https://www.100ppi.com/sf/day-2026-07-29.html
2026-07-30,SH,烧碱,643.0,2609,1842.0,167.0,8.31,现货价-主力期货价,OK,生意社期现基差表,https://www.100ppi.com/sf/day-2026-07-30.html
2026-07-31,SH,烧碱,643.0,2609,1837.0,172.0,8.56,现货价-主力期货价,OK,生意社期现基差表,https://www.100ppi.com/sf/day-2026-07-31.html
2026-08-03,SH,烧碱,641.0,2609,1838.0,165.0,8.24,现货价-主力期货价,OK,生意社期现基差表,https://www.100ppi.com/sf/day-2026-08-03.html
2026-08-04,SH,烧碱,641.0,2609,1839.0,164.0,8.19,现货价-主力期货价,OK,生意社期现基差表,https://www.100ppi.com/sf/day-2026-08-04.html
2026-08-05,SH,烧碱,641.0,2609,1861.0,142.0,7.09,现货价-主力期货价,OK,生意社期现基差表,https://www.100ppi.com/sf/day-2026-08-05.html
2026-08-06,SH,烧碱,641.0,2609,1884.0,119.0,5.94,现货价-主力期货价,OK,生意社期现基差表,https://www.100ppi.com/sf/day-2026-08-06.html
2026-08-07,SH,烧碱,641.0,2609,1884.0,119.0,5.94,现货价-主力期货价,OK,生意社期现基差表,https://www.100ppi.com/sf/day-2026-08-07.html
2026-08-10,SH,烧碱,639.0,2609,1873.0,123.0,6.16,现货价-主力期货价,OK,生意社期现基差表,https://www.100ppi.com/sf/day-2026-08-10.html
2026-08-11,SH,烧碱,639.0,2609,1891.0,105.0,5.26,现货价-主力期货价,OK,生意社期现基差表,https://www.100ppi.com/sf/day-2026-08-11.html
2026-08-12,SH,烧碱,639.0,2611,1903.0,93.0,4.66,现货价-主力期货价,OK,生意社期现基差表,https://www.100ppi.com/sf/day-2026-08-12.html
2026-08-13,SH,烧碱,639.0,2611,1902.0,94.0,4.71,现货价-主力期货价,OK,生意社期现基差表,https://www.100ppi.com/sf/day-2026-08-13.html
2026-08-14,SH,烧碱,639.0,2611,1870.0,126.0,6.31,现货价-主力期货价,OK,生意社期现基差表,https://www.100ppi.com/sf/day-2026-08-14.html
2026-08-17,SH,烧碱,639.0,2611,1898.0,98.0,4.91,现货价-主力期货价,OK,生意社期现基差表,https://www.100ppi.com/sf/day-2026-08-17.html
2026-08-18,SH,烧碱,639.0,2611,1919.0,77.0,3.86,现货价-主力期货价,OK,生意社期现基差表,https://www.100ppi.com/sf/day-2026-08-18.html
2026-08-19,SH,烧碱,639.0,2611,1932.0,64.0,3.21,现货价-主力期货价,OK,生意社期现基差表,https://www.100ppi.com/sf/day-2026-08-19.html
2026-08-20,SH,烧碱,639.0,2611,1916.0,80.0,4.01,现货价-主力期货价,OK,生意社期现基差表,https://www.100ppi.com/sf/day-2026-08-20.html
2026-08-21,SH,烧碱,639.0,2611,1920.0,76.0,3.81,现货价-主力期货价,OK,生意社期现基差表,https://www.100ppi.com/sf/day-2026-08-21.html
2026-08-24,SH,烧碱,639.0,2611,1952.0,44.0,2.2,现货价-主力期货价,OK,生意社期现基差表,https://www.100ppi.com/sf/day-2026-08-24.html
2026-08-25,SH,烧碱,639.0,2611,1932.0,64.0,3.21,现货价-主力期货价,OK,生意社期现基差表,https://www.100ppi.com/sf/day-2026-08-25.html
2026-08-26,SH,烧碱,639.0,2611,1924.0,72.0,3.61,现货价-主力期货价,OK,生意社期现基差表,https://www.100ppi.com/sf/day-2026-08-26.html
2026-08-27,SH,烧碱,639.0,2611,1893.0,103.0,5.16,现货价-主力期货价,OK,生意社期现基差表,https://www.100ppi.com/sf/day-2026-08-27.html
2026-07-17,SI,工业硅,9330.0,2609,8320.0,1010.0,10.83,现货价-主力期货价,OK,生意社期现基差表,https://www.100ppi.com/sf/day-2026-07-17.html
2026-07-20,SI,工业硅,9330.0,2609,8270.0,1060.0,11.36,现货价-主力期货价,OK,生意社期现基差表,https://www.100ppi.com/sf/day-2026-07-20.html
2026-07-21,SI,工业硅,9310.0,2609,8275.0,1035.0,11.12,现货价-主力期货价,OK,生意社期现基差表,https://www.100ppi.com/sf/day-2026-07-21.html
2026-07-22,SI,工业硅,9310.0,2609,8250.0,1060.0,11.39,现货价-主力期货价,OK,生意社期现基差表,https://www.100ppi.com/sf/day-2026-07-22.html
2026-07-23,SI,工业硅,9300.0,2609,8295.0,1005.0,10.81,现货价-主力期货价,OK,生意社期现基差表,https://www.100ppi.com/sf/day-2026-07-23.html
2026-07-24,SI,工业硅,9300.0,2609,8295.0,1005.0,10.81,现货价-主力期货价,OK,生意社期现基差表,https://www.100ppi.com/sf/day-2026-07-24.html
2026-07-27,SI,工业硅,9300.0,2609,8300.0,1000.0,10.75,现货价-主力期货价,OK,生意社期现基差表,https://www.100ppi.com/sf/day-2026-07-27.html
2026-07-28,SI,工业硅,9290.0,2609,8185.0,1105.0,11.89,现货价-主力期货价,OK,生意社期现基差表,https://www.100ppi.com/sf/day-2026-07-28.html
2026-07-29,SI,工业硅,9280.0,2609,8165.0,1115.0,12.02,现货价-主力期货价,OK,生意社期现基差表,https://www.100ppi.com/sf/day-2026-07-29.html
2026-07-30,SI,工业硅,9280.0,2609,8175.0,1105.0,11.91,现货价-主力期货价,OK,生意社期现基差表,https://www.100ppi.com/sf/day-2026-07-30.html
2026-07-31,SI,工业硅,9280.0,2609,8170.0,1110.0,11.96,现货价-主力期货价,OK,生意社期现基差表,https://www.100ppi.com/sf/day-2026-07-31.html
2026-08-03,SI,工业硅,9280.0,2609,8335.0,945.0,10.18,现货价-主力期货价,OK,生意社期现基差表,https://www.100ppi.com/sf/day-2026-08-03.html
2026-08-04,SI,工业硅,9280.0,2609,8305.0,975.0,10.51,现货价-主力期货价,OK,生意社期现基差表,https://www.100ppi.com/sf/day-2026-08-04.html
2026-08-05,SI,工业硅,9280.0,2609,8370.0,910.0,9.81,现货价-主力期货价,OK,生意社期现基差表,https://www.100ppi.com/sf/day-2026-08-05.html
2026-08-06,SI,工业硅,9280.0,2609,8425.0,855.0,9.21,现货价-主力期货价,OK,生意社期现基差表,https://www.100ppi.com/sf/day-2026-08-06.html
2026-08-07,SI,工业硅,9280.0,2609,8550.0,730.0,7.87,现货价-主力期货价,OK,生意社期现基差表,https://www.100ppi.com/sf/day-2026-08-07.html
2026-08-10,SI,工业硅,9280.0,2609,8580.0,700.0,7.54,现货价-主力期货价,OK,生意社期现基差表,https://www.100ppi.com/sf/day-2026-08-10.html
2026-08-11,SI,工业硅,9300.0,2609,8630.0,670.0,7.2,现货价-主力期货价,OK,生意社期现基差表,https://www.100ppi.com/sf/day-2026-08-11.html
2026-08-12,SI,工业硅,9300.0,2611,8640.0,660.0,7.1,现货价-主力期货价,OK,生意社期现基差表,https://www.100ppi.com/sf/day-2026-08-12.html
2026-08-13,SI,工业硅,9300.0,2611,8610.0,690.0,7.42,现货价-主力期货价,OK,生意社期现基差表,https://www.100ppi.com/sf/day-2026-08-13.html
2026-08-14,SI,工业硅,9300.0,2611,8795.0,505.0,5.43,现货价-主力期货价,OK,生意社期现基差表,https://www.100ppi.com/sf/day-2026-08-14.html
2026-08-17,SI,工业硅,9350.0,2611,8710.0,640.0,6.84,现货价-主力期货价,OK,生意社期现基差表,https://www.100ppi.com/sf/day-2026-08-17.html
2026-08-18,SI,工业硅,9350.0,2611,8725.0,625.0,6.68,现货价-主力期货价,OK,生意社期现基差表,https://www.100ppi.com/sf/day-2026-08-18.html
2026-08-19,SI,工业硅,9390.0,2611,8825.0,565.0,6.02,现货价-主力期货价,OK,生意社期现基差表,https://www.100ppi.com/sf/day-2026-08-19.html
2026-08-20,SI,工业硅,9390.0,2611,8755.0,635.0,6.76,现货价-主力期货价,OK,生意社期现基差表,https://www.100ppi.com/sf/day-2026-08-20.html
2026-08-21,SI,工业硅,9430.0,2611,8790.0,640.0,6.79,现货价-主力期货价,OK,生意社期现基差表,https://www.100ppi.com/sf/day-2026-08-21.html
2026-08-24,SI,工业硅,9430.0,2611,8730.0,700.0,7.42,现货价-主力期货价,OK,生意社期现基差表,https://www.100ppi.com/sf/day-2026-08-24.html
2026-08-25,SI,工业硅,9430.0,2611,8775.0,655.0,6.95,现货价-主力期货价,OK,生意社期现基差表,https://www.100ppi.com/sf/day-2026-08-25.html
2026-08-26,SI,工业硅,9430.0,2611,8775.0,655.0,6.95,现货价-主力期货价,OK,生意社期现基差表,https://www.100ppi.com/sf/day-2026-08-26.html
2026-08-27,SI,工业硅,9430.0,2611,8805.0,625.0,6.63,现货价-主力期货价,OK,生意社期现基差表,https://www.100ppi.com/sf/day-2026-08-27.html
2026-07-17,SM,锰硅,5656.0,2609,5822.0,-166.0,-2.93,现货价-主力期货价,OK,生意社期现基差表,https://www.100ppi.com/sf/day-2026-07-17.html
2026-07-20,SM,锰硅,5638.0,2609,5802.0,-164.0,-2.91,现货价-主力期货价,OK,生意社期现基差表,https://www.100ppi.com/sf/day-2026-07-20.html
2026-07-21,SM,锰硅,5614.0,2609,5788.0,-174.0,-3.1,现货价-主力期货价,OK,生意社期现基差表,https://www.100ppi.com/sf/day-2026-07-21.html
2026-07-22,SM,锰硅,5584.0,2609,5712.0,-128.0,-2.29,现货价-主力期货价,OK,生意社期现基差表,https://www.100ppi.com/sf/day-2026-07-22.html
2026-07-23,SM,锰硅,5532.0,2609,5670.0,-138.0,-2.49,现货价-主力期货价,OK,生意社期现基差表,https://www.100ppi.com/sf/day-2026-07-23.html
2026-07-24,SM,锰硅,5506.0,2609,5674.0,-168.0,-3.05,现货价-主力期货价,OK,生意社期现基差表,https://www.100ppi.com/sf/day-2026-07-24.html
2026-07-27,SM,锰硅,5516.0,2609,5714.0,-198.0,-3.59,现货价-主力期货价,OK,生意社期现基差表,https://www.100ppi.com/sf/day-2026-07-27.html
2026-07-28,SM,锰硅,5510.0,2609,5694.0,-184.0,-3.34,现货价-主力期货价,OK,生意社期现基差表,https://www.100ppi.com/sf/day-2026-07-28.html
2026-07-29,SM,锰硅,5526.0,2609,5724.0,-198.0,-3.58,现货价-主力期货价,OK,生意社期现基差表,https://www.100ppi.com/sf/day-2026-07-29.html
2026-07-30,SM,锰硅,5510.0,2609,5684.0,-174.0,-3.16,现货价-主力期货价,OK,生意社期现基差表,https://www.100ppi.com/sf/day-2026-07-30.html
2026-07-31,SM,锰硅,5502.0,2609,5680.0,-178.0,-3.24,现货价-主力期货价,OK,生意社期现基差表,https://www.100ppi.com/sf/day-2026-07-31.html
2026-08-03,SM,锰硅,5442.0,2609,5602.0,-160.0,-2.94,现货价-主力期货价,OK,生意社期现基差表,https://www.100ppi.com/sf/day-2026-08-03.html
2026-08-04,SM,锰硅,5454.0,2609,5630.0,-176.0,-3.23,现货价-主力期货价,OK,生意社期现基差表,https://www.100ppi.com/sf/day-2026-08-04.html
2026-08-05,SM,锰硅,5500.0,2609,5634.0,-134.0,-2.44,现货价-主力期货价,OK,生意社期现基差表,https://www.100ppi.com/sf/day-2026-08-05.html
2026-08-06,SM,锰硅,5558.0,2609,5676.0,-118.0,-2.12,现货价-主力期货价,OK,生意社期现基差表,https://www.100ppi.com/sf/day-2026-08-06.html
2026-08-07,SM,锰硅,5558.0,2611,5704.0,-146.0,-2.63,现货价-主力期货价,OK,生意社期现基差表,https://www.100ppi.com/sf/day-2026-08-07.html
2026-08-10,SM,锰硅,5580.0,2611,5710.0,-130.0,-2.33,现货价-主力期货价,OK,生意社期现基差表,https://www.100ppi.com/sf/day-2026-08-10.html
2026-08-11,SM,锰硅,5592.0,2611,5762.0,-170.0,-3.04,现货价-主力期货价,OK,生意社期现基差表,https://www.100ppi.com/sf/day-2026-08-11.html
2026-08-12,SM,锰硅,5620.0,2611,5814.0,-194.0,-3.45,现货价-主力期货价,OK,生意社期现基差表,https://www.100ppi.com/sf/day-2026-08-12.html
2026-08-13,SM,锰硅,5612.0,2611,5806.0,-194.0,-3.46,现货价-主力期货价,OK,生意社期现基差表,https://www.100ppi.com/sf/day-2026-08-13.html
2026-08-14,SM,锰硅,5620.0,2611,5828.0,-208.0,-3.7,现货价-主力期货价,OK,生意社期现基差表,https://www.100ppi.com/sf/day-2026-08-14.html
2026-08-17,SM,锰硅,5642.0,2611,5842.0,-200.0,-3.54,现货价-主力期货价,OK,生意社期现基差表,https://www.100ppi.com/sf/day-2026-08-17.html
2026-08-18,SM,锰硅,5694.0,2611,5898.0,-204.0,-3.58,现货价-主力期货价,OK,生意社期现基差表,https://www.100ppi.com/sf/day-2026-08-18.html
2026-08-19,SM,锰硅,5704.0,2611,5922.0,-218.0,-3.82,现货价-主力期货价,OK,生意社期现基差表,https://www.100ppi.com/sf/day-2026-08-19.html
2026-08-20,SM,锰硅,5716.0,2611,5930.0,-214.0,-3.74,现货价-主力期货价,OK,生意社期现基差表,https://www.100ppi.com/sf/day-2026-08-20.html
2026-08-21,SM,锰硅,5744.0,2611,5964.0,-220.0,-3.83,现货价-主力期货价,OK,生意社期现基差表,https://www.100ppi.com/sf/day-2026-08-21.html
2026-08-24,SM,锰硅,5744.0,2611,5962.0,-218.0,-3.8,现货价-主力期货价,OK,生意社期现基差表,https://www.100ppi.com/sf/day-2026-08-24.html
2026-08-25,SM,锰硅,5756.0,2611,5968.0,-212.0,-3.68,现货价-主力期货价,OK,生意社期现基差表,https://www.100ppi.com/sf/day-2026-08-25.html
2026-08-26,SM,锰硅,5766.0,2611,5980.0,-214.0,-3.71,现货价-主力期货价,OK,生意社期现基差表,https://www.100ppi.com/sf/day-2026-08-26.html
2026-08-27,SM,锰硅,5770.0,2611,6004.0,-234.0,-4.06,现货价-主力期货价,OK,生意社期现基差表,https://www.100ppi.com/sf/day-2026-08-27.html
2026-07-17,SN,锡,407237.5,2608,403970.0,3267.0,0.8,现货价-主力期货价,OK,生意社期现基差表,https://www.100ppi.com/sf/day-2026-07-17.html
2026-07-20,SN,锡,415312.5,2609,411550.0,3762.0,0.91,现货价-主力期货价,OK,生意社期现基差表,https://www.100ppi.com/sf/day-2026-07-20.html
2026-07-21,SN,锡,411600.0,2609,418150.0,-6550.0,-1.59,现货价-主力期货价,OK,生意社期现基差表,https://www.100ppi.com/sf/day-2026-07-21.html
2026-07-22,SN,锡,418600.0,2609,416970.0,1630.0,0.39,现货价-主力期货价,OK,生意社期现基差表,https://www.100ppi.com/sf/day-2026-07-22.html
2026-07-23,SN,锡,417387.5,2609,418740.0,-1352.0,-0.32,现货价-主力期货价,OK,生意社期现基差表,https://www.100ppi.com/sf/day-2026-07-23.html
2026-07-24,SN,锡,411687.5,2609,413940.0,-2252.0,-0.55,现货价-主力期货价,OK,生意社期现基差表,https://www.100ppi.com/sf/day-2026-07-24.html
2026-07-27,SN,锡,420075.0,2609,421350.0,-1275.0,-0.3,现货价-主力期货价,OK,生意社期现基差表,https://www.100ppi.com/sf/day-2026-07-27.html
2026-07-28,SN,锡,413087.5,2609,411610.0,1477.0,0.36,现货价-主力期货价,OK,生意社期现基差表,https://www.100ppi.com/sf/day-2026-07-28.html
2026-07-29,SN,锡,418150.0,2609,417990.0,160.0,0.04,现货价-主力期货价,OK,生意社期现基差表,https://www.100ppi.com/sf/day-2026-07-29.html
2026-07-30,SN,锡,420200.0,2609,416770.0,3430.0,0.82,现货价-主力期货价,OK,生意社期现基差表,https://www.100ppi.com/sf/day-2026-07-30.html
2026-07-31,SN,锡,426500.0,2609,425570.0,930.0,0.22,现货价-主力期货价,OK,生意社期现基差表,https://www.100ppi.com/sf/day-2026-07-31.html
2026-08-03,SN,锡,426825.0,2609,426750.0,75.0,0.02,现货价-主力期货价,OK,生意社期现基差表,https://www.100ppi.com/sf/day-2026-08-03.html
2026-08-04,SN,锡,428850.0,2609,429290.0,-440.0,-0.1,现货价-主力期货价,OK,生意社期现基差表,https://www.100ppi.com/sf/day-2026-08-04.html
2026-08-05,SN,锡,428350.0,2609,434030.0,-5680.0,-1.33,现货价-主力期货价,OK,生意社期现基差表,https://www.100ppi.com/sf/day-2026-08-05.html
2026-08-06,SN,锡,435375.0,2609,430980.0,4395.0,1.01,现货价-主力期货价,OK,生意社期现基差表,https://www.100ppi.com/sf/day-2026-08-06.html
2026-08-07,SN,锡,434937.5,2609,434910.0,27.0,0.01,现货价-主力期货价,OK,生意社期现基差表,https://www.100ppi.com/sf/day-2026-08-07.html
2026-08-10,SN,锡,427137.5,2609,428000.0,-862.0,-0.2,现货价-主力期货价,OK,生意社期现基差表,https://www.100ppi.com/sf/day-2026-08-10.html
2026-08-11,SN,锡,426812.5,2609,423900.0,2912.0,0.68,现货价-主力期货价,OK,生意社期现基差表,https://www.100ppi.com/sf/day-2026-08-11.html
2026-08-12,SN,锡,427250.0,2609,431480.0,-4230.0,-0.99,现货价-主力期货价,OK,生意社期现基差表,https://www.100ppi.com/sf/day-2026-08-12.html
2026-08-13,SN,锡,424650.0,2609,425650.0,-1000.0,-0.24,现货价-主力期货价,OK,生意社期现基差表,https://www.100ppi.com/sf/day-2026-08-13.html
2026-08-14,SN,锡,427487.5,2609,427380.0,107.0,0.03,现货价-主力期货价,OK,生意社期现基差表,https://www.100ppi.com/sf/day-2026-08-14.html
2026-08-17,SN,锡,432450.0,2609,432090.0,360.0,0.08,现货价-主力期货价,OK,生意社期现基差表,https://www.100ppi.com/sf/day-2026-08-17.html
2026-08-18,SN,锡,425275.0,2609,425940.0,-665.0,-0.16,现货价-主力期货价,OK,生意社期现基差表,https://www.100ppi.com/sf/day-2026-08-18.html
2026-08-19,SN,锡,420362.5,2609,420160.0,202.0,0.05,现货价-主力期货价,OK,生意社期现基差表,https://www.100ppi.com/sf/day-2026-08-19.html
2026-08-20,SN,锡,425900.0,2610,426560.0,-660.0,-0.15,现货价-主力期货价,OK,生意社期现基差表,https://www.100ppi.com/sf/day-2026-08-20.html
2026-08-21,SN,锡,429262.5,2610,429030.0,232.0,0.05,现货价-主力期货价,OK,生意社期现基差表,https://www.100ppi.com/sf/day-2026-08-21.html
2026-08-24,SN,锡,425737.5,2610,427590.0,-1852.0,-0.44,现货价-主力期货价,OK,生意社期现基差表,https://www.100ppi.com/sf/day-2026-08-24.html
2026-08-25,SN,锡,424325.0,2610,425460.0,-1135.0,-0.27,现货价-主力期货价,OK,生意社期现基差表,https://www.100ppi.com/sf/day-2026-08-25.html
2026-08-26,SN,锡,427187.5,2610,425260.0,1927.0,0.45,现货价-主力期货价,OK,生意社期现基差表,https://www.100ppi.com/sf/day-2026-08-26.html
2026-08-27,SN,锡,421062.5,2610,419420.0,1642.0,0.39,现货价-主力期货价,OK,生意社期现基差表,https://www.100ppi.com/sf/day-2026-08-27.html
2026-07-17,SP,纸浆,4900.0,2609,4728.0,172.0,3.51,现货价-主力期货价,OK,生意社期现基差表,https://www.100ppi.com/sf/day-2026-07-17.html
2026-07-20,SP,纸浆,4916.67,2609,4822.0,94.0,1.91,现货价-主力期货价,OK,生意社期现基差表,https://www.100ppi.com/sf/day-2026-07-20.html
2026-07-21,SP,纸浆,4916.67,2609,4846.0,70.0,1.42,现货价-主力期货价,OK,生意社期现基差表,https://www.100ppi.com/sf/day-2026-07-21.html
2026-07-22,SP,纸浆,4900.0,2609,4830.0,70.0,1.43,现货价-主力期货价,OK,生意社期现基差表,https://www.100ppi.com/sf/day-2026-07-22.html
2026-07-23,SP,纸浆,4916.67,2609,4854.0,62.0,1.26,现货价-主力期货价,OK,生意社期现基差表,https://www.100ppi.com/sf/day-2026-07-23.html
2026-07-24,SP,纸浆,4900.0,2609,4804.0,96.0,1.96,现货价-主力期货价,OK,生意社期现基差表,https://www.100ppi.com/sf/day-2026-07-24.html
2026-07-27,SP,纸浆,4900.0,2609,4794.0,106.0,2.16,现货价-主力期货价,OK,生意社期现基差表,https://www.100ppi.com/sf/day-2026-07-27.html
2026-07-28,SP,纸浆,4900.0,2609,4762.0,138.0,2.82,现货价-主力期货价,OK,生意社期现基差表,https://www.100ppi.com/sf/day-2026-07-28.html
2026-07-29,SP,纸浆,4883.33,2609,4790.0,93.0,1.9,现货价-主力期货价,OK,生意社期现基差表,https://www.100ppi.com/sf/day-2026-07-29.html
2026-07-30,SP,纸浆,4866.67,2609,4740.0,126.0,2.59,现货价-主力期货价,OK,生意社期现基差表,https://www.100ppi.com/sf/day-2026-07-30.html
2026-07-31,SP,纸浆,4850.0,2609,4672.0,178.0,3.67,现货价-主力期货价,OK,生意社期现基差表,https://www.100ppi.com/sf/day-2026-07-31.html
2026-08-03,SP,纸浆,4833.33,2609,4654.0,179.0,3.7,现货价-主力期货价,OK,生意社期现基差表,https://www.100ppi.com/sf/day-2026-08-03.html
2026-08-04,SP,纸浆,4816.67,2611,4686.0,130.0,2.7,现货价-主力期货价,OK,生意社期现基差表,https://www.100ppi.com/sf/day-2026-08-04.html
2026-08-05,SP,纸浆,4800.0,2611,4690.0,110.0,2.29,现货价-主力期货价,OK,生意社期现基差表,https://www.100ppi.com/sf/day-2026-08-05.html
2026-08-06,SP,纸浆,4800.0,2611,4682.0,118.0,2.46,现货价-主力期货价,OK,生意社期现基差表,https://www.100ppi.com/sf/day-2026-08-06.html
2026-08-07,SP,纸浆,4783.33,2611,4658.0,125.0,2.61,现货价-主力期货价,OK,生意社期现基差表,https://www.100ppi.com/sf/day-2026-08-07.html
2026-08-10,SP,纸浆,4783.33,2611,4642.0,141.0,2.95,现货价-主力期货价,OK,生意社期现基差表,https://www.100ppi.com/sf/day-2026-08-10.html
2026-08-11,SP,纸浆,4750.0,2611,4572.0,178.0,3.75,现货价-主力期货价,OK,生意社期现基差表,https://www.100ppi.com/sf/day-2026-08-11.html
2026-08-12,SP,纸浆,4716.67,2611,4646.0,70.0,1.48,现货价-主力期货价,OK,生意社期现基差表,https://www.100ppi.com/sf/day-2026-08-12.html
2026-08-13,SP,纸浆,4766.67,2611,4690.0,76.0,1.59,现货价-主力期货价,OK,生意社期现基差表,https://www.100ppi.com/sf/day-2026-08-13.html
2026-08-14,SP,纸浆,4783.33,2611,4680.0,103.0,2.15,现货价-主力期货价,OK,生意社期现基差表,https://www.100ppi.com/sf/day-2026-08-14.html
2026-08-17,SP,纸浆,4800.0,2611,4724.0,76.0,1.58,现货价-主力期货价,OK,生意社期现基差表,https://www.100ppi.com/sf/day-2026-08-17.html
2026-08-18,SP,纸浆,4800.0,2611,4730.0,70.0,1.46,现货价-主力期货价,OK,生意社期现基差表,https://www.100ppi.com/sf/day-2026-08-18.html
2026-08-19,SP,纸浆,4800.0,2611,4718.0,82.0,1.71,现货价-主力期货价,OK,生意社期现基差表,https://www.100ppi.com/sf/day-2026-08-19.html
2026-08-20,SP,纸浆,4800.0,2611,4800.0,0.0,0.0,现货价-主力期货价,OK,生意社期现基差表,https://www.100ppi.com/sf/day-2026-08-20.html
2026-08-21,SP,纸浆,4950.0,2611,4892.0,58.0,1.17,现货价-主力期货价,OK,生意社期现基差表,https://www.100ppi.com/sf/day-2026-08-21.html
2026-08-24,SP,纸浆,4950.0,2611,4866.0,84.0,1.7,现货价-主力期货价,OK,生意社期现基差表,https://www.100ppi.com/sf/day-2026-08-24.html
2026-08-25,SP,纸浆,4926.67,2611,4848.0,78.0,1.58,现货价-主力期货价,OK,生意社期现基差表,https://www.100ppi.com/sf/day-2026-08-25.html
2026-08-26,SP,纸浆,4900.0,2611,4786.0,114.0,2.33,现货价-主力期货价,OK,生意社期现基差表,https://www.100ppi.com/sf/day-2026-08-26.html
2026-08-27,SP,纸浆,4896.67,2611,4800.0,96.0,1.96,现货价-主力期货价,OK,生意社期现基差表,https://www.100ppi.com/sf/day-2026-08-27.html
2026-07-17,SR,白糖,5213.33,2609,5124.0,89.0,1.71,现货价-主力期货价,OK,生意社期现基差表,https://www.100ppi.com/sf/day-2026-07-17.html
2026-07-20,SR,白糖,5246.67,2609,5157.0,89.0,1.7,现货价-主力期货价,OK,生意社期现基差表,https://www.100ppi.com/sf/day-2026-07-20.html
2026-07-21,SR,白糖,5240.0,2609,5169.0,71.0,1.35,现货价-主力期货价,OK,生意社期现基差表,https://www.100ppi.com/sf/day-2026-07-21.html
2026-07-22,SR,白糖,5213.33,2609,5169.0,44.0,0.84,现货价-主力期货价,OK,生意社期现基差表,https://www.100ppi.com/sf/day-2026-07-22.html
2026-07-23,SR,白糖,5216.67,2609,5190.0,26.0,0.5,现货价-主力期货价,OK,生意社期现基差表,https://www.100ppi.com/sf/day-2026-07-23.html
2026-07-24,SR,白糖,5213.33,2609,5158.0,55.0,1.05,现货价-主力期货价,OK,生意社期现基差表,https://www.100ppi.com/sf/day-2026-07-24.html
2026-07-27,SR,白糖,5216.67,2609,5169.0,47.0,0.9,现货价-主力期货价,OK,生意社期现基差表,https://www.100ppi.com/sf/day-2026-07-27.html
2026-07-28,SR,白糖,5210.0,2609,5143.0,67.0,1.29,现货价-主力期货价,OK,生意社期现基差表,https://www.100ppi.com/sf/day-2026-07-28.html
2026-07-29,SR,白糖,5186.67,2609,5120.0,66.0,1.27,现货价-主力期货价,OK,生意社期现基差表,https://www.100ppi.com/sf/day-2026-07-29.html
2026-07-30,SR,白糖,5176.67,2609,5089.0,87.0,1.68,现货价-主力期货价,OK,生意社期现基差表,https://www.100ppi.com/sf/day-2026-07-30.html
2026-07-31,SR,白糖,5170.0,2609,5053.0,117.0,2.26,现货价-主力期货价,OK,生意社期现基差表,https://www.100ppi.com/sf/day-2026-07-31.html
2026-08-03,SR,白糖,5143.33,2609,5057.0,86.0,1.67,现货价-主力期货价,OK,生意社期现基差表,https://www.100ppi.com/sf/day-2026-08-03.html
2026-08-04,SR,白糖,5143.33,2609,5086.0,57.0,1.11,现货价-主力期货价,OK,生意社期现基差表,https://www.100ppi.com/sf/day-2026-08-04.html
2026-08-05,SR,白糖,5150.0,2609,5108.0,42.0,0.82,现货价-主力期货价,OK,生意社期现基差表,https://www.100ppi.com/sf/day-2026-08-05.html
2026-08-06,SR,白糖,5150.0,2609,5122.0,28.0,0.54,现货价-主力期货价,OK,生意社期现基差表,https://www.100ppi.com/sf/day-2026-08-06.html
2026-08-07,SR,白糖,5156.67,2609,5153.0,3.67,0.07,现货价-主力期货价,OK,生意社期现基差表,https://www.100ppi.com/sf/day-2026-08-07.html
2026-08-10,SR,白糖,5233.33,2701,5349.0,-115.0,-2.2,现货价-主力期货价,OK,生意社期现基差表,https://www.100ppi.com/sf/day-2026-08-10.html
2026-08-11,SR,白糖,5223.33,2701,5334.0,-110.0,-2.11,现货价-主力期货价,OK,生意社期现基差表,https://www.100ppi.com/sf/day-2026-08-11.html
2026-08-12,SR,白糖,5226.67,2701,5334.0,-107.0,-2.05,现货价-主力期货价,OK,生意社期现基差表,https://www.100ppi.com/sf/day-2026-08-12.html
2026-08-13,SR,白糖,5226.67,2701,5291.0,-64.0,-1.22,现货价-主力期货价,OK,生意社期现基差表,https://www.100ppi.com/sf/day-2026-08-13.html
2026-08-14,SR,白糖,5210.0,2701,5309.0,-99.0,-1.9,现货价-主力期货价,OK,生意社期现基差表,https://www.100ppi.com/sf/day-2026-08-14.html
2026-08-17,SR,白糖,5243.33,2701,5312.0,-68.0,-1.3,现货价-主力期货价,OK,生意社期现基差表,https://www.100ppi.com/sf/day-2026-08-17.html
2026-08-18,SR,白糖,5183.33,2701,5319.0,-135.0,-2.6,现货价-主力期货价,OK,生意社期现基差表,https://www.100ppi.com/sf/day-2026-08-18.html
2026-08-19,SR,白糖,5203.33,2701,5379.0,-175.0,-3.36,现货价-主力期货价,OK,生意社期现基差表,https://www.100ppi.com/sf/day-2026-08-19.html
2026-08-20,SR,白糖,5201.67,2701,5396.0,-194.0,-3.73,现货价-主力期货价,OK,生意社期现基差表,https://www.100ppi.com/sf/day-2026-08-20.html
2026-08-21,SR,白糖,5195.0,2701,5383.0,-188.0,-3.62,现货价-主力期货价,OK,生意社期现基差表,https://www.100ppi.com/sf/day-2026-08-21.html
2026-08-24,SR,白糖,5196.67,2701,5375.0,-178.0,-3.43,现货价-主力期货价,OK,生意社期现基差表,https://www.100ppi.com/sf/day-2026-08-24.html
2026-08-25,SR,白糖,5183.33,2701,5350.0,-166.0,-3.2,现货价-主力期货价,OK,生意社期现基差表,https://www.100ppi.com/sf/day-2026-08-25.html
2026-08-26,SR,白糖,5183.33,2701,5340.0,-156.0,-3.01,现货价-主力期货价,OK,生意社期现基差表,https://www.100ppi.com/sf/day-2026-08-26.html
2026-08-27,SR,白糖,5183.33,2701,5361.0,-177.0,-3.41,现货价-主力期货价,OK,生意社期现基差表,https://www.100ppi.com/sf/day-2026-08-27.html
2026-07-17,SS,不锈钢,14833.33,2609,14650.0,183.0,1.23,现货价-主力期货价,OK,生意社期现基差表,https://www.100ppi.com/sf/day-2026-07-17.html
2026-07-20,SS,不锈钢,14833.33,2609,14680.0,153.0,1.03,现货价-主力期货价,OK,生意社期现基差表,https://www.100ppi.com/sf/day-2026-07-20.html
2026-07-21,SS,不锈钢,14833.33,2609,14800.0,33.0,0.22,现货价-主力期货价,OK,生意社期现基差表,https://www.100ppi.com/sf/day-2026-07-21.html
2026-07-22,SS,不锈钢,14833.33,2609,14780.0,53.0,0.36,现货价-主力期货价,OK,生意社期现基差表,https://www.100ppi.com/sf/day-2026-07-22.html
2026-07-23,SS,不锈钢,14833.33,2609,14855.0,-21.0,-0.14,现货价-主力期货价,OK,生意社期现基差表,https://www.100ppi.com/sf/day-2026-07-23.html
2026-07-24,SS,不锈钢,14900.0,2609,14770.0,130.0,0.87,现货价-主力期货价,OK,生意社期现基差表,https://www.100ppi.com/sf/day-2026-07-24.html
2026-07-27,SS,不锈钢,14900.0,2609,14690.0,210.0,1.41,现货价-主力期货价,OK,生意社期现基差表,https://www.100ppi.com/sf/day-2026-07-27.html
2026-07-28,SS,不锈钢,14900.0,2609,14515.0,385.0,2.58,现货价-主力期货价,OK,生意社期现基差表,https://www.100ppi.com/sf/day-2026-07-28.html
2026-07-29,SS,不锈钢,14746.67,2609,14545.0,201.0,1.36,现货价-主力期货价,OK,生意社期现基差表,https://www.100ppi.com/sf/day-2026-07-29.html
2026-07-30,SS,不锈钢,14746.67,2609,14560.0,186.0,1.26,现货价-主力期货价,OK,生意社期现基差表,https://www.100ppi.com/sf/day-2026-07-30.html
2026-07-31,SS,不锈钢,14846.67,2609,14635.0,211.0,1.42,现货价-主力期货价,OK,生意社期现基差表,https://www.100ppi.com/sf/day-2026-07-31.html
2026-08-03,SS,不锈钢,14800.0,2609,14470.0,330.0,2.23,现货价-主力期货价,OK,生意社期现基差表,https://www.100ppi.com/sf/day-2026-08-03.html
2026-08-04,SS,不锈钢,14800.0,2609,14820.0,-20.0,-0.14,现货价-主力期货价,OK,生意社期现基差表,https://www.100ppi.com/sf/day-2026-08-04.html
2026-08-05,SS,不锈钢,14773.33,2609,14475.0,298.0,2.02,现货价-主力期货价,OK,生意社期现基差表,https://www.100ppi.com/sf/day-2026-08-05.html
2026-08-06,SS,不锈钢,14773.33,2610,14380.0,393.0,2.66,现货价-主力期货价,OK,生意社期现基差表,https://www.100ppi.com/sf/day-2026-08-06.html
2026-08-07,SS,不锈钢,14700.0,2610,14665.0,35.0,0.24,现货价-主力期货价,OK,生意社期现基差表,https://www.100ppi.com/sf/day-2026-08-07.html
2026-08-10,SS,不锈钢,14746.67,2610,14615.0,131.0,0.89,现货价-主力期货价,OK,生意社期现基差表,https://www.100ppi.com/sf/day-2026-08-10.html
2026-08-11,SS,不锈钢,14746.67,2610,14525.0,221.0,1.5,现货价-主力期货价,OK,生意社期现基差表,https://www.100ppi.com/sf/day-2026-08-11.html
2026-08-12,SS,不锈钢,14733.33,2610,14535.0,198.0,1.34,现货价-主力期货价,OK,生意社期现基差表,https://www.100ppi.com/sf/day-2026-08-12.html
2026-08-13,SS,不锈钢,14733.33,2610,14385.0,348.0,2.36,现货价-主力期货价,OK,生意社期现基差表,https://www.100ppi.com/sf/day-2026-08-13.html
2026-08-14,SS,不锈钢,14633.33,2610,14115.0,518.0,3.54,现货价-主力期货价,OK,生意社期现基差表,https://www.100ppi.com/sf/day-2026-08-14.html
2026-08-17,SS,不锈钢,14600.0,2610,14275.0,325.0,2.23,现货价-主力期货价,OK,生意社期现基差表,https://www.100ppi.com/sf/day-2026-08-17.html
2026-08-18,SS,不锈钢,14600.0,2610,14330.0,270.0,1.85,现货价-主力期货价,OK,生意社期现基差表,https://www.100ppi.com/sf/day-2026-08-18.html
2026-08-19,SS,不锈钢,14483.33,2610,14260.0,223.0,1.54,现货价-主力期货价,OK,生意社期现基差表,https://www.100ppi.com/sf/day-2026-08-19.html
2026-08-20,SS,不锈钢,14483.33,2610,14300.0,183.0,1.26,现货价-主力期货价,OK,生意社期现基差表,https://www.100ppi.com/sf/day-2026-08-20.html
2026-08-21,SS,不锈钢,14483.33,2610,14200.0,283.0,1.95,现货价-主力期货价,OK,生意社期现基差表,https://www.100ppi.com/sf/day-2026-08-21.html
2026-08-24,SS,不锈钢,14483.33,2610,14215.0,268.0,1.85,现货价-主力期货价,OK,生意社期现基差表,https://www.100ppi.com/sf/day-2026-08-24.html
2026-08-25,SS,不锈钢,14483.33,2610,14085.0,398.0,2.75,现货价-主力期货价,OK,生意社期现基差表,https://www.100ppi.com/sf/day-2026-08-25.html
2026-08-26,SS,不锈钢,14500.0,2610,14225.0,275.0,1.9,现货价-主力期货价,OK,生意社期现基差表,https://www.100ppi.com/sf/day-2026-08-26.html
2026-08-27,SS,不锈钢,14500.0,2610,14015.0,485.0,3.34,现货价-主力期货价,OK,生意社期现基差表,https://www.100ppi.com/sf/day-2026-08-27.html
2026-07-17,TA,PTA,5985.91,2609,5690.0,295.0,4.93,现货价-主力期货价,OK,生意社期现基差表,https://www.100ppi.com/sf/day-2026-07-17.html
2026-07-20,TA,PTA,6079.83,2609,5890.0,189.0,3.11,现货价-主力期货价,OK,生意社期现基差表,https://www.100ppi.com/sf/day-2026-07-20.html
2026-07-21,TA,PTA,6036.84,2609,5786.0,250.0,4.14,现货价-主力期货价,OK,生意社期现基差表,https://www.100ppi.com/sf/day-2026-07-21.html
2026-07-22,TA,PTA,6105.33,2609,5890.0,215.0,3.52,现货价-主力期货价,OK,生意社期现基差表,https://www.100ppi.com/sf/day-2026-07-22.html
2026-07-23,TA,PTA,6156.5,2609,5946.0,210.0,3.41,现货价-主力期货价,OK,生意社期现基差表,https://www.100ppi.com/sf/day-2026-07-23.html
2026-07-24,TA,PTA,6170.34,2609,5860.0,310.0,5.02,现货价-主力期货价,OK,生意社期现基差表,https://www.100ppi.com/sf/day-2026-07-24.html
2026-07-27,TA,PTA,5997.16,2609,5624.0,373.0,6.22,现货价-主力期货价,OK,生意社期现基差表,https://www.100ppi.com/sf/day-2026-07-27.html
2026-07-28,TA,PTA,5993.34,2609,5628.0,365.0,6.09,现货价-主力期货价,OK,生意社期现基差表,https://www.100ppi.com/sf/day-2026-07-28.html
2026-07-29,TA,PTA,6017.34,2609,5690.0,327.0,5.43,现货价-主力期货价,OK,生意社期现基差表,https://www.100ppi.com/sf/day-2026-07-29.html
2026-07-30,TA,PTA,6006.41,2609,5844.0,162.0,2.7,现货价-主力期货价,OK,生意社期现基差表,https://www.100ppi.com/sf/day-2026-07-30.html
2026-07-31,TA,PTA,5945.75,2609,5782.0,163.0,2.74,现货价-主力期货价,OK,生意社期现基差表,https://www.100ppi.com/sf/day-2026-07-31.html
2026-08-03,TA,PTA,6027.0,2609,5854.0,173.0,2.87,现货价-主力期货价,OK,生意社期现基差表,https://www.100ppi.com/sf/day-2026-08-03.html
2026-08-04,TA,PTA,6159.83,2609,5900.0,259.0,4.2,现货价-主力期货价,OK,生意社期现基差表,https://www.100ppi.com/sf/day-2026-08-04.html
2026-08-05,TA,PTA,6021.5,2609,5718.0,303.0,5.03,现货价-主力期货价,OK,生意社期现基差表,https://www.100ppi.com/sf/day-2026-08-05.html
2026-08-06,TA,PTA,6010.5,2609,5714.0,296.0,4.92,现货价-主力期货价,OK,生意社期现基差表,https://www.100ppi.com/sf/day-2026-08-06.html
2026-08-07,TA,PTA,6075.86,2609,5800.0,275.0,4.53,现货价-主力期货价,OK,生意社期现基差表,https://www.100ppi.com/sf/day-2026-08-07.html
2026-08-10,TA,PTA,6050.26,2609,5672.0,378.0,6.25,现货价-主力期货价,OK,生意社期现基差表,https://www.100ppi.com/sf/day-2026-08-10.html
2026-08-11,TA,PTA,6062.07,2609,5760.0,302.0,4.98,现货价-主力期货价,OK,生意社期现基差表,https://www.100ppi.com/sf/day-2026-08-11.html
2026-08-12,TA,PTA,6075.26,2609,5764.0,311.0,5.12,现货价-主力期货价,OK,生意社期现基差表,https://www.100ppi.com/sf/day-2026-08-12.html
2026-08-13,TA,PTA,6075.07,2611,5684.0,391.0,6.44,现货价-主力期货价,OK,生意社期现基差表,https://www.100ppi.com/sf/day-2026-08-13.html
2026-08-14,TA,PTA,6084.66,2611,5776.0,308.0,5.06,现货价-主力期货价,OK,生意社期现基差表,https://www.100ppi.com/sf/day-2026-08-14.html
2026-08-17,TA,PTA,6292.86,2611,5884.0,408.0,6.48,现货价-主力期货价,OK,生意社期现基差表,https://www.100ppi.com/sf/day-2026-08-17.html
2026-08-18,TA,PTA,6350.07,2701,5838.0,512.0,8.06,现货价-主力期货价,OK,生意社期现基差表,https://www.100ppi.com/sf/day-2026-08-18.html
2026-08-19,TA,PTA,6310.4,2701,5754.0,556.0,8.81,现货价-主力期货价,OK,生意社期现基差表,https://www.100ppi.com/sf/day-2026-08-19.html
2026-08-20,TA,PTA,6318.86,2701,5740.0,578.0,9.15,现货价-主力期货价,OK,生意社期现基差表,https://www.100ppi.com/sf/day-2026-08-20.html
2026-08-21,TA,PTA,6495.0,2701,5732.0,763.0,11.75,现货价-主力期货价,OK,生意社期现基差表,https://www.100ppi.com/sf/day-2026-08-21.html
2026-08-24,TA,PTA,6450.0,2701,5674.0,776.0,12.03,现货价-主力期货价,OK,生意社期现基差表,https://www.100ppi.com/sf/day-2026-08-24.html
2026-08-25,TA,PTA,6453.0,2701,5732.0,721.0,11.17,现货价-主力期货价,OK,生意社期现基差表,https://www.100ppi.com/sf/day-2026-08-25.html
2026-08-26,TA,PTA,6253.75,2701,5492.0,761.0,12.17,现货价-主力期货价,OK,生意社期现基差表,https://www.100ppi.com/sf/day-2026-08-26.html
2026-08-27,TA,PTA,6176.75,2701,5522.0,654.0,10.59,现货价-主力期货价,OK,生意社期现基差表,https://www.100ppi.com/sf/day-2026-08-27.html
2026-07-17,UR,尿素,1770.0,2609,1687.0,83.0,4.69,现货价-主力期货价,OK,生意社期现基差表,https://www.100ppi.com/sf/day-2026-07-17.html
2026-07-20,UR,尿素,1770.0,2609,1720.0,50.0,2.82,现货价-主力期货价,OK,生意社期现基差表,https://www.100ppi.com/sf/day-2026-07-20.html
2026-07-21,UR,尿素,1765.0,2609,1725.0,40.0,2.27,现货价-主力期货价,OK,生意社期现基差表,https://www.100ppi.com/sf/day-2026-07-21.html
2026-07-22,UR,尿素,1762.5,2609,1741.0,21.0,1.19,现货价-主力期货价,OK,生意社期现基差表,https://www.100ppi.com/sf/day-2026-07-22.html
2026-07-23,UR,尿素,1757.5,2609,1759.0,-1.5,-0.09,现货价-主力期货价,OK,生意社期现基差表,https://www.100ppi.com/sf/day-2026-07-23.html
2026-07-24,UR,尿素,1767.5,2609,1758.0,9.0,0.51,现货价-主力期货价,OK,生意社期现基差表,https://www.100ppi.com/sf/day-2026-07-24.html
2026-07-27,UR,尿素,1767.5,2609,1756.0,11.0,0.62,现货价-主力期货价,OK,生意社期现基差表,https://www.100ppi.com/sf/day-2026-07-27.html
2026-07-28,UR,尿素,1767.5,2609,1740.0,27.0,1.53,现货价-主力期货价,OK,生意社期现基差表,https://www.100ppi.com/sf/day-2026-07-28.html
2026-07-29,UR,尿素,1757.5,2609,1742.0,15.0,0.85,现货价-主力期货价,OK,生意社期现基差表,https://www.100ppi.com/sf/day-2026-07-29.html
2026-07-30,UR,尿素,1757.5,2609,1736.0,21.0,1.19,现货价-主力期货价,OK,生意社期现基差表,https://www.100ppi.com/sf/day-2026-07-30.html
2026-07-31,UR,尿素,1757.5,2609,1734.0,23.0,1.31,现货价-主力期货价,OK,生意社期现基差表,https://www.100ppi.com/sf/day-2026-07-31.html
2026-08-03,UR,尿素,1762.5,2609,1666.0,96.0,5.45,现货价-主力期货价,OK,生意社期现基差表,https://www.100ppi.com/sf/day-2026-08-03.html
2026-08-04,UR,尿素,1740.0,2609,1663.0,77.0,4.43,现货价-主力期货价,OK,生意社期现基差表,https://www.100ppi.com/sf/day-2026-08-04.html
2026-08-05,UR,尿素,1737.5,2609,1728.0,9.0,0.52,现货价-主力期货价,OK,生意社期现基差表,https://www.100ppi.com/sf/day-2026-08-05.html
2026-08-06,UR,尿素,1746.25,2609,1716.0,30.0,1.72,现货价-主力期货价,OK,生意社期现基差表,https://www.100ppi.com/sf/day-2026-08-06.html
2026-08-07,UR,尿素,1751.25,2609,1727.0,24.0,1.37,现货价-主力期货价,OK,生意社期现基差表,https://www.100ppi.com/sf/day-2026-08-07.html
2026-08-10,UR,尿素,1735.0,2609,1721.0,14.0,0.81,现货价-主力期货价,OK,生意社期现基差表,https://www.100ppi.com/sf/day-2026-08-10.html
2026-08-11,UR,尿素,1735.0,2609,1700.0,35.0,2.02,现货价-主力期货价,OK,生意社期现基差表,https://www.100ppi.com/sf/day-2026-08-11.html
2026-08-12,UR,尿素,1717.5,2609,1683.0,34.0,1.98,现货价-主力期货价,OK,生意社期现基差表,https://www.100ppi.com/sf/day-2026-08-12.html
2026-08-13,UR,尿素,1712.5,2609,1678.0,34.0,1.99,现货价-主力期货价,OK,生意社期现基差表,https://www.100ppi.com/sf/day-2026-08-13.html
2026-08-14,UR,尿素,1705.0,2701,1730.0,-25.0,-1.47,现货价-主力期货价,OK,生意社期现基差表,https://www.100ppi.com/sf/day-2026-08-14.html
2026-08-17,UR,尿素,1702.5,2701,1730.0,-27.0,-1.59,现货价-主力期货价,OK,生意社期现基差表,https://www.100ppi.com/sf/day-2026-08-17.html
2026-08-18,UR,尿素,1705.0,2701,1734.0,-29.0,-1.7,现货价-主力期货价,OK,生意社期现基差表,https://www.100ppi.com/sf/day-2026-08-18.html
2026-08-19,UR,尿素,1702.5,2701,1742.0,-39.0,-2.29,现货价-主力期货价,OK,生意社期现基差表,https://www.100ppi.com/sf/day-2026-08-19.html
2026-08-20,UR,尿素,1720.0,2701,1759.0,-39.0,-2.27,现货价-主力期货价,OK,生意社期现基差表,https://www.100ppi.com/sf/day-2026-08-20.html
2026-08-21,UR,尿素,1720.0,2701,1770.0,-50.0,-2.91,现货价-主力期货价,OK,生意社期现基差表,https://www.100ppi.com/sf/day-2026-08-21.html
2026-08-24,UR,尿素,1720.0,2701,1777.0,-57.0,-3.31,现货价-主力期货价,OK,生意社期现基差表,https://www.100ppi.com/sf/day-2026-08-24.html
2026-08-25,UR,尿素,1717.5,2701,1765.0,-47.0,-2.74,现货价-主力期货价,OK,生意社期现基差表,https://www.100ppi.com/sf/day-2026-08-25.html
2026-08-26,UR,尿素,1715.0,2701,1758.0,-43.0,-2.51,现货价-主力期货价,OK,生意社期现基差表,https://www.100ppi.com/sf/day-2026-08-26.html
2026-08-27,UR,尿素,1715.0,2701,1746.0,-31.0,-1.81,现货价-主力期货价,OK,生意社期现基差表,https://www.100ppi.com/sf/day-2026-08-27.html
2026-07-17,V,聚氯乙烯,4388.0,2609,4440.0,-52.0,-1.19,现货价-主力期货价,OK,生意社期现基差表,https://www.100ppi.com/sf/day-2026-07-17.html
2026-07-20,V,聚氯乙烯,4585.0,2609,4713.0,-128.0,-2.79,现货价-主力期货价,OK,生意社期现基差表,https://www.100ppi.com/sf/day-2026-07-20.html
2026-07-21,V,聚氯乙烯,4484.0,2609,4587.0,-103.0,-2.3,现货价-主力期货价,OK,生意社期现基差表,https://www.100ppi.com/sf/day-2026-07-21.html
2026-07-22,V,聚氯乙烯,4449.0,2609,4565.0,-116.0,-2.61,现货价-主力期货价,OK,生意社期现基差表,https://www.100ppi.com/sf/day-2026-07-22.html
2026-07-23,V,聚氯乙烯,4483.0,2609,4618.0,-135.0,-3.01,现货价-主力期货价,OK,生意社期现基差表,https://www.100ppi.com/sf/day-2026-07-23.html
2026-07-24,V,聚氯乙烯,4520.0,2609,4656.0,-136.0,-3.01,现货价-主力期货价,OK,生意社期现基差表,https://www.100ppi.com/sf/day-2026-07-24.html
2026-07-27,V,聚氯乙烯,4430.0,2609,4536.0,-106.0,-2.39,现货价-主力期货价,OK,生意社期现基差表,https://www.100ppi.com/sf/day-2026-07-27.html
2026-07-28,V,聚氯乙烯,4428.0,2609,4503.0,-75.0,-1.69,现货价-主力期货价,OK,生意社期现基差表,https://www.100ppi.com/sf/day-2026-07-28.html
2026-07-29,V,聚氯乙烯,4445.0,2609,4523.0,-78.0,-1.75,现货价-主力期货价,OK,生意社期现基差表,https://www.100ppi.com/sf/day-2026-07-29.html
2026-07-30,V,聚氯乙烯,4375.0,2609,4467.0,-92.0,-2.1,现货价-主力期货价,OK,生意社期现基差表,https://www.100ppi.com/sf/day-2026-07-30.html
2026-07-31,V,聚氯乙烯,4382.0,2609,4480.0,-98.0,-2.24,现货价-主力期货价,OK,生意社期现基差表,https://www.100ppi.com/sf/day-2026-07-31.html
2026-08-03,V,聚氯乙烯,4392.0,2609,4451.0,-59.0,-1.34,现货价-主力期货价,OK,生意社期现基差表,https://www.100ppi.com/sf/day-2026-08-03.html
2026-08-04,V,聚氯乙烯,4395.0,2609,4471.0,-76.0,-1.73,现货价-主力期货价,OK,生意社期现基差表,https://www.100ppi.com/sf/day-2026-08-04.html
2026-08-05,V,聚氯乙烯,4385.0,2609,4461.0,-76.0,-1.73,现货价-主力期货价,OK,生意社期现基差表,https://www.100ppi.com/sf/day-2026-08-05.html
2026-08-06,V,聚氯乙烯,4425.0,2609,4529.0,-104.0,-2.35,现货价-主力期货价,OK,生意社期现基差表,https://www.100ppi.com/sf/day-2026-08-06.html
2026-08-07,V,聚氯乙烯,4445.0,2609,4507.0,-62.0,-1.39,现货价-主力期货价,OK,生意社期现基差表,https://www.100ppi.com/sf/day-2026-08-07.html
2026-08-10,V,聚氯乙烯,4430.0,2609,4498.0,-68.0,-1.53,现货价-主力期货价,OK,生意社期现基差表,https://www.100ppi.com/sf/day-2026-08-10.html
2026-08-11,V,聚氯乙烯,4442.0,2609,4556.0,-114.0,-2.57,现货价-主力期货价,OK,生意社期现基差表,https://www.100ppi.com/sf/day-2026-08-11.html
2026-08-12,V,聚氯乙烯,4441.0,2609,4528.0,-87.0,-1.96,现货价-主力期货价,OK,生意社期现基差表,https://www.100ppi.com/sf/day-2026-08-12.html
2026-08-13,V,聚氯乙烯,4420.0,2609,4511.0,-91.0,-2.06,现货价-主力期货价,OK,生意社期现基差表,https://www.100ppi.com/sf/day-2026-08-13.html
2026-08-14,V,聚氯乙烯,4421.0,2609,4496.0,-75.0,-1.7,现货价-主力期货价,OK,生意社期现基差表,https://www.100ppi.com/sf/day-2026-08-14.html
2026-08-17,V,聚氯乙烯,4475.0,2701,4730.0,-255.0,-5.7,现货价-主力期货价,OK,生意社期现基差表,https://www.100ppi.com/sf/day-2026-08-17.html
2026-08-18,V,聚氯乙烯,4515.0,2701,4744.0,-229.0,-5.07,现货价-主力期货价,OK,生意社期现基差表,https://www.100ppi.com/sf/day-2026-08-18.html
2026-08-19,V,聚氯乙烯,4509.0,2701,4746.0,-237.0,-5.26,现货价-主力期货价,OK,生意社期现基差表,https://www.100ppi.com/sf/day-2026-08-19.html
2026-08-20,V,聚氯乙烯,4482.0,2701,4710.0,-228.0,-5.09,现货价-主力期货价,OK,生意社期现基差表,https://www.100ppi.com/sf/day-2026-08-20.html
2026-08-21,V,聚氯乙烯,4447.0,2701,4679.0,-232.0,-5.22,现货价-主力期货价,OK,生意社期现基差表,https://www.100ppi.com/sf/day-2026-08-21.html
2026-08-24,V,聚氯乙烯,4453.0,2701,4644.0,-191.0,-4.29,现货价-主力期货价,OK,生意社期现基差表,https://www.100ppi.com/sf/day-2026-08-24.html
2026-08-25,V,聚氯乙烯,4375.0,2701,4539.0,-164.0,-3.75,现货价-主力期货价,OK,生意社期现基差表,https://www.100ppi.com/sf/day-2026-08-25.html
2026-08-26,V,聚氯乙烯,4375.0,2701,4466.0,-91.0,-2.08,现货价-主力期货价,OK,生意社期现基差表,https://www.100ppi.com/sf/day-2026-08-26.html
2026-08-27,V,聚氯乙烯,4378.0,2701,4473.0,-95.0,-2.17,现货价-主力期货价,OK,生意社期现基差表,https://www.100ppi.com/sf/day-2026-08-27.html
2026-07-17,Y,豆油,8624.0,2609,8535.0,89.0,1.03,现货价-主力期货价,OK,生意社期现基差表,https://www.100ppi.com/sf/day-2026-07-17.html
2026-07-20,Y,豆油,8684.0,2609,8599.0,85.0,0.98,现货价-主力期货价,OK,生意社期现基差表,https://www.100ppi.com/sf/day-2026-07-20.html
2026-07-21,Y,豆油,8626.0,2609,8542.0,84.0,0.97,现货价-主力期货价,OK,生意社期现基差表,https://www.100ppi.com/sf/day-2026-07-21.html
2026-07-22,Y,豆油,8514.0,2609,8442.0,72.0,0.85,现货价-主力期货价,OK,生意社期现基差表,https://www.100ppi.com/sf/day-2026-07-22.html
2026-07-23,Y,豆油,8596.0,2609,8545.0,51.0,0.59,现货价-主力期货价,OK,生意社期现基差表,https://www.100ppi.com/sf/day-2026-07-23.html
2026-07-24,Y,豆油,8662.0,2609,8620.0,42.0,0.48,现货价-主力期货价,OK,生意社期现基差表,https://www.100ppi.com/sf/day-2026-07-24.html
2026-07-27,Y,豆油,8578.0,2609,8471.0,107.0,1.25,现货价-主力期货价,OK,生意社期现基差表,https://www.100ppi.com/sf/day-2026-07-27.html
2026-07-28,Y,豆油,8478.0,2609,8419.0,59.0,0.7,现货价-主力期货价,OK,生意社期现基差表,https://www.100ppi.com/sf/day-2026-07-28.html
2026-07-29,Y,豆油,8498.0,2609,8412.0,86.0,1.01,现货价-主力期货价,OK,生意社期现基差表,https://www.100ppi.com/sf/day-2026-07-29.html
2026-07-30,Y,豆油,8478.0,2701,8436.0,42.0,0.5,现货价-主力期货价,OK,生意社期现基差表,https://www.100ppi.com/sf/day-2026-07-30.html
2026-07-31,Y,豆油,8458.0,2701,8406.0,52.0,0.61,现货价-主力期货价,OK,生意社期现基差表,https://www.100ppi.com/sf/day-2026-07-31.html
2026-08-03,Y,豆油,8468.0,2701,8388.0,80.0,0.94,现货价-主力期货价,OK,生意社期现基差表,https://www.100ppi.com/sf/day-2026-08-03.html
2026-08-04,Y,豆油,8530.0,2701,8440.0,90.0,1.06,现货价-主力期货价,OK,生意社期现基差表,https://www.100ppi.com/sf/day-2026-08-04.html
2026-08-05,Y,豆油,8438.0,2701,8424.0,14.0,0.17,现货价-主力期货价,OK,生意社期现基差表,https://www.100ppi.com/sf/day-2026-08-05.html
2026-08-06,Y,豆油,8522.0,2701,8441.0,81.0,0.95,现货价-主力期货价,OK,生意社期现基差表,https://www.100ppi.com/sf/day-2026-08-06.html
2026-08-07,Y,豆油,8536.0,2701,8443.0,93.0,1.09,现货价-主力期货价,OK,生意社期现基差表,https://www.100ppi.com/sf/day-2026-08-07.html
2026-08-10,Y,豆油,8516.0,2701,8445.0,71.0,0.83,现货价-主力期货价,OK,生意社期现基差表,https://www.100ppi.com/sf/day-2026-08-10.html
2026-08-11,Y,豆油,8534.0,2701,8468.0,66.0,0.77,现货价-主力期货价,OK,生意社期现基差表,https://www.100ppi.com/sf/day-2026-08-11.html
2026-08-12,Y,豆油,8540.0,2701,8442.0,98.0,1.15,现货价-主力期货价,OK,生意社期现基差表,https://www.100ppi.com/sf/day-2026-08-12.html
2026-08-13,Y,豆油,8550.0,2701,8485.0,65.0,0.76,现货价-主力期货价,OK,生意社期现基差表,https://www.100ppi.com/sf/day-2026-08-13.html
2026-08-14,Y,豆油,8632.0,2701,8541.0,91.0,1.05,现货价-主力期货价,OK,生意社期现基差表,https://www.100ppi.com/sf/day-2026-08-14.html
2026-08-17,Y,豆油,8612.0,2701,8561.0,51.0,0.59,现货价-主力期货价,OK,生意社期现基差表,https://www.100ppi.com/sf/day-2026-08-17.html
2026-08-18,Y,豆油,8768.0,2701,8694.0,74.0,0.84,现货价-主力期货价,OK,生意社期现基差表,https://www.100ppi.com/sf/day-2026-08-18.html
2026-08-19,Y,豆油,8776.0,2701,8747.0,29.0,0.33,现货价-主力期货价,OK,生意社期现基差表,https://www.100ppi.com/sf/day-2026-08-19.html
2026-08-20,Y,豆油,8936.0,2701,8847.0,89.0,1.0,现货价-主力期货价,OK,生意社期现基差表,https://www.100ppi.com/sf/day-2026-08-20.html
2026-08-21,Y,豆油,8914.0,2701,8824.0,90.0,1.01,现货价-主力期货价,OK,生意社期现基差表,https://www.100ppi.com/sf/day-2026-08-21.html
2026-08-24,Y,豆油,8866.0,2701,8805.0,61.0,0.69,现货价-主力期货价,OK,生意社期现基差表,https://www.100ppi.com/sf/day-2026-08-24.html
2026-08-25,Y,豆油,8832.0,2701,8764.0,68.0,0.77,现货价-主力期货价,OK,生意社期现基差表,https://www.100ppi.com/sf/day-2026-08-25.html
2026-08-26,Y,豆油,8852.0,2701,8765.0,87.0,0.98,现货价-主力期货价,OK,生意社期现基差表,https://www.100ppi.com/sf/day-2026-08-26.html
2026-08-27,Y,豆油,8908.0,2701,8828.0,80.0,0.9,现货价-主力期货价,OK,生意社期现基差表,https://www.100ppi.com/sf/day-2026-08-27.html
2026-07-17,ZN,锌,24517.0,2609,24465.0,52.0,0.21,现货价-主力期货价,OK,生意社期现基差表,https://www.100ppi.com/sf/day-2026-07-17.html
2026-07-20,ZN,锌,24390.0,2609,24365.0,25.0,0.1,现货价-主力期货价,OK,生意社期现基差表,https://www.100ppi.com/sf/day-2026-07-20.html
2026-07-21,ZN,锌,24291.0,2609,24515.0,-224.0,-0.92,现货价-主力期货价,OK,生意社期现基差表,https://www.100ppi.com/sf/day-2026-07-21.html
2026-07-22,ZN,锌,24487.0,2609,24565.0,-78.0,-0.32,现货价-主力期货价,OK,生意社期现基差表,https://www.100ppi.com/sf/day-2026-07-22.html
2026-07-23,ZN,锌,24774.0,2609,24910.0,-136.0,-0.55,现货价-主力期货价,OK,生意社期现基差表,https://www.100ppi.com/sf/day-2026-07-23.html
2026-07-24,ZN,锌,24657.0,2609,24785.0,-128.0,-0.52,现货价-主力期货价,OK,生意社期现基差表,https://www.100ppi.com/sf/day-2026-07-24.html
2026-07-27,ZN,锌,24763.0,2609,24885.0,-122.0,-0.49,现货价-主力期货价,OK,生意社期现基差表,https://www.100ppi.com/sf/day-2026-07-27.html
2026-07-28,ZN,锌,24697.0,2609,24780.0,-83.0,-0.34,现货价-主力期货价,OK,生意社期现基差表,https://www.100ppi.com/sf/day-2026-07-28.html
2026-07-29,ZN,锌,24650.0,2609,24765.0,-115.0,-0.47,现货价-主力期货价,OK,生意社期现基差表,https://www.100ppi.com/sf/day-2026-07-29.html
2026-07-30,ZN,锌,24723.0,2609,24700.0,23.0,0.09,现货价-主力期货价,OK,生意社期现基差表,https://www.100ppi.com/sf/day-2026-07-30.html
2026-07-31,ZN,锌,24841.0,2609,24890.0,-49.0,-0.2,现货价-主力期货价,OK,生意社期现基差表,https://www.100ppi.com/sf/day-2026-07-31.html
2026-08-03,ZN,锌,25067.0,2609,25380.0,-313.0,-1.25,现货价-主力期货价,OK,生意社期现基差表,https://www.100ppi.com/sf/day-2026-08-03.html
2026-08-04,ZN,锌,24898.0,2609,25075.0,-177.0,-0.71,现货价-主力期货价,OK,生意社期现基差表,https://www.100ppi.com/sf/day-2026-08-04.html
2026-08-05,ZN,锌,25156.0,2609,25425.0,-269.0,-1.07,现货价-主力期货价,OK,生意社期现基差表,https://www.100ppi.com/sf/day-2026-08-05.html
2026-08-06,ZN,锌,25626.0,2609,25585.0,41.0,0.16,现货价-主力期货价,OK,生意社期现基差表,https://www.100ppi.com/sf/day-2026-08-06.html
2026-08-07,ZN,锌,25920.0,2609,25945.0,-25.0,-0.1,现货价-主力期货价,OK,生意社期现基差表,https://www.100ppi.com/sf/day-2026-08-07.html
2026-08-10,ZN,锌,25493.0,2609,25615.0,-122.0,-0.48,现货价-主力期货价,OK,生意社期现基差表,https://www.100ppi.com/sf/day-2026-08-10.html
2026-08-11,ZN,锌,25498.0,2609,25665.0,-167.0,-0.65,现货价-主力期货价,OK,生意社期现基差表,https://www.100ppi.com/sf/day-2026-08-11.html
2026-08-12,ZN,锌,25632.0,2610,25870.0,-238.0,-0.93,现货价-主力期货价,OK,生意社期现基差表,https://www.100ppi.com/sf/day-2026-08-12.html
2026-08-13,ZN,锌,25546.0,2610,25590.0,-44.0,-0.17,现货价-主力期货价,OK,生意社期现基差表,https://www.100ppi.com/sf/day-2026-08-13.html
2026-08-14,ZN,锌,25538.0,2610,25695.0,-157.0,-0.61,现货价-主力期货价,OK,生意社期现基差表,https://www.100ppi.com/sf/day-2026-08-14.html
2026-08-17,ZN,锌,25818.0,2610,25865.0,-47.0,-0.18,现货价-主力期货价,OK,生意社期现基差表,https://www.100ppi.com/sf/day-2026-08-17.html
2026-08-18,ZN,锌,25526.0,2610,25705.0,-179.0,-0.7,现货价-主力期货价,OK,生意社期现基差表,https://www.100ppi.com/sf/day-2026-08-18.html
2026-08-19,ZN,锌,25189.0,2610,25325.0,-136.0,-0.54,现货价-主力期货价,OK,生意社期现基差表,https://www.100ppi.com/sf/day-2026-08-19.html
2026-08-20,ZN,锌,25285.0,2610,25350.0,-65.0,-0.26,现货价-主力期货价,OK,生意社期现基差表,https://www.100ppi.com/sf/day-2026-08-20.html
2026-08-21,ZN,锌,25651.0,2610,25710.0,-59.0,-0.23,现货价-主力期货价,OK,生意社期现基差表,https://www.100ppi.com/sf/day-2026-08-21.html
2026-08-24,ZN,锌,25840.0,2610,25905.0,-65.0,-0.25,现货价-主力期货价,OK,生意社期现基差表,https://www.100ppi.com/sf/day-2026-08-24.html
2026-08-25,ZN,锌,25914.0,2610,26070.0,-156.0,-0.6,现货价-主力期货价,OK,生意社期现基差表,https://www.100ppi.com/sf/day-2026-08-25.html
2026-08-26,ZN,锌,26213.0,2610,26240.0,-27.0,-0.1,现货价-主力期货价,OK,生意社期现基差表,https://www.100ppi.com/sf/day-2026-08-26.html
2026-08-27,ZN,锌,26543.0,2610,26140.0,403.0,1.52,现货价-主力期货价,OK,生意社期现基差表,https://www.100ppi.com/sf/day-2026-08-27.html
